-- phpMyAdmin SQL Dump
-- version 5.2.1
-- https://www.phpmyadmin.net/
--
-- Host: 127.0.0.1
-- Generation Time: Jun 07, 2023 at 02:30 PM
-- Server version: 10.4.28-MariaDB
-- PHP Version: 8.2.4

SET SQL_MODE = "NO_AUTO_VALUE_ON_ZERO";
START TRANSACTION;
SET time_zone = "+00:00";


/*!40101 SET @OLD_CHARACTER_SET_CLIENT=@@CHARACTER_SET_CLIENT */;
/*!40101 SET @OLD_CHARACTER_SET_RESULTS=@@CHARACTER_SET_RESULTS */;
/*!40101 SET @OLD_COLLATION_CONNECTION=@@COLLATION_CONNECTION */;
/*!40101 SET NAMES utf8mb4 */;

--
-- Database: `eauction`
--

-- --------------------------------------------------------

--
-- Table structure for table `auction_dtl`
--

DROP TABLE IF EXISTS `auction_dtl`;
CREATE TABLE `auction_dtl` (
  `acd_id` int(5) NOT NULL,
  `auc_id` int(5) NOT NULL DEFAULT 0,
  `lot_no` int(5) NOT NULL DEFAULT 0,
  `garden_nm` varchar(50) DEFAULT NULL,
  `grade` varchar(25) DEFAULT NULL,
  `invoice_no` varchar(12) DEFAULT NULL,
  `gp_date` date DEFAULT NULL,
  `chest` varchar(12) DEFAULT NULL,
  `net` decimal(2,0) DEFAULT NULL,
  `pkgs` int(5) NOT NULL DEFAULT 0,
  `valu_kg` int(5) NOT NULL DEFAULT 0,
  `base_price` decimal(12,2) DEFAULT 0.00,
  `bid_price` decimal(12,2) DEFAULT 0.00,
  `bidder_id` decimal(12,2) DEFAULT 0.00,
  `auc_status` varchar(1) DEFAULT 'P'
) ENGINE=InnoDB DEFAULT CHARSET=utf8mb4 COLLATE=utf8mb4_general_ci;

--
-- Dumping data for table `auction_dtl`
--

INSERT INTO `auction_dtl` (`acd_id`, `auc_id`, `lot_no`, `garden_nm`, `grade`, `invoice_no`, `gp_date`, `chest`, `net`, `pkgs`, `valu_kg`, `base_price`, `bid_price`, `bidder_id`, `auc_status`) VALUES
(1, 1, 1, 'AMGOORIE', 'BOP', 'C158', '2023-05-06', '6366-6395', 25, 30, 350, 340.00, 0.00, 0.00, 'P'),
(2, 1, 2, 'AMGOORIE', 'BOP', 'C128', '2023-04-24', '4926-4955', 25, 30, 350, 311.00, 0.00, 0.00, 'P'),
(3, 1, 3, 'AMGOORIE', 'BOP', 'C112', '2023-04-19', '4236-4265', 25, 30, 350, 301.00, 0.00, 0.00, 'P'),
(4, 1, 4, 'AMGOORIE', 'BOPSM', 'C158', '2023-05-06', '6396-6425', 26, 30, 380, 350.00, 0.00, 0.00, 'P'),
(5, 1, 5, 'AMGOORIE', 'BOPSM', 'C156', '2023-05-06', '6306-6335', 26, 30, 380, 340.00, 0.00, 0.00, 'P'),
(6, 1, 6, 'AMGOORIE', 'BOPSM', 'C154', '2023-05-03', '6216-6245', 26, 30, 380, 350.00, 0.00, 0.00, 'P'),
(7, 1, 7, 'AMGOORIE', 'BOPSM', 'C153', '2023-05-03', '6156-6185', 26, 30, 380, 350.00, 0.00, 0.00, 'P'),
(8, 1, 8, 'AMGOORIE', 'BOPSM', 'C148', '2023-04-29', '5856-5885', 26, 30, 380, 331.00, 0.00, 0.00, 'P'),
(9, 1, 9, 'AMGOORIE', 'BOPSM', 'C143', '2023-04-28', '5646-5675', 26, 30, 380, 331.00, 0.00, 0.00, 'P'),
(10, 1, 10, 'AMGOORIE', 'BOPSM', 'C127', '2023-04-24', '4866-4895', 26, 30, 360, 321.00, 0.00, 0.00, 'P'),
(11, 1, 11, 'AMGOORIE', 'BOPSM', 'C110', '2023-04-19', '4116-4145', 26, 0, 350, 0.00, 0.00, 0.00, 'P'),
(12, 1, 12, 'AMGOORIE', 'BP', 'C158', '2023-05-06', '6426-6455', 28, 30, 380, 345.00, 0.00, 0.00, 'P'),
(13, 1, 13, 'AMGOORIE', 'BP', 'C156', '2023-05-06', '6276-6305', 28, 30, 380, 345.00, 0.00, 0.00, 'P'),
(14, 1, 14, 'AMGOORIE', 'BP', 'C154', '2023-05-03', '6186-6215', 28, 30, 380, 335.00, 0.00, 0.00, 'P'),
(15, 1, 15, 'AMGOORIE', 'BP', 'C153', '2023-05-03', '6126-6155', 28, 30, 370, 340.00, 0.00, 0.00, 'P'),
(16, 1, 16, 'AMGOORIE', 'BP', 'C150', '2023-04-29', '6006-6035', 28, 30, 380, 331.00, 0.00, 0.00, 'P'),
(17, 1, 17, 'AMGOORIE', 'BP', 'C148', '2023-04-29', '5826-5855', 28, 30, 390, 335.00, 0.00, 0.00, 'P'),
(18, 1, 18, 'AMGOORIE', 'BP', 'C144', '2023-04-28', '5676-5705', 28, 30, 390, 331.00, 0.00, 0.00, 'P'),
(19, 1, 19, 'AMGOORIE', 'BP', 'C128', '2023-04-24', '4896-4925', 28, 30, 370, 331.00, 0.00, 0.00, 'P'),
(20, 1, 20, 'AMGOORIE', 'BP', 'C122', '2023-04-24', '4626-4655', 28, 0, 360, 0.00, 0.00, 0.00, 'P'),
(21, 1, 21, 'AMGOORIE', 'BP', 'C112', '2023-04-19', '4176-4205', 28, 0, 360, 0.00, 0.00, 0.00, 'P'),
(22, 1, 22, 'AMGOORIE', 'BP', 'C110', '2023-04-19', '4086-4115', 28, 0, 350, 0.00, 0.00, 0.00, 'P'),
(23, 1, 23, 'AMGOORIE', 'PF', 'C159', '2023-05-06', '6456-6485', 29, 30, 350, 326.00, 0.00, 0.00, 'P'),
(24, 1, 24, 'AMGOORIE', 'PF', 'C155', '2023-05-03', '6246-6275', 29, 30, 360, 331.00, 0.00, 0.00, 'P'),
(25, 1, 25, 'AMGOORIE', 'PF', 'C152', '2023-05-03', '6096-6125', 29, 30, 360, 326.00, 0.00, 0.00, 'P'),
(26, 1, 26, 'AMGOORIE', 'PF', 'C147', '2023-04-29', '5796-5825', 29, 0, 360, 0.00, 0.00, 0.00, 'P'),
(27, 1, 27, 'AMGOORIE', 'PF', 'C142', '2023-04-28', '5586-5615', 29, 30, 360, 326.00, 0.00, 0.00, 'P'),
(28, 1, 28, 'AMGOORIE', 'PF', 'C126', '2023-04-24', '4806-4835', 29, 0, 350, 0.00, 0.00, 0.00, 'P'),
(29, 1, 29, 'AMGOORIE', 'PF', 'C124', '2023-04-24', '4716-4745', 29, 0, 350, 0.00, 0.00, 0.00, 'P'),
(30, 1, 30, 'AMGOORIE', 'PF', 'C116', '2023-04-19', '4356-4385', 29, 0, 350, 0.00, 0.00, 0.00, 'P'),
(31, 1, 31, 'AMGOORIE', 'PF', 'C99', '2023-04-13', '3606-3635', 29, 0, 310, 0.00, 0.00, 0.00, 'P'),
(32, 1, 32, 'BORSAPORI', 'BOP1', 'C236', '2023-05-04', '4281-4290', 31, 10, 270, 260.00, 0.00, 0.00, 'P'),
(33, 1, 33, 'BORSAPORI', 'BP1', 'C240', '2023-05-04', '4371-4380', 33, 10, 270, 297.00, 0.00, 0.00, 'P'),
(34, 1, 34, 'BORSAPORI', 'BPS', 'C231', '2023-05-04', '4136-4145', 27, 10, 290, 250.00, 0.00, 0.00, 'P'),
(35, 1, 35, 'BORSAPORI', 'BPS', 'C223', '2023-05-04', '3931-3940', 27, 10, 290, 297.00, 0.00, 0.00, 'P'),
(36, 1, 36, 'LANGHARJAN', 'BOPL', 'C106', '2023-04-10', '1673-1679', 22, 7, 240, 268.00, 0.00, 0.00, 'P'),
(37, 1, 37, 'LANGHARJAN', 'BPS', 'C151', '2023-05-04', '2313-2322', 24, 10, 280, 275.00, 0.00, 0.00, 'P'),
(38, 1, 38, 'LANGHARJAN', 'BPS', 'C76', '2023-04-10', '1092-1106', 24, 15, 250, 230.00, 0.00, 0.00, 'P'),
(39, 1, 39, 'LANGHARJAN', 'PF', 'C152', '2023-05-04', '2323-2342', 29, 20, 320, 275.00, 0.00, 0.00, 'P'),
(40, 1, 40, 'LANGHARJAN', 'PF', 'C86', '2023-04-10', '1283-1302', 29, 0, 270, 0.00, 0.00, 0.00, 'P'),
(41, 1, 41, 'LANGHARJAN', 'PF', 'C82', '2023-04-10', '1212-1222', 30, 11, 280, 240.00, 0.00, 0.00, 'P'),
(42, 1, 42, 'LUKWAH', 'BP', 'C24', '2023-03-28', '369-388', 38, 0, 0, 0.00, 0.00, 0.00, 'P'),
(43, 1, 43, 'DUFLATING', 'BP', 'C59', '2023-05-05', '636-655', 35, 20, 410, 365.00, 0.00, 0.00, 'P'),
(44, 1, 44, 'DUFLATING', 'BPS', 'C21', '2023-04-08', '173-178', 28, 6, 300, 250.00, 0.00, 0.00, 'P'),
(45, 1, 45, 'DUFLATING', 'PF', 'C56', '2023-05-05', '596-609', 37, 14, 400, 410.00, 0.00, 0.00, 'P'),
(46, 1, 46, 'GATOONGA', 'BP', 'C10699', '2023-05-02', '4969-4983', 32, 15, 470, 450.00, 0.00, 0.00, 'P'),
(47, 1, 47, 'GATOONGA', 'BP', 'C10357', '2023-04-11', '2433-2447', 33, 15, 430, 380.00, 0.00, 0.00, 'P'),
(48, 1, 48, 'GATOONGA', 'BPS', 'C10700', '2023-05-02', '4984-4993', 27, 10, 410, 369.00, 0.00, 0.00, 'P'),
(49, 1, 49, 'GATOONGA', 'PF', 'C10681', '2023-05-02', '4873-4887', 35, 15, 450, 450.00, 0.00, 0.00, 'P'),
(50, 1, 50, 'SALKATHONI', 'BOP', 'C20363', '2023-05-05', '5586-5595', 29, 10, 390, 375.00, 0.00, 0.00, 'P'),
(51, 1, 51, 'SALKATHONI', 'BP', 'C20387', '2023-05-05', '5869-5875', 31, 7, 390, 410.00, 0.00, 0.00, 'P'),
(52, 1, 52, 'SALKATHONI', 'BP', 'C20385', '2023-05-05', '5839-5853', 31, 15, 390, 400.00, 0.00, 0.00, 'P'),
(53, 1, 53, 'SALKATHONI', 'BP', 'C20376', '2023-05-05', '5736-5744', 32, 9, 390, 375.00, 0.00, 0.00, 'P'),
(54, 1, 54, 'SALKATHONI', 'BP', 'C20364', '2023-05-05', '5596-5610', 31, 15, 390, 410.00, 0.00, 0.00, 'P'),
(55, 1, 55, 'SALKATHONI', 'BP', 'C20345', '2023-05-05', '5326-5340', 31, 15, 390, 410.00, 0.00, 0.00, 'P'),
(56, 1, 56, 'SALKATHONI', 'PF', 'C20377', '2023-05-05', '5745-5756', 33, 12, 380, 410.00, 0.00, 0.00, 'P'),
(57, 1, 57, 'SALKATHONI', 'PF', 'C20366', '2023-05-05', '5619-5633', 33, 15, 380, 430.00, 0.00, 0.00, 'P'),
(58, 1, 58, 'SALKATHONI', 'PF', 'C20344', '2023-05-05', '5316-5325', 34, 10, 380, 375.00, 0.00, 0.00, 'P'),
(59, 1, 59, 'HALMARI', 'BOP', 'C181', '2023-05-05', '2357-2376', 26, 20, 450, 417.00, 0.00, 0.00, 'P'),
(60, 1, 60, 'HALMARI', 'BOP', 'C169', '2023-05-03', '2155-2166', 26, 12, 450, 485.00, 0.00, 0.00, 'P'),
(61, 1, 61, 'HALMARI', 'BOP', 'C166', '2023-05-03', '2116-2123', 26, 8, 450, 485.00, 0.00, 0.00, 'P'),
(62, 1, 62, 'HALMARI', 'BP', 'C182', '2023-05-05', '2377-2396', 28, 20, 450, 415.00, 0.00, 0.00, 'P'),
(63, 1, 63, 'HALMARI', 'BP', 'C168', '2023-05-03', '2135-2154', 28, 20, 450, 380.00, 0.00, 0.00, 'P'),
(64, 1, 64, 'HALMARI', 'BPS', 'C167', '2023-05-03', '2124-2134', 24, 11, 390, 342.00, 0.00, 0.00, 'P'),
(65, 1, 65, 'HAJUA', 'BOP', 'C119', '2023-05-04', '3821-3840', 27, 20, 340, 281.00, 0.00, 0.00, 'P'),
(66, 1, 66, 'HAJUA', 'BP', 'C120', '2023-05-04', '3841-3860', 29, 20, 350, 300.00, 0.00, 0.00, 'P'),
(67, 1, 67, 'HAJUA', 'BPS', 'C137', '2023-05-04', '4931-4940', 26, 10, 310, 250.00, 0.00, 0.00, 'P'),
(68, 1, 68, 'HAJUA', 'PF', 'C122', '2023-05-04', '3981-4000', 30, 0, 340, 0.00, 0.00, 0.00, 'P'),
(69, 1, 69, 'LIGRIPOOKRIE', 'BOPSM', 'UK201', '2023-05-05', '2122-2131', 30, 10, 360, 335.00, 0.00, 0.00, 'P'),
(70, 1, 70, 'LIGRIPOOKRIE', 'BOPSM', 'UK189', '2023-05-05', '1996-2005', 30, 10, 350, 325.00, 0.00, 0.00, 'P'),
(71, 1, 71, 'LIGRIPOOKRIE', 'BOPSM', 'UK170', '2023-05-05', '1795-1804', 30, 10, 280, 264.00, 0.00, 0.00, 'P'),
(72, 1, 72, 'LIGRIPOOKRIE', 'BP', 'UK202', '2023-05-05', '2132-2145', 32, 14, 350, 325.00, 0.00, 0.00, 'P'),
(73, 1, 73, 'LIGRIPOOKRIE', 'BP', 'UK191', '2023-05-05', '2016-2035', 32, 20, 340, 330.00, 0.00, 0.00, 'P'),
(74, 1, 74, 'LIGRIPOOKRIE', 'BP', 'UK179', '2023-05-05', '1890-1904', 32, 15, 290, 265.00, 0.00, 0.00, 'P'),
(75, 1, 75, 'LIGRIPOOKRIE', 'BP', 'UK171', '2023-05-05', '1805-1819', 32, 0, 260, 0.00, 0.00, 0.00, 'P'),
(76, 1, 76, 'LIGRIPOOKRIE', 'PF', 'UK192', '2023-05-05', '2036-2042', 34, 7, 310, 265.00, 0.00, 0.00, 'P'),
(77, 1, 77, 'LIGRIPOOKRIE', 'PF', 'UK180', '2023-05-05', '1905-1914', 34, 10, 310, 285.00, 0.00, 0.00, 'P'),
(78, 1, 78, 'DIFFLOO', 'BOP', 'C72', '2023-05-06', '988-1002', 33, 15, 320, 276.00, 0.00, 0.00, 'P'),
(79, 1, 79, 'DIFFLOO', 'BOP', 'C59', '2023-05-06', '843-862', 34, 20, 320, 280.00, 0.00, 0.00, 'P'),
(80, 1, 80, 'DIFFLOO', 'BOP', 'C52', '2023-05-06', '733-752', 33, 20, 315, 281.00, 0.00, 0.00, 'P'),
(81, 1, 81, 'DIFFLOO', 'BOP', 'C46', '2023-05-06', '641-655', 33, 15, 315, 281.00, 0.00, 0.00, 'P'),
(82, 1, 82, 'DIFFLOO', 'BOP', 'C44', '2023-05-06', '606-620', 33, 15, 315, 285.00, 0.00, 0.00, 'P'),
(83, 1, 83, 'DIFFLOO', 'BP', 'C78', '2023-05-06', '1063-1082', 36, 20, 325, 325.00, 0.00, 0.00, 'P'),
(84, 1, 84, 'DIFFLOO', 'BP', 'C68', '2023-05-06', '933-947', 36, 15, 325, 295.00, 0.00, 0.00, 'P'),
(85, 1, 85, 'DIFFLOO', 'BP', 'C58', '2023-05-06', '823-842', 36, 20, 325, 290.00, 0.00, 0.00, 'P'),
(86, 1, 86, 'DIFFLOO', 'BP', 'C53', '2023-05-06', '753-772', 35, 20, 320, 310.00, 0.00, 0.00, 'P'),
(87, 1, 87, 'DIFFLOO', 'BP', 'C45', '2023-05-06', '621-640', 36, 20, 320, 292.00, 0.00, 0.00, 'P'),
(88, 1, 88, 'DIFFLOO', 'PF', 'C71', '2023-05-06', '968-987', 40, 0, 320, 0.00, 0.00, 0.00, 'P'),
(89, 1, 89, 'DIFFLOO', 'PF', 'C65', '2023-05-06', '893-912', 39, 0, 320, 0.00, 0.00, 0.00, 'P'),
(90, 1, 90, 'DIFFLOO', 'PF', 'C55', '2023-05-06', '783-802', 38, 0, 320, 0.00, 0.00, 0.00, 'P'),
(91, 1, 91, 'DIFFLOO', 'PF', 'C48', '2023-05-06', '681-690', 38, 10, 320, 281.00, 0.00, 0.00, 'P'),
(92, 1, 92, 'KHONGEA', 'BOPL', 'C157', '2023-05-03', '1428-1432', 25, 0, 250, 0.00, 0.00, 0.00, 'P'),
(93, 1, 93, 'KHONGEA', 'BOP', 'C165', '2023-05-03', '1501-1514', 25, 14, 340, 330.00, 0.00, 0.00, 'P'),
(94, 1, 94, 'KHONGEA', 'BOP', 'C146', '2023-05-03', '1332-1340', 26, 9, 340, 335.00, 0.00, 0.00, 'P'),
(95, 1, 95, 'KHONGEA', 'BOP', 'C141', '2023-05-03', '1284-1294', 26, 11, 340, 306.00, 0.00, 0.00, 'P'),
(96, 1, 96, 'KHONGEA', 'BP', 'C142', '2023-05-03', '1295-1310', 28, 0, 330, 0.00, 0.00, 0.00, 'P'),
(97, 1, 97, 'KHONGEA', 'BP', 'C122', '2023-04-12', '1148-1157', 28, 0, 300, 0.00, 0.00, 0.00, 'P'),
(98, 1, 98, 'KHONGEA', 'BP', 'C103', '2023-04-08', '916-935', 27, 0, 300, 0.00, 0.00, 0.00, 'P'),
(99, 1, 99, 'KHONGEA', 'BP', 'C30', '2023-03-25', '203-207', 30, 5, 290, 270.00, 0.00, 0.00, 'P'),
(100, 1, 100, 'KHONGEA', 'BPS', 'C153', '2023-05-03', '1396-1410', 24, 15, 290, 282.00, 0.00, 0.00, 'P'),
(101, 1, 101, 'KHONGEA', 'PF', 'C143', '2023-05-03', '1311-1317', 29, 7, 330, 325.00, 0.00, 0.00, 'P'),
(102, 1, 102, 'KHONGEA', 'PF', 'C116', '2023-04-12', '1086-1096', 29, 0, 280, 0.00, 0.00, 0.00, 'P'),
(103, 1, 103, 'KHONGEA', 'PF', 'C98', '2023-04-08', '854-866', 29, 0, 290, 0.00, 0.00, 0.00, 'P'),
(104, 1, 104, 'KOOMTAI (B)', 'BOP', 'C186', '2023-05-04', '3018-3037', 27, 20, 340, 316.00, 0.00, 0.00, 'P'),
(105, 1, 105, 'KOOMTAI (B)', 'BOP', 'C181', '2023-05-04', '2918-2937', 27, 20, 340, 323.00, 0.00, 0.00, 'P'),
(106, 1, 106, 'KOOMTAI (B)', 'BOP', 'C180', '2023-05-04', '2898-2917', 27, 20, 340, 316.00, 0.00, 0.00, 'P'),
(107, 1, 107, 'KOOMTAI (B)', 'BOP', 'C175', '2023-05-04', '2808-2827', 27, 20, 340, 290.00, 0.00, 0.00, 'P'),
(108, 1, 108, 'KOOMTAI (B)', 'BOP', 'C168', '2023-05-04', '2678-2697', 27, 20, 340, 290.00, 0.00, 0.00, 'P'),
(109, 1, 109, 'KOOMTAI (B)', 'BOP', 'C167', '2023-05-04', '2658-2677', 27, 20, 340, 290.00, 0.00, 0.00, 'P'),
(110, 1, 110, 'KOOMTAI (B)', 'BOP', 'C160', '2023-05-04', '2558-2577', 27, 20, 340, 316.00, 0.00, 0.00, 'P'),
(111, 1, 111, 'KOOMTAI (B)', 'BOP', 'C159', '2023-05-04', '2538-2557', 27, 20, 340, 316.00, 0.00, 0.00, 'P'),
(112, 1, 112, 'KOOMTAI (B)', 'BP', 'C187', '2023-05-04', '3038-3057', 28, 20, 340, 300.00, 0.00, 0.00, 'P'),
(113, 1, 113, 'KOOMTAI (B)', 'BP', 'C182', '2023-05-04', '2938-2957', 28, 20, 340, 290.00, 0.00, 0.00, 'P'),
(114, 1, 114, 'KOOMTAI (B)', 'BP', 'C176', '2023-05-04', '2828-2847', 28, 20, 340, 290.00, 0.00, 0.00, 'P'),
(115, 1, 115, 'KOOMTAI (B)', 'BP', 'C169', '2023-05-04', '2698-2717', 28, 20, 340, 290.00, 0.00, 0.00, 'P'),
(116, 1, 116, 'KOOMTAI (B)', 'BP', 'C161', '2023-05-04', '2578-2597', 28, 20, 340, 305.00, 0.00, 0.00, 'P'),
(117, 1, 117, 'KOOMTAI (B)', 'BPS', 'C174', '2023-05-04', '2798-2807', 28, 10, 290, 245.00, 0.00, 0.00, 'P'),
(118, 1, 118, 'KOOMTAI (B)', 'PF', 'C183', '2023-05-04', '2958-2977', 29, 20, 330, 285.00, 0.00, 0.00, 'P'),
(119, 1, 119, 'KOOMTAI (B)', 'PF', 'C170', '2023-05-04', '2718-2737', 29, 20, 330, 280.00, 0.00, 0.00, 'P'),
(120, 1, 120, 'KOOMTAI (B)', 'PF1', 'C164', '2023-05-04', '2638-2642', 28, 0, 260, 0.00, 0.00, 0.00, 'P'),
(121, 1, 121, 'TELOIJAN(CLONAL)', 'BOP', 'C85', '2023-04-14', '670-675', 34, 6, 210, 171.00, 0.00, 0.00, 'P'),
(122, 1, 122, 'TELOIJAN(CLONAL)', 'BOP', 'C71', '2023-04-14', '541-549', 34, 0, 210, 0.00, 0.00, 0.00, 'P'),
(123, 1, 123, 'TELOIJAN(CLONAL)', 'BP1', 'C77', '2023-04-14', '591-599', 37, 9, 170, 180.00, 0.00, 0.00, 'P'),
(124, 1, 124, 'TELOIJAN(CLONAL)', 'PF', 'C68', '2023-04-14', '511-516', 39, 6, 220, 195.00, 0.00, 0.00, 'P'),
(125, 1, 125, 'MELENG (CLONALSPECIAL)', 'BP', 'C318', '2023-05-03', '4470-4479', 29, 10, 330, 225.00, 0.00, 0.00, 'P'),
(126, 1, 126, 'MELENG (CLONALSPECIAL)', 'PF', 'C325', '2023-05-03', '4535-4544', 30, 0, 330, 0.00, 0.00, 0.00, 'P'),
(127, 1, 127, 'DOYAPORE                 ', 'BOPSM', 'C44', '2023-04-30', '1084-1113', 30, 30, 250, 205.00, 0.00, 0.00, 'P'),
(128, 1, 128, 'DOYAPORE                 ', 'BOPSM', 'C38', '2023-04-30', '904-933', 32, 30, 260, 220.00, 0.00, 0.00, 'P'),
(129, 1, 129, 'DOYAPORE                 ', 'BP', 'C47', '2023-04-30', '1174-1203', 32, 0, 250, 0.00, 0.00, 0.00, 'P'),
(130, 1, 130, 'DOYAPORE                 ', 'BP', 'C41', '2023-04-30', '994-1023', 32, 0, 260, 0.00, 0.00, 0.00, 'P'),
(131, 1, 131, 'DOYAPORE                 ', 'OF', 'C48', '2023-04-30', '1204-1233', 34, 0, 250, 0.00, 0.00, 0.00, 'P'),
(132, 1, 132, 'DOYAPORE                 ', 'OF', 'C45', '2023-04-30', '1114-1143', 34, 30, 250, 205.00, 0.00, 0.00, 'P'),
(133, 1, 133, 'DOYAPORE                 ', 'OF', 'C39', '2023-04-30', '934-963', 35, 0, 250, 0.00, 0.00, 0.00, 'P'),
(134, 1, 134, 'DEKORAI', 'BOP', 'C250068D', '2023-04-29', '1238-1257', 34, 20, 270, 240.00, 0.00, 0.00, 'P'),
(135, 1, 135, 'DEKORAI', 'BP', 'C250076D', '2023-04-29', '1378-1407', 36, 0, 280, 0.00, 0.00, 0.00, 'P'),
(136, 1, 136, 'DEKORAI', 'PF', 'C250074D', '2023-04-29', '1348-1367', 37, 20, 260, 215.00, 0.00, 0.00, 'P'),
(137, 1, 137, 'BUKHIAL', 'BP', 'C750062D', '2023-04-28', '926-945', 40, 20, 290, 250.00, 0.00, 0.00, 'P'),
(138, 1, 138, 'HUNWAL', 'BP', 'C900082D', '2023-05-03', '1906-1935', 38, 30, 270, 252.00, 0.00, 0.00, 'P'),
(139, 1, 139, 'HUNWAL', 'BP', 'C900072D', '2023-04-29', '1646-1675', 38, 30, 270, 247.00, 0.00, 0.00, 'P'),
(140, 1, 140, 'HUNWAL', 'BPS', 'C900071D', '2023-04-29', '1641-1645', 35, 0, 250, 0.00, 0.00, 0.00, 'P'),
(141, 1, 141, 'HUNWAL', 'PF', 'C900078D', '2023-05-03', '1796-1825', 38, 30, 270, 260.00, 0.00, 0.00, 'P'),
(142, 1, 142, 'HUNWAL', 'PF', 'C900005D', '2023-04-07', '76-95', 38, 20, 280, 235.00, 0.00, 0.00, 'P'),
(143, 1, 143, 'KEYHUNG', 'BOP', 'C220045D', '2023-05-02', '1081-1110', 36, 30, 300, 295.00, 0.00, 0.00, 'P'),
(144, 1, 144, 'KEYHUNG', 'BOP', 'C220017D', '2023-05-02', '371-400', 37, 30, 280, 230.00, 0.00, 0.00, 'P'),
(145, 1, 145, 'KEYHUNG', 'BP', 'C220046D', '2023-05-02', '1111-1140', 39, 30, 320, 295.00, 0.00, 0.00, 'P'),
(146, 1, 146, 'KEYHUNG', 'BP', 'C220032D', '2023-05-02', '741-770', 37, 30, 300, 246.00, 0.00, 0.00, 'P'),
(147, 1, 147, 'KEYHUNG', 'PF', 'C220047D', '2023-05-02', '1141-1170', 40, 0, 320, 0.00, 0.00, 0.00, 'P'),
(148, 1, 148, 'KEYHUNG', 'PF', 'C220028D', '2023-05-02', '651-680', 38, 30, 290, 245.00, 0.00, 0.00, 'P'),
(149, 1, 149, 'NAMROOP', 'BOP', 'C151', '2023-05-06', '1676-1685', 34, 10, 335, 301.00, 0.00, 0.00, 'P'),
(150, 1, 150, 'NAMROOP', 'BOP', 'C141', '2023-05-06', '1566-1575', 33, 10, 335, 305.00, 0.00, 0.00, 'P'),
(151, 1, 151, 'NAMROOP', 'BOP', 'C129', '2023-05-06', '1436-1445', 33, 10, 340, 315.00, 0.00, 0.00, 'P'),
(152, 1, 152, 'NAMROOP', 'BOP', 'C106', '2023-05-06', '1198-1207', 33, 10, 330, 326.00, 0.00, 0.00, 'P'),
(153, 1, 153, 'NAMROOP', 'BP', 'C142', '2023-05-06', '1576-1585', 37, 10, 340, 340.00, 0.00, 0.00, 'P'),
(154, 1, 154, 'NAMROOP', 'BP', 'C139', '2023-05-06', '1546-1555', 37, 0, 0, 0.00, 0.00, 0.00, 'P'),
(155, 1, 155, 'NAMROOP', 'BP', 'C130', '2023-05-06', '1446-1455', 37, 10, 330, 301.00, 0.00, 0.00, 'P'),
(156, 1, 156, 'NAMROOP', 'BP', 'C113', '2023-05-06', '1273-1282', 37, 10, 340, 301.00, 0.00, 0.00, 'P'),
(157, 1, 157, 'NAMROOP', 'BP', 'C102', '2023-05-06', '1158-1167', 37, 10, 330, 301.00, 0.00, 0.00, 'P'),
(158, 1, 158, 'NAMROOP', 'OF1', 'C127', '2023-05-06', '1416-1425', 40, 0, 260, 0.00, 0.00, 0.00, 'P'),
(159, 1, 159, 'NAMROOP', 'PF', 'C144', '2023-05-06', '1596-1605', 38, 10, 330, 305.00, 0.00, 0.00, 'P'),
(160, 1, 160, 'NAMROOP', 'PF', 'C131', '2023-05-06', '1456-1465', 38, 10, 325, 300.00, 0.00, 0.00, 'P'),
(161, 1, 161, 'NAMROOP', 'PF', 'C117', '2023-05-06', '1313-1322', 38, 10, 325, 300.00, 0.00, 0.00, 'P'),
(162, 1, 162, 'NAMROOP', 'PF', 'C114', '2023-05-06', '1283-1292', 38, 10, 320, 321.00, 0.00, 0.00, 'P'),
(163, 1, 163, 'NAMROOP', 'PF', 'C103', '2023-05-06', '1168-1177', 38, 10, 320, 321.00, 0.00, 0.00, 'P'),
(164, 1, 164, 'NAMROOP', 'PF1', 'C123', '2023-05-06', '1378-1387', 36, 10, 250, 221.00, 0.00, 0.00, 'P'),
(165, 1, 165, 'KAKAJANHIGHGROWN', 'BOP', 'C245', '2023-05-08', '3312-3326', 32, 15, 310, 290.00, 0.00, 0.00, 'P'),
(166, 1, 166, 'KAKAJANHIGHGROWN', 'BOP', 'C232', '2023-05-08', '3117-3131', 32, 15, 315, 320.00, 0.00, 0.00, 'P'),
(167, 1, 167, 'KAKAJANHIGHGROWN', 'BOP', 'C215', '2023-05-08', '2862-2866', 32, 5, 300, 300.00, 0.00, 0.00, 'P'),
(168, 1, 168, 'KAKAJANHIGHGROWN', 'BP', 'C247', '2023-05-08', '3342-3361', 36, 20, 325, 297.00, 0.00, 0.00, 'P'),
(169, 1, 169, 'KAKAJANHIGHGROWN', 'BP', 'C242', '2023-05-08', '3267-3281', 36, 0, 410, 0.00, 0.00, 0.00, 'P'),
(170, 1, 170, 'KAKAJANHIGHGROWN', 'BP', 'C236', '2023-05-08', '3182-3201', 36, 20, 330, 301.00, 0.00, 0.00, 'P'),
(171, 1, 171, 'KAKAJANHIGHGROWN', 'BP', 'C233', '2023-05-08', '3132-3151', 36, 0, 410, 0.00, 0.00, 0.00, 'P'),
(172, 1, 172, 'KAKAJANHIGHGROWN', 'BP', 'C213', '2023-05-08', '2842-2856', 36, 0, 310, 0.00, 0.00, 0.00, 'P'),
(173, 1, 173, 'KAKAJANHIGHGROWN', 'PF', 'C251', '2023-05-08', '3417-3426', 38, 0, 325, 0.00, 0.00, 0.00, 'P'),
(174, 1, 174, 'KAKAJANHIGHGROWN', 'PF', 'C243', '2023-05-08', '3282-3291', 38, 10, 310, 282.00, 0.00, 0.00, 'P'),
(175, 1, 175, 'KAKAJANHIGHGROWN', 'PF', 'C225', '2023-05-08', '3027-3036', 39, 10, 300, 276.00, 0.00, 0.00, 'P'),
(176, 1, 176, 'DOYANG', 'BOP', 'C42', '2023-04-29', '560-579', 34, 20, 290, 250.00, 0.00, 0.00, 'P'),
(177, 1, 177, 'DOYANG', 'BOP', 'C37', '2023-04-29', '475-489', 34, 0, 290, 0.00, 0.00, 0.00, 'P'),
(178, 1, 178, 'DOYANG', 'BOP', 'C31', '2023-04-29', '375-389', 34, 15, 290, 250.00, 0.00, 0.00, 'P'),
(179, 1, 179, 'DOYANG', 'BOPSM', 'C41', '2023-04-29', '540-559', 35, 0, 300, 0.00, 0.00, 0.00, 'P'),
(180, 1, 180, 'DOYANG', 'BOPSM', 'C36', '2023-04-29', '455-474', 35, 20, 310, 265.00, 0.00, 0.00, 'P'),
(181, 1, 181, 'DOYANG', 'BP', 'C43', '2023-04-29', '580-599', 37, 0, 300, 0.00, 0.00, 0.00, 'P'),
(182, 1, 182, 'DOYANG', 'BP', 'C40', '2023-04-29', '520-539', 37, 0, 290, 0.00, 0.00, 0.00, 'P'),
(183, 1, 183, 'DOYANG', 'BP', 'C35', '2023-04-29', '435-454', 37, 0, 290, 0.00, 0.00, 0.00, 'P'),
(184, 1, 184, 'DOYANG', 'BPS', 'C39', '2023-04-29', '505-519', 33, 0, 240, 0.00, 0.00, 0.00, 'P'),
(185, 1, 185, 'DOYANG', 'PF', 'C45', '2023-04-29', '620-639', 38, 20, 275, 255.00, 0.00, 0.00, 'P'),
(186, 1, 186, 'DOYANG', 'PF', 'C38', '2023-04-29', '490-504', 38, 0, 285, 0.00, 0.00, 0.00, 'P'),
(187, 1, 187, 'DOYANG', 'PF', 'C33', '2023-04-29', '405-419', 38, 0, 280, 0.00, 0.00, 0.00, 'P'),
(188, 1, 188, 'DESSOIE', 'PF', 'C40', '2023-04-13', '397-406', 37, 10, 280, 241.00, 0.00, 0.00, 'P'),
(189, 1, 189, 'TEEN ALI', 'BP1', 'C72', '2023-05-06', '1290-1309', 34, 20, 275, 230.00, 0.00, 0.00, 'P'),
(190, 1, 190, 'TEEN ALI', 'PF1', 'C73', '2023-05-06', '1310-1329', 35, 20, 275, 230.00, 0.00, 0.00, 'P'),
(191, 1, 191, 'KANU', 'BOP', 'C110', '2023-05-06', '2097-2126', 35, 30, 290, 250.00, 0.00, 0.00, 'P'),
(192, 1, 192, 'KANU', 'BOPSM', 'C126', '2023-05-06', '2517-2546', 36, 30, 315, 286.00, 0.00, 0.00, 'P'),
(193, 1, 193, 'KANU', 'BOPSM', 'C115', '2023-05-06', '2237-2266', 36, 30, 300, 282.00, 0.00, 0.00, 'P'),
(194, 1, 194, 'KANU', 'BOPSM', 'C107', '2023-05-06', '2007-2036', 36, 0, 290, 0.00, 0.00, 0.00, 'P'),
(195, 1, 195, 'KANU', 'BP', 'C131', '2023-05-06', '2637-2666', 38, 30, 315, 285.00, 0.00, 0.00, 'P'),
(196, 1, 196, 'KANU', 'BP', 'C114', '2023-05-06', '2207-2236', 38, 0, 305, 0.00, 0.00, 0.00, 'P'),
(197, 1, 197, 'KANU', 'BP', 'C111', '2023-05-06', '2127-2156', 38, 0, 305, 0.00, 0.00, 0.00, 'P'),
(198, 1, 198, 'KANU', 'BP1', 'C120', '2023-05-06', '2377-2386', 36, 10, 245, 211.00, 0.00, 0.00, 'P'),
(199, 1, 199, 'KANU', 'PF', 'C128', '2023-05-06', '2557-2586', 40, 0, 305, 0.00, 0.00, 0.00, 'P'),
(200, 1, 200, 'KANU', 'PF', 'C119', '2023-05-06', '2347-2376', 40, 0, 300, 0.00, 0.00, 0.00, 'P'),
(201, 1, 201, 'KANU', 'PF', 'C112', '2023-05-06', '2157-2186', 40, 0, 290, 0.00, 0.00, 0.00, 'P'),
(202, 1, 202, 'ADDABARIEHIGROWN', 'BOP', 'HC347', '2023-05-06', '4016-4040', 26, 25, 340, 320.00, 0.00, 0.00, 'P'),
(203, 1, 203, 'ADDABARIEHIGROWN', 'BOP', 'HC324', '2023-05-03', '3600-3624', 27, 25, 310, 295.00, 0.00, 0.00, 'P'),
(204, 1, 204, 'ADDABARIEHIGROWN', 'BOPSM', 'HC348', '2023-05-06', '4041-4065', 28, 25, 310, 293.00, 0.00, 0.00, 'P'),
(205, 1, 205, 'ADDABARIEHIGROWN', 'BOPSM', 'HC326', '2023-05-03', '3650-3669', 29, 20, 300, 285.00, 0.00, 0.00, 'P'),
(206, 1, 206, 'ADDABARIEHIGROWN', 'BP', 'HC350', '2023-05-06', '4091-4115', 29, 25, 320, 306.00, 0.00, 0.00, 'P'),
(207, 1, 207, 'ADDABARIEHIGROWN', 'BP', 'HC349', '2023-05-06', '4066-4090', 29, 0, 310, 0.00, 0.00, 0.00, 'P'),
(208, 1, 208, 'ADDABARIEHIGROWN', 'BP', 'HC337', '2023-05-06', '3871-3895', 30, 0, 320, 0.00, 0.00, 0.00, 'P'),
(209, 1, 209, 'ADDABARIEHIGROWN', 'BP', 'HC329', '2023-05-03', '3696-3720', 29, 25, 310, 290.00, 0.00, 0.00, 'P'),
(210, 1, 210, 'ADDABARIEHIGROWN', 'BP', 'HC325', '2023-05-03', '3625-3649', 29, 25, 310, 290.00, 0.00, 0.00, 'P'),
(211, 1, 211, 'ADDABARIEHIGROWN', 'BP', 'HC88', '2023-03-26', '656-665', 30, 0, 270, 0.00, 0.00, 0.00, 'P'),
(212, 1, 212, 'ADDABARIEHIGROWN', 'BP', 'HC80', '2023-03-26', '583-594', 30, 12, 270, 255.00, 0.00, 0.00, 'P'),
(213, 1, 213, 'ADDABARIEHIGROWN', 'BP', 'HC54', '2023-03-21', '371-390', 29, 0, 270, 0.00, 0.00, 0.00, 'P'),
(214, 1, 214, 'ADDABARIEHIGROWN', 'BP1', 'HC340', '2023-05-06', '3926-3935', 34, 10, 160, 165.00, 0.00, 0.00, 'P'),
(215, 1, 215, 'ADDABARIEHIGROWN', 'BP1', 'HC339', '2023-05-06', '3916-3925', 34, 10, 160, 140.00, 0.00, 0.00, 'P'),
(216, 1, 216, 'ADDABARIEHIGROWN', 'PF', 'HC333', '2023-05-06', '3786-3805', 30, 20, 300, 280.00, 0.00, 0.00, 'P'),
(217, 1, 217, 'ADDABARIEHIGROWN', 'PF', 'HC331', '2023-05-03', '3741-3765', 32, 25, 290, 318.00, 0.00, 0.00, 'P'),
(218, 1, 218, 'ADDABARIEHIGROWN', 'PF', 'HC315', '2023-05-03', '3415-3434', 32, 20, 280, 260.00, 0.00, 0.00, 'P'),
(219, 1, 219, 'ADDABARIEHIGROWN', 'PF1', 'HC342', '2023-05-06', '3951-3960', 36, 10, 170, 165.00, 0.00, 0.00, 'P'),
(220, 1, 220, 'ADDABARIEHIGROWN', 'PF1', 'HC341', '2023-05-06', '3936-3950', 36, 15, 160, 170.00, 0.00, 0.00, 'P'),
(221, 1, 221, 'HALMIRA', 'PF', 'EX89', '2023-04-29', '2250-2279', 37, 30, 270, 250.00, 0.00, 0.00, 'P'),
(222, 1, 222, 'HALMIRA', 'PF', 'EX73', '2023-04-29', '1825-1844', 37, 0, 270, 0.00, 0.00, 0.00, 'P'),
(223, 1, 223, 'HALMIRA', 'PF', 'EX70', '2023-04-29', '1735-1764', 37, 0, 270, 0.00, 0.00, 0.00, 'P'),
(224, 1, 224, 'HALMIRA', 'PF', 'EX65', '2023-04-29', '1555-1594', 37, 0, 270, 0.00, 0.00, 0.00, 'P'),
(225, 1, 225, 'HALMIRA', 'PF', 'EX55', '2023-04-29', '1225-1264', 37, 40, 270, 267.00, 0.00, 0.00, 'P'),
(226, 1, 226, 'HALMIRA', 'PF', 'EX51', '2023-04-29', '1105-1124', 37, 0, 270, 0.00, 0.00, 0.00, 'P'),
(227, 1, 227, 'SOCKIETING', 'BOP', 'C190', '2023-05-03', '3110-3124', 32, 0, 300, 0.00, 0.00, 0.00, 'P'),
(228, 1, 228, 'SOCKIETING', 'BOP', 'C169', '2023-05-03', '2745-2759', 32, 0, 300, 0.00, 0.00, 0.00, 'P'),
(229, 1, 229, 'SOCKIETING', 'BOP', 'C161', '2023-05-03', '2610-2629', 32, 0, 300, 0.00, 0.00, 0.00, 'P'),
(230, 1, 230, 'SOCKIETING', 'BOP', 'C158', '2023-05-03', '2560-2574', 32, 0, 300, 0.00, 0.00, 0.00, 'P'),
(231, 1, 231, 'SOCKIETING', 'BP', 'C185', '2023-05-03', '3015-3029', 36, 0, 300, 0.00, 0.00, 0.00, 'P'),
(232, 1, 232, 'SOCKIETING', 'BP', 'C181', '2023-05-03', '2955-2969', 36, 15, 300, 280.00, 0.00, 0.00, 'P'),
(233, 1, 233, 'SOCKIETING', 'BP', 'C175', '2023-05-03', '2845-2864', 36, 0, 300, 0.00, 0.00, 0.00, 'P'),
(234, 1, 234, 'SOCKIETING', 'BP', 'C162', '2023-05-03', '2630-2649', 36, 0, 300, 0.00, 0.00, 0.00, 'P'),
(235, 1, 235, 'SOCKIETING', 'BP', 'C152', '2023-05-03', '2450-2469', 36, 0, 300, 0.00, 0.00, 0.00, 'P'),
(236, 1, 236, 'SOCKIETING', 'PF', 'C211', '2023-05-03', '3485-3504', 36, 20, 270, 250.00, 0.00, 0.00, 'P'),
(237, 1, 237, 'SOCKIETING', 'PF', 'C209', '2023-05-03', '3445-3464', 36, 0, 260, 0.00, 0.00, 0.00, 'P'),
(238, 1, 238, 'SOCKIETING', 'PF', 'C197', '2023-04-28', '3220-3234', 38, 0, 270, 0.00, 0.00, 0.00, 'P'),
(239, 1, 239, 'SOCKIETING', 'PF', 'C194', '2023-04-28', '3170-3189', 38, 20, 270, 221.00, 0.00, 0.00, 'P'),
(240, 1, 240, 'SOCKIETING', 'PF', 'C184', '2023-04-28', '3000-3014', 38, 15, 260, 240.00, 0.00, 0.00, 'P'),
(241, 1, 241, 'SOCKIETING', 'PF', 'C165', '2023-04-28', '2685-2699', 38, 0, 400, 0.00, 0.00, 0.00, 'P'),
(242, 1, 242, 'SOCKIETING', 'PF', 'C159', '2023-04-28', '2575-2589', 38, 15, 270, 221.00, 0.00, 0.00, 'P'),
(243, 1, 243, 'SOCKIETING', 'PF1', 'C219', '2023-05-03', '3695-3714', 36, 20, 210, 205.00, 0.00, 0.00, 'P'),
(244, 1, 244, 'GONESHBARI(CLONAL)', 'BP', 'C215', '2023-05-04', '3843-3862', 27, 20, 300, 265.00, 0.00, 0.00, 'P'),
(245, 1, 245, 'GONESHBARI(CLONAL)', 'BP', 'C213', '2023-05-04', '3823-3842', 27, 20, 300, 260.00, 0.00, 0.00, 'P'),
(246, 1, 246, 'GONESHBARI(CLONAL)', 'BP', 'C185', '2023-05-02', '4219-4242', 27, 0, 270, 0.00, 0.00, 0.00, 'P'),
(247, 1, 247, 'GONESHBARI(CLONAL)', 'BP', 'C183', '2023-05-02', '3184-3203', 27, 20, 270, 230.00, 0.00, 0.00, 'P'),
(248, 1, 248, 'GONESHBARI(CLONAL)', 'BP', 'C132', '2023-04-14', '2282-2301', 27, 20, 260, 221.00, 0.00, 0.00, 'P'),
(249, 1, 249, 'ORANGAJULI', 'BOP', 'C229', '2023-05-05', '4597-4601', 24, 0, 0, 0.00, 0.00, 0.00, 'P'),
(250, 1, 250, 'ORANGAJULI', 'BOPSM', 'C247', '2023-05-05', '4848-4856', 26, 9, 280, 241.00, 0.00, 0.00, 'P'),
(251, 1, 251, 'ORANGAJULI', 'PF', 'C235', '2023-05-05', '4687-4697', 29, 11, 260, 225.00, 0.00, 0.00, 'P'),
(252, 1, 252, 'SHAKOMATO', 'BOPSM', 'C207', '2023-05-05', '2107-2116', 36, 10, 265, 235.00, 0.00, 0.00, 'P'),
(253, 1, 253, 'SHAKOMATO', 'BOPSM', 'C141', '2023-04-13', '1088-1092', 36, 5, 250, 205.00, 0.00, 0.00, 'P'),
(254, 1, 254, 'SHAKOMATO', 'BP', 'C217', '2023-05-05', '2228-2247', 38, 0, 265, 0.00, 0.00, 0.00, 'P'),
(255, 1, 255, 'SHAKOMATO', 'BP1', 'C220', '2023-05-05', '2283-2287', 32, 5, 180, 165.00, 0.00, 0.00, 'P'),
(256, 1, 256, 'SHAKOMATO', 'BPS', 'C201', '2023-04-28', '2040-2044', 32, 0, 0, 0.00, 0.00, 0.00, 'P'),
(257, 1, 257, 'SHAKOMATO', 'PF', 'C125', '2023-04-13', '915-924', 40, 10, 250, 200.00, 0.00, 0.00, 'P'),
(258, 1, 258, 'TYROON', 'BOPSM', 'UK178', '2023-04-14', '2623-2642', 32, 20, 260, 230.00, 0.00, 0.00, 'P'),
(259, 1, 259, 'TYROON', 'BOPSM', 'UK167', '2023-04-14', '2441-2460', 32, 20, 260, 211.00, 0.00, 0.00, 'P'),
(260, 1, 260, 'TYROON', 'BP', 'UK225', '2023-05-03', '3547-3566', 34, 20, 280, 245.00, 0.00, 0.00, 'P'),
(261, 1, 261, 'TYROON', 'BP', 'UK168', '2023-04-14', '2461-2480', 34, 20, 260, 211.00, 0.00, 0.00, 'P'),
(262, 1, 262, 'TYROON', 'BP', 'UK148', '2023-04-14', '2081-2100', 34, 20, 260, 237.00, 0.00, 0.00, 'P'),
(263, 1, 263, 'KAKADONGA', 'BOPSM', 'C37', '2023-05-04', '498-517', 33, 0, 260, 0.00, 0.00, 0.00, 'P'),
(264, 1, 264, 'KAKADONGA', 'BP', 'C45', '2023-05-04', '629-648', 34, 20, 275, 270.00, 0.00, 0.00, 'P'),
(265, 1, 265, 'KAKADONGA', 'BP', 'C42', '2023-05-04', '577-596', 34, 20, 265, 225.00, 0.00, 0.00, 'P'),
(266, 1, 266, 'KAKADONGA', 'BP', 'C38', '2023-05-04', '518-537', 34, 0, 260, 0.00, 0.00, 0.00, 'P'),
(267, 1, 267, 'KAKADONGA', 'BP1', 'C43', '2023-05-04', '597-616', 33, 0, 190, 0.00, 0.00, 0.00, 'P'),
(268, 1, 268, 'KAKADONGA', 'PF', 'C39', '2023-05-04', '538-554', 36, 17, 250, 227.00, 0.00, 0.00, 'P'),
(269, 1, 269, 'AIDEOBARI PREMIUM', 'BOP', 'C132', '2023-05-06', '1753-1765', 33, 13, 240, 201.00, 0.00, 0.00, 'P'),
(270, 1, 270, 'AIDEOBARI PREMIUM', 'BOPSM', 'C138', '2023-05-06', '1800-1815', 36, 16, 290, 291.00, 0.00, 0.00, 'P'),
(271, 1, 271, 'AIDEOBARI PREMIUM', 'BOPSM', 'C130', '2023-05-06', '1727-1736', 36, 10, 270, 260.00, 0.00, 0.00, 'P'),
(272, 1, 272, 'AIDEOBARI PREMIUM', 'BOPSM1', 'C143', '2023-05-06', '1850-1857', 35, 8, 200, 180.00, 0.00, 0.00, 'P'),
(273, 1, 273, 'AIDEOBARI PREMIUM', 'BP', 'C139', '2023-05-06', '1816-1825', 39, 10, 300, 287.00, 0.00, 0.00, 'P'),
(274, 1, 274, 'AIDEOBARI PREMIUM', 'BP', 'C134', '2023-05-06', '1773-1779', 36, 7, 310, 270.00, 0.00, 0.00, 'P'),
(275, 1, 275, 'AIDEOBARI PREMIUM', 'BP', 'C131', '2023-05-06', '1737-1752', 38, 16, 280, 247.00, 0.00, 0.00, 'P'),
(276, 1, 276, 'AIDEOBARI PREMIUM', 'BP', 'C80', '2023-04-18', '1208-1226', 38, 0, 240, 0.00, 0.00, 0.00, 'P'),
(277, 1, 277, 'AIDEOBARI PREMIUM', 'OF', 'C141', '2023-05-06', '1831-1842', 40, 12, 280, 260.00, 0.00, 0.00, 'P'),
(278, 1, 278, 'AIDEOBARI PREMIUM', 'OF', 'C133', '2023-05-06', '1766-1772', 39, 7, 270, 305.00, 0.00, 0.00, 'P'),
(279, 1, 279, 'AIDEOBARI PREMIUM', 'OF', 'C118', '2023-05-06', '1708-1713', 36, 6, 240, 201.00, 0.00, 0.00, 'P'),
(280, 1, 280, 'AIDEOBARI PREMIUM', 'OF1', 'C142', '2023-05-06', '1843-1849', 39, 7, 200, 220.00, 0.00, 0.00, 'P'),
(281, 1, 281, 'GREENWOOD', 'BP1', 'C119', '2023-04-12', '2010-2019', 35, 10, 180, 161.00, 0.00, 0.00, 'P'),
(282, 1, 282, 'OAKLANDS', 'BOP', 'C118', '2023-05-02', '1623-1632', 33, 10, 250, 190.00, 0.00, 0.00, 'P'),
(283, 1, 283, 'OAKLANDS', 'BP', 'C117', '2023-05-02', '1603-1622', 36, 0, 240, 0.00, 0.00, 0.00, 'P'),
(284, 1, 284, 'OAKLANDS', 'BP1', 'C129', '2023-05-02', '1753-1762', 42, 10, 190, 140.00, 0.00, 0.00, 'P'),
(285, 1, 285, 'THANAI', 'BOP', 'C207', '2023-05-02', '3031-3040', 31, 10, 260, 220.00, 0.00, 0.00, 'P'),
(286, 1, 286, 'THANAI', 'BP', 'C195', '2023-05-02', '2891-2900', 32, 0, 250, 0.00, 0.00, 0.00, 'P'),
(287, 1, 287, 'THANAI', 'BP', 'C171', '2023-05-02', '2601-2620', 30, 20, 260, 211.00, 0.00, 0.00, 'P'),
(288, 1, 288, 'THANAI', 'BP1', 'C237', '2023-05-02', '3361-3370', 36, 0, 200, 0.00, 0.00, 0.00, 'P'),
(289, 1, 289, 'THANAI', 'BP1', 'C211', '2023-05-02', '3081-3090', 36, 10, 200, 174.00, 0.00, 0.00, 'P'),
(290, 1, 290, 'THANAI', 'BP1', 'C187', '2023-05-02', '2801-2810', 36, 10, 200, 161.00, 0.00, 0.00, 'P'),
(291, 1, 291, 'THANAI', 'BPS', 'C193', '2023-05-02', '2871-2880', 28, 10, 210, 177.00, 0.00, 0.00, 'P'),
(292, 1, 292, 'THANAI', 'BPS', 'C186', '2023-05-02', '2791-2800', 28, 10, 210, 170.00, 0.00, 0.00, 'P'),
(293, 1, 293, 'THANAI', 'BPS', 'C131', '2023-04-12', '2071-2080', 26, 10, 220, 170.00, 0.00, 0.00, 'P'),
(294, 1, 294, 'THANAI', 'BPS', 'C120', '2023-04-12', '1901-1910', 26, 0, 220, 0.00, 0.00, 0.00, 'P'),
(295, 1, 295, 'THANAI', 'PF', 'C209', '2023-05-02', '3061-3070', 34, 10, 270, 215.00, 0.00, 0.00, 'P'),
(296, 1, 296, 'THANAI', 'PF', 'C205', '2023-05-02', '3001-3010', 34, 10, 260, 201.00, 0.00, 0.00, 'P'),
(297, 1, 297, 'THANAI', 'PF', 'C179', '2023-05-02', '2721-2730', 34, 10, 260, 201.00, 0.00, 0.00, 'P'),
(298, 1, 298, 'DUFFLAGHUR', 'BP', 'C280042D', '2023-04-28', '937-966', 41, 30, 290, 245.00, 0.00, 0.00, 'P'),
(299, 1, 299, 'DUFFLAGHUR', 'PF', 'C280048D', '2023-04-28', '1107-1136', 42, 30, 290, 265.00, 0.00, 0.00, 'P'),
(300, 1, 300, 'PHULBARI', 'BP', 'C080076D', '2023-05-03', '2146-2175', 36, 0, 240, 0.00, 0.00, 0.00, 'P'),
(301, 1, 301, 'NAMDANG', 'BOP', 'C800050D', '2023-04-25', '1276-1305', 34, 0, 280, 0.00, 0.00, 0.00, 'P'),
(302, 1, 302, 'NAMDANG', 'BP', 'C800073D', '2023-04-29', '1836-1875', 38, 40, 290, 240.00, 0.00, 0.00, 'P'),
(303, 1, 303, 'NAMDANG', 'BP', 'C800054D', '2023-04-25', '1406-1435', 38, 30, 280, 230.00, 0.00, 0.00, 'P'),
(304, 1, 304, 'MARGHERITA', 'BOP', 'C770067D', '2023-05-03', '1376-1395', 36, 20, 300, 240.00, 0.00, 0.00, 'P'),
(305, 1, 305, 'MARGHERITA', 'BP', 'C770061D', '2023-05-03', '1266-1285', 40, 20, 270, 246.00, 0.00, 0.00, 'P'),
(306, 1, 306, 'MARGHERITA', 'PF', 'C770052D', '2023-04-28', '1071-1100', 40, 30, 260, 240.00, 0.00, 0.00, 'P'),
(307, 1, 307, 'ATTAREEKHAT', 'BOP', 'C010017D', '2023-05-03', '381-400', 40, 20, 260, 234.00, 0.00, 0.00, 'P'),
(308, 1, 308, 'ATTAREEKHAT', 'BP', 'C010032D', '2023-05-03', '688-707', 40, 20, 290, 250.00, 0.00, 0.00, 'P'),
(309, 1, 309, 'ATTAREEKHAT', 'BP', 'C010013D', '2023-05-03', '271-300', 40, 30, 260, 210.00, 0.00, 0.00, 'P'),
(310, 1, 310, 'ATTAREEKHAT', 'PF', 'C010033D', '2023-05-03', '708-727', 40, 20, 260, 257.00, 0.00, 0.00, 'P'),
(311, 1, 311, 'ATTAREEKHAT', 'PF', 'C010019D', '2023-05-03', '421-440', 40, 20, 250, 205.00, 0.00, 0.00, 'P'),
(312, 1, 312, 'ATTAREEKHAT', 'PF', 'C010010D', '2023-05-03', '211-240', 40, 30, 250, 200.00, 0.00, 0.00, 'P'),
(313, 1, 313, 'ATTAREEKHAT', 'PF', 'C010003D', '2023-05-03', '41-70', 40, 30, 260, 215.00, 0.00, 0.00, 'P'),
(314, 1, 314, 'BOGAPANI', 'BOP', 'C810079D', '2023-05-06', '1906-1935', 34, 30, 260, 220.00, 0.00, 0.00, 'P'),
(315, 1, 315, 'BOGAPANI', 'BOP', 'C810072D', '2023-05-02', '1731-1760', 35, 30, 250, 220.00, 0.00, 0.00, 'P'),
(316, 1, 316, 'BOGAPANI', 'BP', 'C810109D', '2023-05-06', '2706-2735', 40, 0, 250, 0.00, 0.00, 0.00, 'P'),
(317, 1, 317, 'BOGAPANI', 'BP', 'C810090D', '2023-05-02', '2226-2255', 36, 30, 260, 220.00, 0.00, 0.00, 'P'),
(318, 1, 318, 'BOGAPANI', 'BP', 'C810017D', '2023-04-10', '416-445', 36, 0, 250, 0.00, 0.00, 0.00, 'P'),
(319, 1, 319, 'BOGAPANI', 'BPS', 'C810118D', '2023-05-06', '2887-2896', 33, 10, 240, 201.00, 0.00, 0.00, 'P'),
(320, 1, 320, 'BOGAPANI', 'BPS', 'C810113D', '2023-05-06', '2747-2766', 33, 20, 240, 205.00, 0.00, 0.00, 'P'),
(321, 1, 321, 'BOGAPANI', 'BPS', 'C810077D', '2023-05-06', '1856-1875', 32, 20, 240, 205.00, 0.00, 0.00, 'P'),
(322, 1, 322, 'BOGAPANI', 'BPS', 'C810059D', '2023-05-02', '1381-1400', 32, 20, 240, 200.00, 0.00, 0.00, 'P'),
(323, 1, 323, 'BOGAPANI', 'PF', 'C810099D', '2023-05-06', '2451-2480', 40, 30, 240, 215.00, 0.00, 0.00, 'P'),
(324, 1, 324, 'BOGAPANI', 'PF', 'C810095D', '2023-05-06', '2356-2385', 38, 30, 250, 205.00, 0.00, 0.00, 'P'),
(325, 1, 325, 'BOGAPANI', 'PF', 'C810088D', '2023-05-06', '2166-2195', 38, 30, 240, 205.00, 0.00, 0.00, 'P'),
(326, 1, 326, 'BOGAPANI', 'PF', 'C810018D', '2023-04-10', '446-475', 38, 30, 250, 210.00, 0.00, 0.00, 'P'),
(327, 1, 327, 'BORENGAJULI', 'BPS', 'C020036D', '2023-04-24', '691-700', 30, 10, 250, 225.00, 0.00, 0.00, 'P'),
(328, 1, 328, 'MONABARIE', 'BOP', 'C880019D', '2023-04-07', '401-420', 40, 20, 260, 220.00, 0.00, 0.00, 'P'),
(329, 1, 329, 'MONABARIE', 'BOP', 'C880008D', '2023-04-07', '181-200', 40, 20, 260, 220.00, 0.00, 0.00, 'P'),
(330, 1, 330, 'MONABARIE', 'BPS', 'C880018D', '2023-04-07', '396-400', 37, 0, 240, 0.00, 0.00, 0.00, 'P'),
(331, 1, 331, 'MONABARIE', 'BPS', 'C881935C', '2023-03-20', '54989-54993', 37, 0, 240, 0.00, 0.00, 0.00, 'P'),
(332, 1, 332, 'PERTABGHUR', 'BOP', 'C240098D', '2023-04-29', '1431-1440', 36, 10, 250, 205.00, 0.00, 0.00, 'P'),
(333, 1, 333, 'PERTABGHUR', 'BP', 'C240092D', '2023-04-29', '1361-1380', 38, 20, 240, 200.00, 0.00, 0.00, 'P'),
(334, 1, 334, 'PERTABGHUR', 'BP1', 'C240109D', '2023-04-29', '1566-1575', 35, 10, 190, 162.00, 0.00, 0.00, 'P'),
(335, 1, 335, 'PERTABGHUR', 'BP1', 'C240081D', '2023-04-25', '1211-1220', 32, 10, 190, 156.00, 0.00, 0.00, 'P'),
(336, 1, 336, 'PERTABGHUR', 'BPS', 'C240087D', '2023-04-25', '1296-1305', 32, 0, 230, 0.00, 0.00, 0.00, 'P'),
(337, 1, 337, 'PERTABGHUR', 'PF', 'C240100D', '2023-04-29', '1461-1480', 39, 0, 230, 0.00, 0.00, 0.00, 'P'),
(338, 1, 338, 'PERTABGHUR', 'PF', 'C240072D', '2023-04-25', '1071-1090', 39, 20, 240, 200.00, 0.00, 0.00, 'P'),
(339, 1, 339, 'THOWRA', 'BP', 'UK64', '2023-04-12', '1700-1739', 26, 40, 190, 164.00, 0.00, 0.00, 'P'),
(340, 1, 340, 'THOWRA', 'BP', 'UK56', '2023-04-12', '1420-1459', 27, 40, 190, 180.00, 0.00, 0.00, 'P'),
(341, 1, 341, 'THOWRA', 'BP', 'UK49', '2023-04-12', '1140-1179', 27, 0, 190, 0.00, 0.00, 0.00, 'P'),
(342, 1, 342, 'DHOEDAAM', 'BP', 'UK210', '2023-04-14', '6178-6217', 25, 40, 190, 161.00, 0.00, 0.00, 'P'),
(343, 1, 343, 'DHOEDAAM', 'BP', 'UK205', '2023-04-14', '5978-6017', 25, 40, 190, 161.00, 0.00, 0.00, 'P'),
(344, 1, 344, 'DHOEDAAM', 'BP', 'UK204', '2023-04-10', '5938-5977', 25, 40, 180, 150.00, 0.00, 0.00, 'P'),
(345, 1, 345, 'DHOEDAAM', 'BP1', 'UK185', '2023-04-10', '5298-5317', 32, 0, 140, 0.00, 0.00, 0.00, 'P'),
(346, 1, 346, 'DHOEDAAM', 'PF', 'UK217', '2023-04-14', '6458-6497', 26, 40, 180, 160.00, 0.00, 0.00, 'P'),
(347, 1, 347, 'DHOEDAAM', 'PF1', 'UK288', '2023-05-04', '8538-8557', 34, 20, 140, 130.00, 0.00, 0.00, 'P'),
(348, 1, 348, 'DHOEDAAM', 'PF1', 'UK274', '2023-05-04', '8118-8137', 34, 20, 140, 130.00, 0.00, 0.00, 'P'),
(349, 1, 349, 'DHOEDAAM', 'PF1', 'UK270', '2023-05-04', '8018-8037', 34, 20, 140, 115.00, 0.00, 0.00, 'P'),
(350, 1, 350, 'BASMATIA', 'BOP', 'C185', '2023-05-04', '1604-1608', 26, 5, 270, 235.00, 0.00, 0.00, 'P'),
(351, 1, 351, 'BASMATIA', 'BOPSM', 'C186', '2023-05-04', '1609-1618', 28, 10, 310, 291.00, 0.00, 0.00, 'P'),
(352, 1, 352, 'BASMATIA', 'BOPSM', 'C182', '2023-05-04', '1574-1583', 28, 10, 320, 291.00, 0.00, 0.00, 'P'),
(353, 1, 353, 'BASMATIA', 'BOPSM', 'C147', '2023-05-04', '1488-1497', 29, 10, 280, 320.00, 0.00, 0.00, 'P'),
(354, 1, 354, 'BASMATIA', 'BOPSM', 'C144', '2023-05-04', '1468-1477', 29, 10, 280, 270.00, 0.00, 0.00, 'P'),
(355, 1, 355, 'BASMATIA', 'BOPSM', 'C140', '2023-05-04', '1438-1447', 28, 10, 280, 300.00, 0.00, 0.00, 'P'),
(356, 1, 356, 'BASMATIA', 'BP', 'C183', '2023-05-04', '1584-1593', 31, 10, 320, 285.00, 0.00, 0.00, 'P'),
(357, 1, 357, 'BASMATIA', 'BP', 'C148', '2023-05-04', '1498-1507', 31, 10, 290, 260.00, 0.00, 0.00, 'P'),
(358, 1, 358, 'BASMATIA', 'BP', 'C145', '2023-05-04', '1478-1482', 31, 5, 290, 271.00, 0.00, 0.00, 'P'),
(359, 1, 359, 'BASMATIA', 'BP', 'C139', '2023-05-04', '1428-1437', 30, 10, 290, 255.00, 0.00, 0.00, 'P'),
(360, 1, 360, 'BASMATIA', 'BP', 'C136', '2023-05-04', '1408-1412', 30, 0, 290, 0.00, 0.00, 0.00, 'P'),
(361, 1, 361, 'BASMATIA', 'BP1', 'C150', '2023-05-04', '1518-1527', 35, 10, 150, 115.00, 0.00, 0.00, 'P'),
(362, 1, 362, 'BASMATIA', 'PF', 'C146', '2023-05-04', '1483-1487', 32, 0, 310, 0.00, 0.00, 0.00, 'P'),
(363, 1, 363, 'BASMATIA', 'PF', 'C134', '2023-05-04', '1393-1397', 32, 0, 270, 0.00, 0.00, 0.00, 'P'),
(364, 1, 364, 'KHOWANG', 'BOP', 'C392', '2023-05-06', '7333-7347', 26, 15, 260, 240.00, 0.00, 0.00, 'P'),
(365, 1, 365, 'KHOWANG', 'BOP', 'C384', '2023-05-06', '7163-7174', 26, 12, 240, 235.00, 0.00, 0.00, 'P'),
(366, 1, 366, 'KHOWANG', 'BOP', 'C357', '2023-05-06', '6983-6992', 25, 10, 230, 185.00, 0.00, 0.00, 'P'),
(367, 1, 367, 'KHOWANG', 'BOPSM', 'C391', '2023-05-06', '7303-7332', 28, 30, 300, 260.00, 0.00, 0.00, 'P'),
(368, 1, 368, 'KHOWANG', 'BOPSM', 'C386', '2023-05-06', '7183-7212', 28, 30, 310, 275.00, 0.00, 0.00, 'P'),
(369, 1, 369, 'KHOWANG', 'BOPSM', 'C381', '2023-05-06', '7103-7127', 28, 25, 300, 260.00, 0.00, 0.00, 'P'),
(370, 1, 370, 'KHOWANG', 'BOPSM', 'C358', '2023-05-06', '6993-7022', 28, 30, 290, 240.00, 0.00, 0.00, 'P'),
(371, 1, 371, 'KHOWANG', 'BP', 'C396', '2023-05-06', '7403-7422', 29, 20, 300, 265.00, 0.00, 0.00, 'P'),
(372, 1, 372, 'KHOWANG', 'BP', 'C390', '2023-05-06', '7283-7302', 29, 20, 300, 265.00, 0.00, 0.00, 'P'),
(373, 1, 373, 'KHOWANG', 'BP', 'C387', '2023-05-06', '7213-7242', 29, 0, 300, 0.00, 0.00, 0.00, 'P'),
(374, 1, 374, 'KHOWANG', 'BP', 'C380', '2023-05-06', '7083-7102', 29, 20, 290, 240.00, 0.00, 0.00, 'P'),
(375, 1, 375, 'KHOWANG', 'BP', 'C359', '2023-05-06', '7023-7042', 29, 0, 300, 0.00, 0.00, 0.00, 'P'),
(376, 1, 376, 'KHOWANG', 'BP', 'C242', '2023-04-13', '4476-4495', 27, 20, 190, 150.00, 0.00, 0.00, 'P'),
(377, 1, 377, 'KHOWANG', 'BP', 'C239', '2023-04-13', '4396-4425', 27, 0, 190, 0.00, 0.00, 0.00, 'P'),
(378, 1, 378, 'KHOWANG', 'BP', 'C212', '2023-04-11', '3760-3789', 27, 30, 190, 175.00, 0.00, 0.00, 'P'),
(379, 1, 379, 'KHOWANG', 'PF', 'C393', '2023-05-06', '7348-7362', 30, 15, 280, 245.00, 0.00, 0.00, 'P'),
(380, 1, 380, 'KHOWANG', 'PF', 'C385', '2023-05-06', '7175-7182', 30, 0, 280, 0.00, 0.00, 0.00, 'P'),
(381, 1, 381, 'KHOWANG', 'PF', 'C252', '2023-04-13', '4678-4707', 29, 30, 180, 150.00, 0.00, 0.00, 'P'),
(382, 1, 382, 'KHOWANG', 'PF', 'C232', '2023-04-13', '4226-4245', 29, 20, 180, 160.00, 0.00, 0.00, 'P'),
(383, 1, 383, 'SALONAH', 'BOP', 'C84', '2023-05-03', '2006-2025', 31, 0, 250, 0.00, 0.00, 0.00, 'P'),
(384, 1, 384, 'SALONAH', 'BOPSM', 'C85', '2023-05-03', '2026-2055', 33, 0, 260, 0.00, 0.00, 0.00, 'P'),
(385, 1, 385, 'GATOONGA(CL)', 'BOP', 'C10702', '2023-05-02', '5004-5018', 38, 15, 260, 227.00, 0.00, 0.00, 'P'),
(386, 1, 386, 'GATOONGA(CL)', 'PF', 'C10716', '2023-05-02', '5088-5102', 42, 15, 260, 237.00, 0.00, 0.00, 'P'),
(387, 1, 387, 'SALKATHONI(CL)', 'BP', 'C20349', '2023-05-05', '5398-5403', 35, 6, 210, 215.00, 0.00, 0.00, 'P'),
(388, 1, 388, 'SALKATHONI(CL)', 'BP', 'C20348', '2023-05-05', '5383-5397', 35, 15, 220, 215.00, 0.00, 0.00, 'P'),
(389, 1, 389, 'SALKATHONI(CL)', 'PF', 'C20350', '2023-05-05', '5404-5418', 37, 15, 230, 220.00, 0.00, 0.00, 'P'),
(390, 1, 390, 'SANGSUA', 'BOP', 'C40178', '2023-05-05', '1555-1569', 38, 15, 240, 205.00, 0.00, 0.00, 'P'),
(391, 1, 391, 'SANGSUA', 'PF', 'C40177', '2023-05-05', '1540-1554', 42, 15, 240, 230.00, 0.00, 0.00, 'P'),
(392, 1, 392, 'MELENG(CLONAL)', 'BOP', 'C328', '2023-05-03', '4565-4574', 26, 10, 230, 180.00, 0.00, 0.00, 'P'),
(393, 1, 393, 'MELENG(CLONAL)', 'BP', 'C327', '2023-05-03', '4555-4564', 29, 10, 230, 185.00, 0.00, 0.00, 'P'),
(394, 1, 394, 'MARANGI', 'BP', 'C108', '2023-05-06', '1727-1746', 31, 20, 250, 200.00, 0.00, 0.00, 'P'),
(395, 1, 395, 'MARANGI', 'OF', 'C114', '2023-05-06', '1842-1861', 33, 0, 0, 0.00, 0.00, 0.00, 'P'),
(396, 1, 396, 'ADDABARIE', 'BOP', 'C334', '2023-05-06', '3806-3825', 32, 20, 170, 167.00, 0.00, 0.00, 'P'),
(397, 1, 397, 'ADDABARIE', 'BOP', 'C319', '2023-05-03', '3495-3514', 32, 20, 170, 153.00, 0.00, 0.00, 'P'),
(398, 1, 398, 'ADDABARIE', 'BOP', 'C318', '2023-05-03', '3475-3494', 32, 20, 170, 157.00, 0.00, 0.00, 'P'),
(399, 1, 399, 'ADDABARIE', 'BOP', 'C217', '2023-04-11', '1900-1906', 30, 0, 150, 0.00, 0.00, 0.00, 'P'),
(400, 1, 400, 'ADDABARIE', 'BOPSM', 'C335', '2023-05-06', '3826-3850', 35, 25, 190, 205.00, 0.00, 0.00, 'P'),
(401, 1, 401, 'ADDABARIE', 'BOPSM', 'C321', '2023-05-03', '3535-3559', 34, 25, 190, 175.00, 0.00, 0.00, 'P'),
(402, 1, 402, 'ADDABARIE', 'BOPSM', 'C222', '2023-04-11', '1995-2012', 33, 18, 160, 140.00, 0.00, 0.00, 'P'),
(403, 1, 403, 'ADDABARIE', 'BOPSM', 'C93', '2023-03-26', '701-708', 32, 8, 160, 140.00, 0.00, 0.00, 'P'),
(404, 1, 404, 'ADDABARIE', 'BP', 'C336', '2023-05-06', '3851-3870', 36, 20, 180, 187.00, 0.00, 0.00, 'P'),
(405, 1, 405, 'ADDABARIE', 'BP', 'C330', '2023-05-03', '3721-3740', 36, 20, 170, 195.00, 0.00, 0.00, 'P'),
(406, 1, 406, 'ADDABARIE', 'BP', 'C322', '2023-05-03', '3560-3579', 35, 20, 170, 186.00, 0.00, 0.00, 'P'),
(407, 1, 407, 'ADDABARIE', 'BPS', 'C320', '2023-05-03', '3515-3534', 32, 20, 160, 140.00, 0.00, 0.00, 'P'),
(408, 1, 408, 'ADDABARIE', 'PF', 'C338', '2023-05-06', '3896-3915', 35, 20, 170, 224.00, 0.00, 0.00, 'P'),
(409, 1, 409, 'ADDABARIE', 'PF', 'C323', '2023-05-03', '3580-3599', 36, 20, 170, 180.00, 0.00, 0.00, 'P'),
(410, 1, 410, 'BRAHMAJAN', 'BOP', 'C319', '2023-05-02', '4262-4266', 26, 5, 240, 211.00, 0.00, 0.00, 'P'),
(411, 1, 411, 'BRAHMAJAN', 'BOPSM', 'C299', '2023-05-02', '4083-4087', 27, 0, 300, 0.00, 0.00, 0.00, 'P'),
(412, 1, 412, 'BRAHMAJAN', 'BOPSM', 'C291', '2023-05-02', '3994-4008', 27, 0, 300, 0.00, 0.00, 0.00, 'P'),
(413, 1, 413, 'BRAHMAJAN', 'BOPSM', 'C280', '2023-05-02', '3884-3893', 27, 0, 225, 0.00, 0.00, 0.00, 'P'),
(414, 1, 414, 'BRAHMAJAN', 'BP', 'C298', '2023-05-02', '4076-4082', 28, 0, 300, 0.00, 0.00, 0.00, 'P'),
(415, 1, 415, 'BRAHMAJAN', 'PF', 'C305', '2023-05-02', '4125-4129', 29, 5, 225, 181.00, 0.00, 0.00, 'P'),
(416, 1, 416, 'BRAHMAJAN', 'PF', 'C297', '2023-05-02', '4068-4075', 29, 8, 215, 200.00, 0.00, 0.00, 'P'),
(417, 1, 417, 'BRAHMAJAN', 'PF', 'C281', '2023-05-02', '3894-3900', 29, 7, 210, 181.00, 0.00, 0.00, 'P'),
(418, 1, 418, 'TELOIJANROYALSPL', 'BOPSM', 'C2061', '2023-04-16', '2261-2290', 36, 30, 170, 140.00, 0.00, 0.00, 'P'),
(419, 1, 419, 'HANUMANBAG', 'BOP', 'C137', '2023-05-07', '1241-1250', 38, 0, 190, 0.00, 0.00, 0.00, 'P'),
(420, 1, 420, 'HANUMANBAG', 'BOP', 'C68', '2023-04-13', '546-550', 40, 0, 200, 0.00, 0.00, 0.00, 'P'),
(421, 1, 421, 'HANUMANBAG', 'BOP', 'C9', '2023-03-24', '51-55', 40, 5, 210, 160.00, 0.00, 0.00, 'P'),
(422, 1, 422, 'HANUMANBAG', 'BOPSM', 'C138', '2023-05-07', '1251-1260', 40, 0, 220, 0.00, 0.00, 0.00, 'P'),
(423, 1, 423, 'HANUMANBAG', 'BP', 'C172', '2023-05-07', '1598-1607', 42, 10, 270, 241.00, 0.00, 0.00, 'P'),
(424, 1, 424, 'HANUMANBAG', 'BP', 'C163', '2023-05-07', '1538-1547', 42, 10, 280, 236.00, 0.00, 0.00, 'P'),
(425, 1, 425, 'HANUMANBAG', 'BP', 'C141', '2023-05-07', '1271-1275', 42, 0, 200, 0.00, 0.00, 0.00, 'P'),
(426, 1, 426, 'HANUMANBAG', 'BP', 'C1', '2023-03-24', '1-May', 44, 5, 210, 192.00, 0.00, 0.00, 'P'),
(427, 1, 427, 'HANUMANBAG', 'BP1', 'C156', '2023-05-07', '1488-1497', 40, 0, 170, 0.00, 0.00, 0.00, 'P'),
(428, 1, 428, 'HANUMANBAG', 'PF', 'C164', '2023-05-07', '1548-1557', 44, 10, 270, 226.00, 0.00, 0.00, 'P'),
(429, 1, 429, 'HANUMANBAG', 'PF', 'C151', '2023-05-07', '1321-1325', 44, 5, 210, 170.00, 0.00, 0.00, 'P'),
(430, 1, 430, 'HANUMANBAG', 'PF1', 'C157', '2023-05-07', '1498-1507', 42, 10, 170, 140.00, 0.00, 0.00, 'P'),
(431, 1, 431, 'MADOORIE', 'BOP', 'C156', '2023-05-07', '1660-1669', 40, 10, 230, 195.00, 0.00, 0.00, 'P'),
(432, 1, 432, 'MADOORIE', 'BOP', 'C98', '2023-04-12', '954-963', 42, 0, 200, 0.00, 0.00, 0.00, 'P'),
(433, 1, 433, 'MADOORIE', 'BOPSM', 'C155', '2023-05-07', '1640-1659', 40, 20, 210, 169.00, 0.00, 0.00, 'P'),
(434, 1, 434, 'MADOORIE', 'BP', 'C168', '2023-05-07', '1770-1779', 42, 10, 270, 220.00, 0.00, 0.00, 'P'),
(435, 1, 435, 'MADOORIE', 'BP', 'C157', '2023-05-07', '1670-1689', 42, 20, 200, 201.00, 0.00, 0.00, 'P'),
(436, 1, 436, 'MADOORIE', 'BP', 'C4', '2023-03-24', '16-20', 48, 5, 210, 180.00, 0.00, 0.00, 'P'),
(437, 1, 437, 'MADOORIE', 'PF', 'C160', '2023-05-07', '1705-1709', 45, 0, 240, 0.00, 0.00, 0.00, 'P'),
(438, 1, 438, 'DHENDAI', 'BOPSM', 'C55', '2023-04-29', '1061-1080', 32, 0, 400, 0.00, 0.00, 0.00, 'P'),
(439, 1, 439, 'DHENDAI', 'BP', 'C49', '2023-04-29', '941-960', 36, 20, 230, 195.00, 0.00, 0.00, 'P'),
(440, 1, 440, 'SADHARU', 'BOPSM', 'CS207', '2023-04-28', '2050-2054', 35, 5, 180, 160.00, 0.00, 0.00, 'P'),
(441, 1, 441, 'SADHARU', 'BOPSM', 'CS141', '2023-04-13', '1456-1460', 35, 5, 160, 150.00, 0.00, 0.00, 'P'),
(442, 1, 442, 'SADHARU', 'BOPSM', 'CS133', '2023-04-13', '1391-1395', 35, 5, 160, 155.00, 0.00, 0.00, 'P'),
(443, 1, 443, 'SADHARU', 'BOPSM', 'CS38', '2023-03-27', '357-364', 35, 8, 170, 150.00, 0.00, 0.00, 'P'),
(444, 1, 444, 'SADHARU', 'BP', 'CS208', '2023-04-28', '2055-2064', 38, 10, 180, 155.00, 0.00, 0.00, 'P'),
(445, 1, 445, 'SADHARU', 'PF', 'CS215', '2023-04-28', '2115-2119', 40, 5, 180, 165.00, 0.00, 0.00, 'P'),
(446, 1, 446, 'SADHARU', 'PF', 'CS209', '2023-04-28', '2065-2070', 40, 6, 180, 160.00, 0.00, 0.00, 'P'),
(447, 1, 447, 'DUKENHENGRA', 'BOP', 'C16', '2023-05-03', '193-207', 32, 0, 210, 0.00, 0.00, 0.00, 'P'),
(448, 1, 448, 'DUKENHENGRA', 'BOP', 'C9', '2023-05-03', '98-107', 32, 0, 200, 0.00, 0.00, 0.00, 'P'),
(449, 1, 449, 'DUKENHENGRA', 'BP', 'C19', '2023-05-03', '243-262', 34, 0, 200, 0.00, 0.00, 0.00, 'P'),
(450, 1, 450, 'DUKENHENGRA', 'BP', 'C17', '2023-05-03', '208-227', 34, 0, 210, 0.00, 0.00, 0.00, 'P'),
(451, 1, 451, 'DUKENHENGRA', 'BP', 'C6', '2023-05-03', '61-75', 34, 15, 210, 163.00, 0.00, 0.00, 'P'),
(452, 1, 452, 'AMBIKAPUR', 'BOP1', 'C314', '2023-05-02', '4201-4215', 32, 0, 130, 0.00, 0.00, 0.00, 'P'),
(453, 1, 453, 'AMBIKAPUR', 'BOP1', 'C283', '2023-05-02', '3909-3925', 32, 0, 130, 0.00, 0.00, 0.00, 'P'),
(454, 1, 454, 'AMBIKAPUR', 'BOPSM', 'C290', '2023-05-02', '3988-3993', 34, 6, 165, 135.00, 0.00, 0.00, 'P'),
(455, 1, 455, 'AMBIKAPUR', 'BOPSM', 'C272', '2023-05-02', '3801-3809', 34, 9, 165, 131.00, 0.00, 0.00, 'P'),
(456, 1, 456, 'AMBIKAPUR', 'BOPSM1', 'C315', '2023-05-02', '4216-4226', 34, 11, 140, 110.00, 0.00, 0.00, 'P'),
(457, 1, 457, 'AMBIKAPUR', 'BOPSM1', 'C295', '2023-05-02', '4044-4056', 34, 13, 140, 110.00, 0.00, 0.00, 'P'),
(458, 1, 458, 'AMBIKAPUR', 'BOPSM1', 'C279', '2023-05-02', '3872-3883', 34, 12, 140, 110.00, 0.00, 0.00, 'P'),
(459, 1, 459, 'AMBIKAPUR', 'BP', 'C321', '2023-05-02', '4287-4302', 35, 16, 180, 165.00, 0.00, 0.00, 'P'),
(460, 1, 460, 'AMBIKAPUR', 'BP', 'C311', '2023-05-02', '4170-4176', 35, 7, 175, 145.00, 0.00, 0.00, 'P'),
(461, 1, 461, 'AMBIKAPUR', 'BP', 'C288', '2023-05-02', '3972-3979', 35, 8, 175, 135.00, 0.00, 0.00, 'P'),
(462, 1, 462, 'AMBIKAPUR', 'BP', 'C273', '2023-05-02', '3810-3819', 35, 10, 165, 135.00, 0.00, 0.00, 'P'),
(463, 1, 463, 'AMBIKAPUR', 'BP1', 'C324', '2023-05-02', '4332-4336', 35, 5, 130, 110.00, 0.00, 0.00, 'P'),
(464, 1, 464, 'AMBIKAPUR', 'BP1', 'C316', '2023-05-02', '4227-4235', 35, 0, 130, 0.00, 0.00, 0.00, 'P'),
(465, 1, 465, 'AMBIKAPUR', 'BP1', 'C294', '2023-05-02', '4030-4043', 35, 0, 130, 0.00, 0.00, 0.00, 'P'),
(466, 1, 466, 'AMBIKAPUR', 'BP1', 'C284', '2023-05-02', '3926-3945', 35, 0, 130, 0.00, 0.00, 0.00, 'P'),
(467, 1, 467, 'AMBIKAPUR', 'PF', 'C301', '2023-05-02', '4095-4100', 37, 6, 165, 160.00, 0.00, 0.00, 'P'),
(468, 1, 468, 'AMBIKAPUR', 'PF1', 'C296', '2023-05-02', '4057-4067', 37, 0, 135, 0.00, 0.00, 0.00, 'P'),
(469, 1, 469, 'KHONGEACLONAL', 'BOP', 'C173', '2023-05-03', '2352-2361', 33, 0, 150, 0.00, 0.00, 0.00, 'P'),
(470, 1, 470, 'KHONGEACLONAL', 'BOP', 'C166', '2023-05-03', '2263-2271', 30, 0, 150, 0.00, 0.00, 0.00, 'P'),
(471, 1, 471, 'KHONGEACLONAL', 'BOP1', 'C178', '2023-05-03', '2392-2398', 33, 7, 140, 100.00, 0.00, 0.00, 'P'),
(472, 1, 472, 'KHONGEACLONAL', 'BOPSM', 'C177', '2023-05-03', '2386-2391', 35, 6, 170, 150.00, 0.00, 0.00, 'P'),
(473, 1, 473, 'KHONGEACLONAL', 'BP', 'C171', '2023-05-03', '2319-2331', 36, 0, 170, 0.00, 0.00, 0.00, 'P'),
(474, 1, 474, 'KHONGEACLONAL', 'BP', 'C163', '2023-05-03', '2233-2240', 36, 0, 170, 0.00, 0.00, 0.00, 'P');
INSERT INTO `auction_dtl` (`acd_id`, `auc_id`, `lot_no`, `garden_nm`, `grade`, `invoice_no`, `gp_date`, `chest`, `net`, `pkgs`, `valu_kg`, `base_price`, `bid_price`, `bidder_id`, `auc_status`) VALUES
(475, 1, 475, 'KHONGEACLONAL', 'BP', 'C128', '2023-04-12', '1687-1706', 36, 20, 170, 130.00, 0.00, 0.00, 'P'),
(476, 1, 476, 'KHONGEACLONAL', 'BP', 'C124', '2023-04-12', '1612-1631', 36, 20, 170, 140.00, 0.00, 0.00, 'P'),
(477, 1, 477, 'KHONGEACLONAL', 'BP', 'C115', '2023-04-12', '1449-1468', 36, 20, 170, 140.00, 0.00, 0.00, 'P'),
(478, 1, 478, 'KHONGEACLONAL', 'BP1', 'C181', '2023-05-03', '2429-2445', 38, 17, 140, 115.00, 0.00, 0.00, 'P'),
(479, 1, 479, 'KHONGEACLONAL', 'BP1', 'C180', '2023-05-03', '2414-2428', 38, 15, 140, 100.00, 0.00, 0.00, 'P'),
(480, 1, 480, 'KHONGEACLONAL', 'BP1', 'C179', '2023-05-03', '2399-2413', 38, 15, 140, 100.00, 0.00, 0.00, 'P'),
(481, 1, 481, 'KHONGEACLONAL', 'BP1', 'C168', '2023-05-03', '2280-2291', 34, 12, 140, 110.00, 0.00, 0.00, 'P'),
(482, 1, 482, 'KHONGEACLONAL', 'BPS', 'C174', '2023-05-03', '2362-2368', 30, 0, 150, 0.00, 0.00, 0.00, 'P'),
(483, 1, 483, 'KHONGEACLONAL', 'BPS', 'C167', '2023-05-03', '2272-2279', 29, 8, 150, 110.00, 0.00, 0.00, 'P'),
(484, 1, 484, 'KHONGEACLONAL', 'BPS', 'C159', '2023-05-03', '2170-2183', 30, 0, 150, 0.00, 0.00, 0.00, 'P'),
(485, 1, 485, 'KHONGEACLONAL', 'PF', 'C176', '2023-05-03', '2376-2385', 40, 0, 170, 0.00, 0.00, 0.00, 'P'),
(486, 1, 486, 'KHONGEACLONAL', 'PF', 'C127', '2023-04-12', '1672-1686', 40, 0, 170, 0.00, 0.00, 0.00, 'P'),
(487, 1, 487, 'LABACGOLD', 'BOPSM', 'C130', '2023-04-29', '2845-2874', 35, 0, 210, 0.00, 0.00, 0.00, 'P'),
(488, 1, 488, 'LABACGOLD', 'BP', 'C129', '2023-04-29', '2815-2844', 35, 30, 220, 175.00, 0.00, 0.00, 'P'),
(489, 1, 489, 'LABACGOLD', 'BP', 'C127', '2023-04-29', '2755-2784', 35, 30, 220, 177.00, 0.00, 0.00, 'P'),
(490, 1, 490, 'LABACGOLD', 'BP', 'C126', '2023-04-29', '2725-2754', 35, 0, 220, 0.00, 0.00, 0.00, 'P'),
(491, 1, 491, 'LABACGOLD', 'BP', 'C125', '2023-04-29', '2695-2724', 35, 30, 220, 177.00, 0.00, 0.00, 'P'),
(492, 1, 492, 'LABACGOLD', 'OF', 'C131', '2023-04-29', '2875-2904', 35, 30, 210, 175.00, 0.00, 0.00, 'P'),
(493, 1, 493, 'LABACGOLD', 'OF', 'C128', '2023-04-29', '2785-2814', 35, 30, 210, 170.00, 0.00, 0.00, 'P'),
(494, 1, 494, 'KALLINEGOLD', 'BOP', 'EX148', '2023-05-02', '1735-1744', 30, 0, 170, 0.00, 0.00, 0.00, 'P'),
(495, 1, 495, 'KALLINEGOLD', 'BOPSM', 'EX147', '2023-05-05', '1725-1734', 30, 10, 190, 165.00, 0.00, 0.00, 'P'),
(496, 1, 496, 'KALLINEGOLD', 'BP1', 'EX161', '2023-05-05', '1960-1969', 38, 10, 160, 140.00, 0.00, 0.00, 'P'),
(497, 1, 497, 'KALLINEGOLD', 'OF1', 'EX162', '2023-05-05', '1970-1979', 40, 10, 160, 152.00, 0.00, 0.00, 'P'),
(498, 1, 498, 'BURTOLL GOLD', 'BOPSM', 'C138', '2023-05-05', '3304-3333', 30, 0, 200, 0.00, 0.00, 0.00, 'P'),
(499, 1, 499, 'BURTOLL GOLD', 'BOPSM', 'C106', '2023-04-29', '2354-2383', 30, 0, 200, 0.00, 0.00, 0.00, 'P'),
(500, 1, 500, 'BURTOLL GOLD', 'BP', 'C141', '2023-05-05', '3394-3423', 30, 30, 210, 171.00, 0.00, 0.00, 'P'),
(501, 1, 501, 'BURTOLL GOLD', 'BP', 'C140', '2023-05-05', '3364-3393', 30, 30, 210, 172.00, 0.00, 0.00, 'P'),
(502, 1, 502, 'BURTOLL GOLD', 'BP', 'C139', '2023-05-05', '3334-3363', 30, 30, 210, 170.00, 0.00, 0.00, 'P'),
(503, 1, 503, 'BURTOLL GOLD', 'BP', 'C134', '2023-05-05', '3194-3223', 30, 30, 210, 170.00, 0.00, 0.00, 'P'),
(504, 1, 504, 'BURTOLL GOLD', 'BP', 'C133', '2023-05-05', '3164-3193', 30, 30, 210, 170.00, 0.00, 0.00, 'P'),
(505, 1, 505, 'BURTOLL GOLD', 'BP', 'C132', '2023-05-05', '3134-3163', 30, 30, 210, 182.00, 0.00, 0.00, 'P'),
(506, 1, 506, 'BURTOLL GOLD', 'BP', 'C129', '2023-05-05', '3044-3073', 30, 30, 210, 175.00, 0.00, 0.00, 'P'),
(507, 1, 507, 'BURTOLL GOLD', 'BP', 'C116', '2023-04-29', '2654-2683', 30, 30, 210, 171.00, 0.00, 0.00, 'P'),
(508, 1, 508, 'BURTOLL GOLD', 'BP', 'C114', '2023-04-29', '2594-2623', 30, 30, 210, 170.00, 0.00, 0.00, 'P'),
(509, 1, 509, 'BURTOLL GOLD', 'BP', 'C111', '2023-04-29', '2504-2533', 30, 30, 210, 182.00, 0.00, 0.00, 'P'),
(510, 1, 510, 'BURTOLL GOLD', 'BP', 'C107', '2023-04-29', '2384-2413', 30, 30, 210, 177.00, 0.00, 0.00, 'P'),
(511, 1, 511, 'BURTOLL GOLD', 'OF', 'C142', '2023-05-05', '3424-3453', 35, 30, 210, 170.00, 0.00, 0.00, 'P'),
(512, 1, 512, 'BURTOLL GOLD', 'OF', 'C112', '2023-04-29', '2534-2563', 35, 30, 210, 170.00, 0.00, 0.00, 'P'),
(513, 1, 513, 'KOOMBER', 'BOP', 'C14', '2023-04-30', '425-435', 36, 11, 175, 136.00, 0.00, 0.00, 'P'),
(514, 1, 514, 'KOOMBER', 'BOPSM', 'C14', '2023-04-30', '436-456', 38, 21, 200, 161.00, 0.00, 0.00, 'P'),
(515, 1, 515, 'KOOMBER', 'BP', 'C15', '2023-04-30', '490-529', 40, 40, 200, 165.00, 0.00, 0.00, 'P'),
(516, 1, 516, 'KOOMBER', 'PF', 'C14', '2023-04-30', '457-489', 43, 33, 190, 160.00, 0.00, 0.00, 'P'),
(517, 1, 517, 'LALLAMOOKH', 'BOP', 'C119', '2023-05-03', '800-807', 30, 0, 220, 0.00, 0.00, 0.00, 'P'),
(518, 1, 518, 'LALLAMOOKH', 'BOPSM', 'C133', '2023-05-03', '983-998', 31, 0, 240, 0.00, 0.00, 0.00, 'P'),
(519, 1, 519, 'LALLAMOOKH', 'BOPSM', 'C122', '2023-05-03', '829-840', 31, 0, 240, 0.00, 0.00, 0.00, 'P'),
(520, 1, 520, 'LALLAMOOKH', 'BP', 'C131', '2023-05-03', '947-966', 32, 20, 240, 190.00, 0.00, 0.00, 'P'),
(521, 1, 521, 'LALLAMOOKH', 'BPSM', 'C135', '2023-05-03', '1008-1018', 33, 11, 230, 200.00, 0.00, 0.00, 'P'),
(522, 1, 522, 'LALLAMOOKH', 'OF', 'C127', '2023-05-03', '908-915', 34, 0, 230, 0.00, 0.00, 0.00, 'P'),
(523, 1, 523, 'LALLAMOOKH', 'OF', 'C118', '2023-05-03', '780-799', 34, 20, 240, 190.00, 0.00, 0.00, 'P'),
(524, 1, 524, 'KALLINE SPECIAL', 'BOPSM', 'EX150', '2023-05-02', '1775-1794', 36, 0, 170, 0.00, 0.00, 0.00, 'P'),
(525, 1, 525, 'KALLINE SPECIAL', 'BP', 'EX154', '2023-05-02', '1835-1864', 38, 0, 180, 0.00, 0.00, 0.00, 'P'),
(526, 1, 526, 'KALLINE SPECIAL', 'OF', 'EX149', '2023-05-02', '1745-1774', 40, 0, 180, 0.00, 0.00, 0.00, 'P'),
(527, 1, 527, 'BURTOLLSPECIAL', 'BOPSM', 'C118', '2023-04-29', '2714-2743', 35, 0, 190, 0.00, 0.00, 0.00, 'P'),
(528, 1, 528, 'BURTOLLSPECIAL', 'BP', 'C131', '2023-05-05', '3104-3133', 35, 30, 200, 161.00, 0.00, 0.00, 'P'),
(529, 1, 529, 'BURTOLLSPECIAL', 'OF', 'C137', '2023-05-05', '3284-3303', 35, 20, 200, 161.00, 0.00, 0.00, 'P'),
(530, 1, 530, 'DANGUAJHAR', 'BOPSM', 'C321', '2023-05-09', '4846-4865', 38, 20, 305, 280.00, 0.00, 0.00, 'P'),
(531, 1, 531, 'DANGUAJHAR', 'BOPSM', 'C315', '2023-05-09', '4696-4715', 38, 20, 320, 280.00, 0.00, 0.00, 'P'),
(532, 1, 532, 'DANGUAJHAR', 'BOPSM', 'C304', '2023-05-09', '4476-4495', 38, 20, 315, 280.00, 0.00, 0.00, 'P'),
(533, 1, 533, 'DANGUAJHAR', 'BP', 'C307', '2023-05-09', '4536-4555', 38, 20, 350, 301.00, 0.00, 0.00, 'P'),
(534, 1, 534, 'DANGUAJHAR', 'BP', 'C305', '2023-05-09', '4496-4515', 38, 20, 340, 310.00, 0.00, 0.00, 'P'),
(535, 1, 535, 'DANGUAJHAR', 'OF', 'C325', '2023-05-09', '4956-4985', 38, 30, 335, 316.00, 0.00, 0.00, 'P'),
(536, 1, 536, 'DANGUAJHAR', 'OF', 'C306', '2023-05-09', '4516-4535', 38, 20, 340, 319.00, 0.00, 0.00, 'P'),
(537, 1, 537, 'DANGUAJHAR', 'OF', 'C275', '2023-04-17', '3896-3915', 38, 20, 280, 251.00, 0.00, 0.00, 'P'),
(538, 1, 538, 'CHALOUNI', 'OF', 'C143', '2023-04-12', '1671-1680', 38, 0, 0, 0.00, 0.00, 0.00, 'P'),
(539, 1, 539, 'HOPE', 'BP', 'C169', '2023-05-02', '2839-2850', 38, 12, 340, 325.00, 0.00, 0.00, 'P'),
(540, 1, 540, 'HOPE', 'OF', 'C169', '2023-05-02', '2851-2855', 38, 5, 330, 301.00, 0.00, 0.00, 'P'),
(541, 1, 541, 'HOPE', 'OF', 'C165', '2023-05-02', '2777-2784', 38, 8, 335, 301.00, 0.00, 0.00, 'P'),
(542, 1, 542, 'LEESH RIVER', 'BOPSM', 'C146', '2023-03-30', '1976-1995', 38, 0, 265, 0.00, 0.00, 0.00, 'P'),
(543, 1, 543, 'LEESH RIVER', 'BOPSM', 'C123', '2023-03-24', '1416-1430', 38, 0, 265, 0.00, 0.00, 0.00, 'P'),
(544, 1, 544, 'BAMANDANGASINGLEESTATE', 'OF', 'EX167', '2023-04-17', '16701-16707', 38, 0, 210, 0.00, 0.00, 0.00, 'P'),
(545, 1, 545, 'SAMSINGSINGLEESTATE', 'BOP', 'EX44', '2023-04-17', '4401-4420', 38, 0, 180, 0.00, 0.00, 0.00, 'P'),
(546, 1, 546, 'SAMSINGSINGLEESTATE', 'BOPSM', 'EX37', '2023-04-17', '3701-3720', 38, 0, 190, 0.00, 0.00, 0.00, 'P'),
(547, 1, 547, 'SAMSINGSINGLEESTATE', 'BP', 'EX47', '2023-04-17', '4701-4720', 38, 20, 200, 169.00, 0.00, 0.00, 'P'),
(548, 1, 548, 'SAMSINGSINGLEESTATE', 'BP', 'EX40', '2023-04-17', '4001-4020', 38, 0, 190, 0.00, 0.00, 0.00, 'P'),
(549, 1, 549, 'SAMSINGSINGLEESTATE', 'BP', 'EX34', '2023-04-17', '3401-3415', 38, 0, 190, 0.00, 0.00, 0.00, 'P'),
(550, 1, 550, 'SAMSINGSINGLEESTATE', 'OF', 'EX33', '2023-04-17', '3301-3315', 38, 0, 200, 0.00, 0.00, 0.00, 'P'),
(551, 1, 551, 'TELEPARA ROYAL', 'BOPSM', 'C203', '2023-05-09', '3382-3401', 35, 0, 270, 0.00, 0.00, 0.00, 'P'),
(552, 1, 552, 'NAMASTE TEA', 'BOPSM', 'C118', '2023-05-03', '998-1007', 35, 10, 210, 170.00, 0.00, 0.00, 'P'),
(553, 1, 553, 'NAMASTE TEA', 'BP', 'C125', '2023-05-03', '1068-1077', 35, 10, 220, 190.00, 0.00, 0.00, 'P'),
(554, 1, 554, 'NAMASTE TEA', 'BP', 'C124', '2023-05-03', '1058-1067', 35, 10, 220, 177.00, 0.00, 0.00, 'P'),
(555, 1, 555, 'NAMASTE TEA', 'BP', 'C122', '2023-05-03', '1038-1047', 35, 10, 210, 175.00, 0.00, 0.00, 'P'),
(556, 1, 556, 'NAMASTE TEA', 'BP', 'C120', '2023-05-03', '1018-1027', 35, 10, 210, 175.00, 0.00, 0.00, 'P'),
(557, 1, 557, 'NAMASTE TEA', 'BP', 'C116', '2023-05-03', '978-987', 35, 0, 210, 0.00, 0.00, 0.00, 'P'),
(558, 1, 558, 'NAMASTE TEA', 'OF', 'C123', '2023-05-03', '1048-1057', 35, 10, 220, 191.00, 0.00, 0.00, 'P'),
(559, 1, 559, 'PUSPA SUPREME', 'BOP1', 'C185', '2023-03-24', '2616-2630', 26, 15, 145, 133.00, 0.00, 0.00, 'P'),
(560, 1, 560, 'PUSPA SUPREME', 'BOPSM1', 'C241', '2023-03-27', '3706-3720', 26, 15, 155, 115.00, 0.00, 0.00, 'P'),
(561, 1, 561, 'PUSPA SUPREME', 'BP1', 'C285', '2023-03-27', '4556-4570', 26, 0, 160, 0.00, 0.00, 0.00, 'P'),
(562, 1, 562, 'AVANI CLASSIC', 'BOPSM', 'C276', '2023-05-11', '8035-8054', 26, 20, 150, 120.00, 0.00, 0.00, 'P'),
(563, 1, 563, 'AVANI CLASSIC', 'BP', 'C290', '2023-05-11', '8315-8334', 26, 20, 155, 129.00, 0.00, 0.00, 'P'),
(564, 1, 564, 'AVANI CLASSIC', 'BP', 'C289', '2023-05-11', '8295-8314', 26, 20, 155, 129.00, 0.00, 0.00, 'P'),
(565, 1, 565, 'AVANI CLASSIC', 'BP', 'C279', '2023-05-11', '8095-8114', 26, 20, 155, 129.00, 0.00, 0.00, 'P'),
(566, 1, 566, 'AVANI CLASSIC', 'BP', 'C261', '2023-05-11', '7735-7754', 26, 20, 155, 129.00, 0.00, 0.00, 'P'),
(567, 1, 567, 'AVANI CLASSIC', 'OF', 'C374', '2023-05-11', '9995-10014', 26, 20, 155, 140.00, 0.00, 0.00, 'P'),
(568, 1, 568, 'ROYBARI GOLD', 'BP', 'C550', '2023-04-15', '8732-8751', 26, 0, 130, 0.00, 0.00, 0.00, 'P'),
(569, 1, 569, 'ROYBARI GOLD', 'BP', 'C548', '2023-04-15', '8692-8711', 26, 0, 130, 0.00, 0.00, 0.00, 'P'),
(570, 1, 570, 'ROYBARI GOLD', 'BP', 'C529', '2023-04-14', '8353-8372', 26, 0, 130, 0.00, 0.00, 0.00, 'P'),
(571, 1, 571, 'ROYBARI GOLD', 'OF', 'C552', '2023-04-15', '8767-8786', 26, 20, 130, 114.00, 0.00, 0.00, 'P'),
(572, 1, 572, 'ROYBARI GOLD', 'OF', 'C302', '2023-03-24', '4116-4135', 26, 20, 130, 117.00, 0.00, 0.00, 'P'),
(573, 1, 573, 'GOALTULI', 'BOPSM', 'C123', '2023-05-11', '2828-2847', 26, 20, 140, 118.00, 0.00, 0.00, 'P'),
(574, 1, 574, 'GOALTULI', 'BP', 'C254', '2023-05-11', '5448-5467', 26, 20, 145, 127.00, 0.00, 0.00, 'P'),
(575, 1, 575, 'GOALTULI', 'BP', 'C253', '2023-05-11', '5428-5447', 26, 0, 145, 0.00, 0.00, 0.00, 'P'),
(576, 1, 576, 'GOALTULI', 'BP', 'C224', '2023-05-11', '4848-4867', 26, 20, 145, 125.00, 0.00, 0.00, 'P'),
(577, 1, 577, 'GOALTULI', 'BP', 'C223', '2023-05-11', '4828-4847', 26, 20, 145, 129.00, 0.00, 0.00, 'P'),
(578, 1, 578, 'GOALTULI', 'BP', 'C222', '2023-05-11', '4808-4827', 26, 20, 145, 127.00, 0.00, 0.00, 'P'),
(579, 2, 1, 'AMGOORIE', 'BOP', 'C158', '2023-05-06', '6366-6395', 25, 30, 350, 340.00, 0.00, 0.00, 'P'),
(580, 2, 2, 'AMGOORIE', 'BOP', 'C128', '2023-04-24', '4926-4955', 25, 30, 350, 311.00, 0.00, 0.00, 'P'),
(581, 2, 3, 'AMGOORIE', 'BOP', 'C112', '2023-04-19', '4236-4265', 25, 30, 350, 301.00, 0.00, 0.00, 'P'),
(582, 2, 4, 'AMGOORIE', 'BOPSM', 'C158', '2023-05-06', '6396-6425', 26, 30, 380, 350.00, 0.00, 0.00, 'P'),
(583, 2, 5, 'AMGOORIE', 'BOPSM', 'C156', '2023-05-06', '6306-6335', 26, 30, 380, 340.00, 0.00, 0.00, 'P'),
(584, 2, 6, 'AMGOORIE', 'BOPSM', 'C154', '2023-05-03', '6216-6245', 26, 30, 380, 350.00, 0.00, 0.00, 'P'),
(585, 2, 7, 'AMGOORIE', 'BOPSM', 'C153', '2023-05-03', '6156-6185', 26, 30, 380, 350.00, 0.00, 0.00, 'P'),
(586, 2, 8, 'AMGOORIE', 'BOPSM', 'C148', '2023-04-29', '5856-5885', 26, 30, 380, 331.00, 0.00, 0.00, 'P'),
(587, 2, 9, 'AMGOORIE', 'BOPSM', 'C143', '2023-04-28', '5646-5675', 26, 30, 380, 331.00, 0.00, 0.00, 'P'),
(588, 2, 10, 'AMGOORIE', 'BOPSM', 'C127', '2023-04-24', '4866-4895', 26, 30, 360, 321.00, 0.00, 0.00, 'P'),
(589, 2, 11, 'AMGOORIE', 'BOPSM', 'C110', '2023-04-19', '4116-4145', 26, 0, 350, 0.00, 0.00, 0.00, 'P'),
(590, 2, 12, 'AMGOORIE', 'BP', 'C158', '2023-05-06', '6426-6455', 28, 30, 380, 345.00, 0.00, 0.00, 'P'),
(591, 2, 13, 'AMGOORIE', 'BP', 'C156', '2023-05-06', '6276-6305', 28, 30, 380, 345.00, 0.00, 0.00, 'P'),
(592, 2, 14, 'AMGOORIE', 'BP', 'C154', '2023-05-03', '6186-6215', 28, 30, 380, 335.00, 0.00, 0.00, 'P'),
(593, 2, 15, 'AMGOORIE', 'BP', 'C153', '2023-05-03', '6126-6155', 28, 30, 370, 340.00, 0.00, 0.00, 'P'),
(594, 2, 16, 'AMGOORIE', 'BP', 'C150', '2023-04-29', '6006-6035', 28, 30, 380, 331.00, 0.00, 0.00, 'P'),
(595, 2, 17, 'AMGOORIE', 'BP', 'C148', '2023-04-29', '5826-5855', 28, 30, 390, 335.00, 0.00, 0.00, 'P'),
(596, 2, 18, 'AMGOORIE', 'BP', 'C144', '2023-04-28', '5676-5705', 28, 30, 390, 331.00, 0.00, 0.00, 'P'),
(597, 2, 19, 'AMGOORIE', 'BP', 'C128', '2023-04-24', '4896-4925', 28, 30, 370, 331.00, 0.00, 0.00, 'P'),
(598, 2, 20, 'AMGOORIE', 'BP', 'C122', '2023-04-24', '4626-4655', 28, 0, 360, 0.00, 0.00, 0.00, 'P'),
(599, 2, 21, 'AMGOORIE', 'BP', 'C112', '2023-04-19', '4176-4205', 28, 0, 360, 0.00, 0.00, 0.00, 'P'),
(600, 2, 22, 'AMGOORIE', 'BP', 'C110', '2023-04-19', '4086-4115', 28, 0, 350, 0.00, 0.00, 0.00, 'P'),
(601, 2, 23, 'AMGOORIE', 'PF', 'C159', '2023-05-06', '6456-6485', 29, 30, 350, 326.00, 0.00, 0.00, 'P'),
(602, 2, 24, 'AMGOORIE', 'PF', 'C155', '2023-05-03', '6246-6275', 29, 30, 360, 331.00, 0.00, 0.00, 'P'),
(603, 2, 25, 'AMGOORIE', 'PF', 'C152', '2023-05-03', '6096-6125', 29, 30, 360, 326.00, 0.00, 0.00, 'P'),
(604, 2, 26, 'AMGOORIE', 'PF', 'C147', '2023-04-29', '5796-5825', 29, 0, 360, 0.00, 0.00, 0.00, 'P'),
(605, 2, 27, 'AMGOORIE', 'PF', 'C142', '2023-04-28', '5586-5615', 29, 30, 360, 326.00, 0.00, 0.00, 'P'),
(606, 2, 28, 'AMGOORIE', 'PF', 'C126', '2023-04-24', '4806-4835', 29, 0, 350, 0.00, 0.00, 0.00, 'P'),
(607, 2, 29, 'AMGOORIE', 'PF', 'C124', '2023-04-24', '4716-4745', 29, 0, 350, 0.00, 0.00, 0.00, 'P'),
(608, 2, 30, 'AMGOORIE', 'PF', 'C116', '2023-04-19', '4356-4385', 29, 0, 350, 0.00, 0.00, 0.00, 'P'),
(609, 2, 31, 'AMGOORIE', 'PF', 'C99', '2023-04-13', '3606-3635', 29, 0, 310, 0.00, 0.00, 0.00, 'P'),
(610, 2, 32, 'BORSAPORI', 'BOP1', 'C236', '2023-05-04', '4281-4290', 31, 10, 270, 260.00, 0.00, 0.00, 'P'),
(611, 2, 33, 'BORSAPORI', 'BP1', 'C240', '2023-05-04', '4371-4380', 33, 10, 270, 297.00, 0.00, 0.00, 'P'),
(612, 2, 34, 'BORSAPORI', 'BPS', 'C231', '2023-05-04', '4136-4145', 27, 10, 290, 250.00, 0.00, 0.00, 'P'),
(613, 2, 35, 'BORSAPORI', 'BPS', 'C223', '2023-05-04', '3931-3940', 27, 10, 290, 297.00, 0.00, 0.00, 'P'),
(614, 2, 36, 'LANGHARJAN', 'BOPL', 'C106', '2023-04-10', '1673-1679', 22, 7, 240, 268.00, 0.00, 0.00, 'P'),
(615, 2, 37, 'LANGHARJAN', 'BPS', 'C151', '2023-05-04', '2313-2322', 24, 10, 280, 275.00, 0.00, 0.00, 'P'),
(616, 2, 38, 'LANGHARJAN', 'BPS', 'C76', '2023-04-10', '1092-1106', 24, 15, 250, 230.00, 0.00, 0.00, 'P'),
(617, 2, 39, 'LANGHARJAN', 'PF', 'C152', '2023-05-04', '2323-2342', 29, 20, 320, 275.00, 0.00, 0.00, 'P'),
(618, 2, 40, 'LANGHARJAN', 'PF', 'C86', '2023-04-10', '1283-1302', 29, 0, 270, 0.00, 0.00, 0.00, 'P'),
(619, 2, 41, 'LANGHARJAN', 'PF', 'C82', '2023-04-10', '1212-1222', 30, 11, 280, 240.00, 0.00, 0.00, 'P'),
(620, 2, 42, 'LUKWAH', 'BP', 'C24', '2023-03-28', '369-388', 38, 0, 0, 0.00, 0.00, 0.00, 'P'),
(621, 2, 43, 'DUFLATING', 'BP', 'C59', '2023-05-05', '636-655', 35, 20, 410, 365.00, 0.00, 0.00, 'P'),
(622, 2, 44, 'DUFLATING', 'BPS', 'C21', '2023-04-08', '173-178', 28, 6, 300, 250.00, 0.00, 0.00, 'P'),
(623, 2, 45, 'DUFLATING', 'PF', 'C56', '2023-05-05', '596-609', 37, 14, 400, 410.00, 0.00, 0.00, 'P'),
(624, 2, 46, 'GATOONGA', 'BP', 'C10699', '2023-05-02', '4969-4983', 32, 15, 470, 450.00, 0.00, 0.00, 'P'),
(625, 2, 47, 'GATOONGA', 'BP', 'C10357', '2023-04-11', '2433-2447', 33, 15, 430, 380.00, 0.00, 0.00, 'P'),
(626, 2, 48, 'GATOONGA', 'BPS', 'C10700', '2023-05-02', '4984-4993', 27, 10, 410, 369.00, 0.00, 0.00, 'P'),
(627, 2, 49, 'GATOONGA', 'PF', 'C10681', '2023-05-02', '4873-4887', 35, 15, 450, 450.00, 0.00, 0.00, 'P'),
(628, 2, 50, 'SALKATHONI', 'BOP', 'C20363', '2023-05-05', '5586-5595', 29, 10, 390, 375.00, 0.00, 0.00, 'P'),
(629, 2, 51, 'SALKATHONI', 'BP', 'C20387', '2023-05-05', '5869-5875', 31, 7, 390, 410.00, 0.00, 0.00, 'P'),
(630, 2, 52, 'SALKATHONI', 'BP', 'C20385', '2023-05-05', '5839-5853', 31, 15, 390, 400.00, 0.00, 0.00, 'P'),
(631, 2, 53, 'SALKATHONI', 'BP', 'C20376', '2023-05-05', '5736-5744', 32, 9, 390, 375.00, 0.00, 0.00, 'P'),
(632, 2, 54, 'SALKATHONI', 'BP', 'C20364', '2023-05-05', '5596-5610', 31, 15, 390, 410.00, 0.00, 0.00, 'P'),
(633, 2, 55, 'SALKATHONI', 'BP', 'C20345', '2023-05-05', '5326-5340', 31, 15, 390, 410.00, 0.00, 0.00, 'P'),
(634, 2, 56, 'SALKATHONI', 'PF', 'C20377', '2023-05-05', '5745-5756', 33, 12, 380, 410.00, 0.00, 0.00, 'P'),
(635, 2, 57, 'SALKATHONI', 'PF', 'C20366', '2023-05-05', '5619-5633', 33, 15, 380, 430.00, 0.00, 0.00, 'P'),
(636, 2, 58, 'SALKATHONI', 'PF', 'C20344', '2023-05-05', '5316-5325', 34, 10, 380, 375.00, 0.00, 0.00, 'P'),
(637, 2, 59, 'HALMARI', 'BOP', 'C181', '2023-05-05', '2357-2376', 26, 20, 450, 417.00, 0.00, 0.00, 'P'),
(638, 2, 60, 'HALMARI', 'BOP', 'C169', '2023-05-03', '2155-2166', 26, 12, 450, 485.00, 0.00, 0.00, 'P'),
(639, 2, 61, 'HALMARI', 'BOP', 'C166', '2023-05-03', '2116-2123', 26, 8, 450, 485.00, 0.00, 0.00, 'P'),
(640, 2, 62, 'HALMARI', 'BP', 'C182', '2023-05-05', '2377-2396', 28, 20, 450, 415.00, 0.00, 0.00, 'P'),
(641, 2, 63, 'HALMARI', 'BP', 'C168', '2023-05-03', '2135-2154', 28, 20, 450, 380.00, 0.00, 0.00, 'P'),
(642, 2, 64, 'HALMARI', 'BPS', 'C167', '2023-05-03', '2124-2134', 24, 11, 390, 342.00, 0.00, 0.00, 'P'),
(643, 2, 65, 'HAJUA', 'BOP', 'C119', '2023-05-04', '3821-3840', 27, 20, 340, 281.00, 0.00, 0.00, 'P'),
(644, 2, 66, 'HAJUA', 'BP', 'C120', '2023-05-04', '3841-3860', 29, 20, 350, 300.00, 0.00, 0.00, 'P'),
(645, 2, 67, 'HAJUA', 'BPS', 'C137', '2023-05-04', '4931-4940', 26, 10, 310, 250.00, 0.00, 0.00, 'P'),
(646, 2, 68, 'HAJUA', 'PF', 'C122', '2023-05-04', '3981-4000', 30, 0, 340, 0.00, 0.00, 0.00, 'P'),
(647, 2, 69, 'LIGRIPOOKRIE', 'BOPSM', 'UK201', '2023-05-05', '2122-2131', 30, 10, 360, 335.00, 0.00, 0.00, 'P'),
(648, 2, 70, 'LIGRIPOOKRIE', 'BOPSM', 'UK189', '2023-05-05', '1996-2005', 30, 10, 350, 325.00, 0.00, 0.00, 'P'),
(649, 2, 71, 'LIGRIPOOKRIE', 'BOPSM', 'UK170', '2023-05-05', '1795-1804', 30, 10, 280, 264.00, 0.00, 0.00, 'P'),
(650, 2, 72, 'LIGRIPOOKRIE', 'BP', 'UK202', '2023-05-05', '2132-2145', 32, 14, 350, 325.00, 0.00, 0.00, 'P'),
(651, 2, 73, 'LIGRIPOOKRIE', 'BP', 'UK191', '2023-05-05', '2016-2035', 32, 20, 340, 330.00, 0.00, 0.00, 'P'),
(652, 2, 74, 'LIGRIPOOKRIE', 'BP', 'UK179', '2023-05-05', '1890-1904', 32, 15, 290, 265.00, 0.00, 0.00, 'P'),
(653, 2, 75, 'LIGRIPOOKRIE', 'BP', 'UK171', '2023-05-05', '1805-1819', 32, 0, 260, 0.00, 0.00, 0.00, 'P'),
(654, 2, 76, 'LIGRIPOOKRIE', 'PF', 'UK192', '2023-05-05', '2036-2042', 34, 7, 310, 265.00, 0.00, 0.00, 'P'),
(655, 2, 77, 'LIGRIPOOKRIE', 'PF', 'UK180', '2023-05-05', '1905-1914', 34, 10, 310, 285.00, 0.00, 0.00, 'P'),
(656, 2, 78, 'DIFFLOO', 'BOP', 'C72', '2023-05-06', '988-1002', 33, 15, 320, 276.00, 0.00, 0.00, 'P'),
(657, 2, 79, 'DIFFLOO', 'BOP', 'C59', '2023-05-06', '843-862', 34, 20, 320, 280.00, 0.00, 0.00, 'P'),
(658, 2, 80, 'DIFFLOO', 'BOP', 'C52', '2023-05-06', '733-752', 33, 20, 315, 281.00, 0.00, 0.00, 'P'),
(659, 2, 81, 'DIFFLOO', 'BOP', 'C46', '2023-05-06', '641-655', 33, 15, 315, 281.00, 0.00, 0.00, 'P'),
(660, 2, 82, 'DIFFLOO', 'BOP', 'C44', '2023-05-06', '606-620', 33, 15, 315, 285.00, 0.00, 0.00, 'P'),
(661, 2, 83, 'DIFFLOO', 'BP', 'C78', '2023-05-06', '1063-1082', 36, 20, 325, 325.00, 0.00, 0.00, 'P'),
(662, 2, 84, 'DIFFLOO', 'BP', 'C68', '2023-05-06', '933-947', 36, 15, 325, 295.00, 0.00, 0.00, 'P'),
(663, 2, 85, 'DIFFLOO', 'BP', 'C58', '2023-05-06', '823-842', 36, 20, 325, 290.00, 0.00, 0.00, 'P'),
(664, 2, 86, 'DIFFLOO', 'BP', 'C53', '2023-05-06', '753-772', 35, 20, 320, 310.00, 0.00, 0.00, 'P'),
(665, 2, 87, 'DIFFLOO', 'BP', 'C45', '2023-05-06', '621-640', 36, 20, 320, 292.00, 0.00, 0.00, 'P'),
(666, 2, 88, 'DIFFLOO', 'PF', 'C71', '2023-05-06', '968-987', 40, 0, 320, 0.00, 0.00, 0.00, 'P'),
(667, 2, 89, 'DIFFLOO', 'PF', 'C65', '2023-05-06', '893-912', 39, 0, 320, 0.00, 0.00, 0.00, 'P'),
(668, 2, 90, 'DIFFLOO', 'PF', 'C55', '2023-05-06', '783-802', 38, 0, 320, 0.00, 0.00, 0.00, 'P'),
(669, 2, 91, 'DIFFLOO', 'PF', 'C48', '2023-05-06', '681-690', 38, 10, 320, 281.00, 0.00, 0.00, 'P'),
(670, 2, 92, 'KHONGEA', 'BOPL', 'C157', '2023-05-03', '1428-1432', 25, 0, 250, 0.00, 0.00, 0.00, 'P'),
(671, 2, 93, 'KHONGEA', 'BOP', 'C165', '2023-05-03', '1501-1514', 25, 14, 340, 330.00, 0.00, 0.00, 'P'),
(672, 2, 94, 'KHONGEA', 'BOP', 'C146', '2023-05-03', '1332-1340', 26, 9, 340, 335.00, 0.00, 0.00, 'P'),
(673, 2, 95, 'KHONGEA', 'BOP', 'C141', '2023-05-03', '1284-1294', 26, 11, 340, 306.00, 0.00, 0.00, 'P'),
(674, 2, 96, 'KHONGEA', 'BP', 'C142', '2023-05-03', '1295-1310', 28, 0, 330, 0.00, 0.00, 0.00, 'P'),
(675, 2, 97, 'KHONGEA', 'BP', 'C122', '2023-04-12', '1148-1157', 28, 0, 300, 0.00, 0.00, 0.00, 'P'),
(676, 2, 98, 'KHONGEA', 'BP', 'C103', '2023-04-08', '916-935', 27, 0, 300, 0.00, 0.00, 0.00, 'P'),
(677, 2, 99, 'KHONGEA', 'BP', 'C30', '2023-03-25', '203-207', 30, 5, 290, 270.00, 0.00, 0.00, 'P'),
(678, 2, 100, 'KHONGEA', 'BPS', 'C153', '2023-05-03', '1396-1410', 24, 15, 290, 282.00, 0.00, 0.00, 'P'),
(679, 2, 101, 'KHONGEA', 'PF', 'C143', '2023-05-03', '1311-1317', 29, 7, 330, 325.00, 0.00, 0.00, 'P'),
(680, 2, 102, 'KHONGEA', 'PF', 'C116', '2023-04-12', '1086-1096', 29, 0, 280, 0.00, 0.00, 0.00, 'P'),
(681, 2, 103, 'KHONGEA', 'PF', 'C98', '2023-04-08', '854-866', 29, 0, 290, 0.00, 0.00, 0.00, 'P'),
(682, 2, 104, 'KOOMTAI (B)', 'BOP', 'C186', '2023-05-04', '3018-3037', 27, 20, 340, 316.00, 0.00, 0.00, 'P'),
(683, 2, 105, 'KOOMTAI (B)', 'BOP', 'C181', '2023-05-04', '2918-2937', 27, 20, 340, 323.00, 0.00, 0.00, 'P'),
(684, 2, 106, 'KOOMTAI (B)', 'BOP', 'C180', '2023-05-04', '2898-2917', 27, 20, 340, 316.00, 0.00, 0.00, 'P'),
(685, 2, 107, 'KOOMTAI (B)', 'BOP', 'C175', '2023-05-04', '2808-2827', 27, 20, 340, 290.00, 0.00, 0.00, 'P'),
(686, 2, 108, 'KOOMTAI (B)', 'BOP', 'C168', '2023-05-04', '2678-2697', 27, 20, 340, 290.00, 0.00, 0.00, 'P'),
(687, 2, 109, 'KOOMTAI (B)', 'BOP', 'C167', '2023-05-04', '2658-2677', 27, 20, 340, 290.00, 0.00, 0.00, 'P'),
(688, 2, 110, 'KOOMTAI (B)', 'BOP', 'C160', '2023-05-04', '2558-2577', 27, 20, 340, 316.00, 0.00, 0.00, 'P'),
(689, 2, 111, 'KOOMTAI (B)', 'BOP', 'C159', '2023-05-04', '2538-2557', 27, 20, 340, 316.00, 0.00, 0.00, 'P'),
(690, 2, 112, 'KOOMTAI (B)', 'BP', 'C187', '2023-05-04', '3038-3057', 28, 20, 340, 300.00, 0.00, 0.00, 'P'),
(691, 2, 113, 'KOOMTAI (B)', 'BP', 'C182', '2023-05-04', '2938-2957', 28, 20, 340, 290.00, 0.00, 0.00, 'P'),
(692, 2, 114, 'KOOMTAI (B)', 'BP', 'C176', '2023-05-04', '2828-2847', 28, 20, 340, 290.00, 0.00, 0.00, 'P'),
(693, 2, 115, 'KOOMTAI (B)', 'BP', 'C169', '2023-05-04', '2698-2717', 28, 20, 340, 290.00, 0.00, 0.00, 'P'),
(694, 2, 116, 'KOOMTAI (B)', 'BP', 'C161', '2023-05-04', '2578-2597', 28, 20, 340, 305.00, 0.00, 0.00, 'P'),
(695, 2, 117, 'KOOMTAI (B)', 'BPS', 'C174', '2023-05-04', '2798-2807', 28, 10, 290, 245.00, 0.00, 0.00, 'P'),
(696, 2, 118, 'KOOMTAI (B)', 'PF', 'C183', '2023-05-04', '2958-2977', 29, 20, 330, 285.00, 0.00, 0.00, 'P'),
(697, 2, 119, 'KOOMTAI (B)', 'PF', 'C170', '2023-05-04', '2718-2737', 29, 20, 330, 280.00, 0.00, 0.00, 'P'),
(698, 2, 120, 'KOOMTAI (B)', 'PF1', 'C164', '2023-05-04', '2638-2642', 28, 0, 260, 0.00, 0.00, 0.00, 'P'),
(699, 2, 121, 'TELOIJAN(CLONAL)', 'BOP', 'C85', '2023-04-14', '670-675', 34, 6, 210, 171.00, 0.00, 0.00, 'P'),
(700, 2, 122, 'TELOIJAN(CLONAL)', 'BOP', 'C71', '2023-04-14', '541-549', 34, 0, 210, 0.00, 0.00, 0.00, 'P'),
(701, 2, 123, 'TELOIJAN(CLONAL)', 'BP1', 'C77', '2023-04-14', '591-599', 37, 9, 170, 180.00, 0.00, 0.00, 'P'),
(702, 2, 124, 'TELOIJAN(CLONAL)', 'PF', 'C68', '2023-04-14', '511-516', 39, 6, 220, 195.00, 0.00, 0.00, 'P'),
(703, 2, 125, 'MELENG (CLONALSPECIAL)', 'BP', 'C318', '2023-05-03', '4470-4479', 29, 10, 330, 225.00, 0.00, 0.00, 'P'),
(704, 2, 126, 'MELENG (CLONALSPECIAL)', 'PF', 'C325', '2023-05-03', '4535-4544', 30, 0, 330, 0.00, 0.00, 0.00, 'P'),
(705, 2, 127, 'DOYAPORE                 ', 'BOPSM', 'C44', '2023-04-30', '1084-1113', 30, 30, 250, 205.00, 0.00, 0.00, 'P'),
(706, 2, 128, 'DOYAPORE                 ', 'BOPSM', 'C38', '2023-04-30', '904-933', 32, 30, 260, 220.00, 0.00, 0.00, 'P'),
(707, 2, 129, 'DOYAPORE                 ', 'BP', 'C47', '2023-04-30', '1174-1203', 32, 0, 250, 0.00, 0.00, 0.00, 'P'),
(708, 2, 130, 'DOYAPORE                 ', 'BP', 'C41', '2023-04-30', '994-1023', 32, 0, 260, 0.00, 0.00, 0.00, 'P'),
(709, 2, 131, 'DOYAPORE                 ', 'OF', 'C48', '2023-04-30', '1204-1233', 34, 0, 250, 0.00, 0.00, 0.00, 'P'),
(710, 2, 132, 'DOYAPORE                 ', 'OF', 'C45', '2023-04-30', '1114-1143', 34, 30, 250, 205.00, 0.00, 0.00, 'P'),
(711, 2, 133, 'DOYAPORE                 ', 'OF', 'C39', '2023-04-30', '934-963', 35, 0, 250, 0.00, 0.00, 0.00, 'P'),
(712, 2, 134, 'DEKORAI', 'BOP', 'C250068D', '2023-04-29', '1238-1257', 34, 20, 270, 240.00, 0.00, 0.00, 'P'),
(713, 2, 135, 'DEKORAI', 'BP', 'C250076D', '2023-04-29', '1378-1407', 36, 0, 280, 0.00, 0.00, 0.00, 'P'),
(714, 2, 136, 'DEKORAI', 'PF', 'C250074D', '2023-04-29', '1348-1367', 37, 20, 260, 215.00, 0.00, 0.00, 'P'),
(715, 2, 137, 'BUKHIAL', 'BP', 'C750062D', '2023-04-28', '926-945', 40, 20, 290, 250.00, 0.00, 0.00, 'P'),
(716, 2, 138, 'HUNWAL', 'BP', 'C900082D', '2023-05-03', '1906-1935', 38, 30, 270, 252.00, 0.00, 0.00, 'P'),
(717, 2, 139, 'HUNWAL', 'BP', 'C900072D', '2023-04-29', '1646-1675', 38, 30, 270, 247.00, 0.00, 0.00, 'P'),
(718, 2, 140, 'HUNWAL', 'BPS', 'C900071D', '2023-04-29', '1641-1645', 35, 0, 250, 0.00, 0.00, 0.00, 'P'),
(719, 2, 141, 'HUNWAL', 'PF', 'C900078D', '2023-05-03', '1796-1825', 38, 30, 270, 260.00, 0.00, 0.00, 'P'),
(720, 2, 142, 'HUNWAL', 'PF', 'C900005D', '2023-04-07', '76-95', 38, 20, 280, 235.00, 0.00, 0.00, 'P'),
(721, 2, 143, 'KEYHUNG', 'BOP', 'C220045D', '2023-05-02', '1081-1110', 36, 30, 300, 295.00, 0.00, 0.00, 'P'),
(722, 2, 144, 'KEYHUNG', 'BOP', 'C220017D', '2023-05-02', '371-400', 37, 30, 280, 230.00, 0.00, 0.00, 'P'),
(723, 2, 145, 'KEYHUNG', 'BP', 'C220046D', '2023-05-02', '1111-1140', 39, 30, 320, 295.00, 0.00, 0.00, 'P'),
(724, 2, 146, 'KEYHUNG', 'BP', 'C220032D', '2023-05-02', '741-770', 37, 30, 300, 246.00, 0.00, 0.00, 'P'),
(725, 2, 147, 'KEYHUNG', 'PF', 'C220047D', '2023-05-02', '1141-1170', 40, 0, 320, 0.00, 0.00, 0.00, 'P'),
(726, 2, 148, 'KEYHUNG', 'PF', 'C220028D', '2023-05-02', '651-680', 38, 30, 290, 245.00, 0.00, 0.00, 'P'),
(727, 2, 149, 'NAMROOP', 'BOP', 'C151', '2023-05-06', '1676-1685', 34, 10, 335, 301.00, 0.00, 0.00, 'P'),
(728, 2, 150, 'NAMROOP', 'BOP', 'C141', '2023-05-06', '1566-1575', 33, 10, 335, 305.00, 0.00, 0.00, 'P'),
(729, 2, 151, 'NAMROOP', 'BOP', 'C129', '2023-05-06', '1436-1445', 33, 10, 340, 315.00, 0.00, 0.00, 'P'),
(730, 2, 152, 'NAMROOP', 'BOP', 'C106', '2023-05-06', '1198-1207', 33, 10, 330, 326.00, 0.00, 0.00, 'P'),
(731, 2, 153, 'NAMROOP', 'BP', 'C142', '2023-05-06', '1576-1585', 37, 10, 340, 340.00, 0.00, 0.00, 'P'),
(732, 2, 154, 'NAMROOP', 'BP', 'C139', '2023-05-06', '1546-1555', 37, 0, 0, 0.00, 0.00, 0.00, 'P'),
(733, 2, 155, 'NAMROOP', 'BP', 'C130', '2023-05-06', '1446-1455', 37, 10, 330, 301.00, 0.00, 0.00, 'P'),
(734, 2, 156, 'NAMROOP', 'BP', 'C113', '2023-05-06', '1273-1282', 37, 10, 340, 301.00, 0.00, 0.00, 'P'),
(735, 2, 157, 'NAMROOP', 'BP', 'C102', '2023-05-06', '1158-1167', 37, 10, 330, 301.00, 0.00, 0.00, 'P'),
(736, 2, 158, 'NAMROOP', 'OF1', 'C127', '2023-05-06', '1416-1425', 40, 0, 260, 0.00, 0.00, 0.00, 'P'),
(737, 2, 159, 'NAMROOP', 'PF', 'C144', '2023-05-06', '1596-1605', 38, 10, 330, 305.00, 0.00, 0.00, 'P'),
(738, 2, 160, 'NAMROOP', 'PF', 'C131', '2023-05-06', '1456-1465', 38, 10, 325, 300.00, 0.00, 0.00, 'P'),
(739, 2, 161, 'NAMROOP', 'PF', 'C117', '2023-05-06', '1313-1322', 38, 10, 325, 300.00, 0.00, 0.00, 'P'),
(740, 2, 162, 'NAMROOP', 'PF', 'C114', '2023-05-06', '1283-1292', 38, 10, 320, 321.00, 0.00, 0.00, 'P'),
(741, 2, 163, 'NAMROOP', 'PF', 'C103', '2023-05-06', '1168-1177', 38, 10, 320, 321.00, 0.00, 0.00, 'P'),
(742, 2, 164, 'NAMROOP', 'PF1', 'C123', '2023-05-06', '1378-1387', 36, 10, 250, 221.00, 0.00, 0.00, 'P'),
(743, 2, 165, 'KAKAJANHIGHGROWN', 'BOP', 'C245', '2023-05-08', '3312-3326', 32, 15, 310, 290.00, 0.00, 0.00, 'P'),
(744, 2, 166, 'KAKAJANHIGHGROWN', 'BOP', 'C232', '2023-05-08', '3117-3131', 32, 15, 315, 320.00, 0.00, 0.00, 'P'),
(745, 2, 167, 'KAKAJANHIGHGROWN', 'BOP', 'C215', '2023-05-08', '2862-2866', 32, 5, 300, 300.00, 0.00, 0.00, 'P'),
(746, 2, 168, 'KAKAJANHIGHGROWN', 'BP', 'C247', '2023-05-08', '3342-3361', 36, 20, 325, 297.00, 0.00, 0.00, 'P'),
(747, 2, 169, 'KAKAJANHIGHGROWN', 'BP', 'C242', '2023-05-08', '3267-3281', 36, 0, 410, 0.00, 0.00, 0.00, 'P'),
(748, 2, 170, 'KAKAJANHIGHGROWN', 'BP', 'C236', '2023-05-08', '3182-3201', 36, 20, 330, 301.00, 0.00, 0.00, 'P'),
(749, 2, 171, 'KAKAJANHIGHGROWN', 'BP', 'C233', '2023-05-08', '3132-3151', 36, 0, 410, 0.00, 0.00, 0.00, 'P'),
(750, 2, 172, 'KAKAJANHIGHGROWN', 'BP', 'C213', '2023-05-08', '2842-2856', 36, 0, 310, 0.00, 0.00, 0.00, 'P'),
(751, 2, 173, 'KAKAJANHIGHGROWN', 'PF', 'C251', '2023-05-08', '3417-3426', 38, 0, 325, 0.00, 0.00, 0.00, 'P'),
(752, 2, 174, 'KAKAJANHIGHGROWN', 'PF', 'C243', '2023-05-08', '3282-3291', 38, 10, 310, 282.00, 0.00, 0.00, 'P'),
(753, 2, 175, 'KAKAJANHIGHGROWN', 'PF', 'C225', '2023-05-08', '3027-3036', 39, 10, 300, 276.00, 0.00, 0.00, 'P'),
(754, 2, 176, 'DOYANG', 'BOP', 'C42', '2023-04-29', '560-579', 34, 20, 290, 250.00, 0.00, 0.00, 'P'),
(755, 2, 177, 'DOYANG', 'BOP', 'C37', '2023-04-29', '475-489', 34, 0, 290, 0.00, 0.00, 0.00, 'P'),
(756, 2, 178, 'DOYANG', 'BOP', 'C31', '2023-04-29', '375-389', 34, 15, 290, 250.00, 0.00, 0.00, 'P'),
(757, 2, 179, 'DOYANG', 'BOPSM', 'C41', '2023-04-29', '540-559', 35, 0, 300, 0.00, 0.00, 0.00, 'P'),
(758, 2, 180, 'DOYANG', 'BOPSM', 'C36', '2023-04-29', '455-474', 35, 20, 310, 265.00, 0.00, 0.00, 'P'),
(759, 2, 181, 'DOYANG', 'BP', 'C43', '2023-04-29', '580-599', 37, 0, 300, 0.00, 0.00, 0.00, 'P'),
(760, 2, 182, 'DOYANG', 'BP', 'C40', '2023-04-29', '520-539', 37, 0, 290, 0.00, 0.00, 0.00, 'P'),
(761, 2, 183, 'DOYANG', 'BP', 'C35', '2023-04-29', '435-454', 37, 0, 290, 0.00, 0.00, 0.00, 'P'),
(762, 2, 184, 'DOYANG', 'BPS', 'C39', '2023-04-29', '505-519', 33, 0, 240, 0.00, 0.00, 0.00, 'P'),
(763, 2, 185, 'DOYANG', 'PF', 'C45', '2023-04-29', '620-639', 38, 20, 275, 255.00, 0.00, 0.00, 'P'),
(764, 2, 186, 'DOYANG', 'PF', 'C38', '2023-04-29', '490-504', 38, 0, 285, 0.00, 0.00, 0.00, 'P'),
(765, 2, 187, 'DOYANG', 'PF', 'C33', '2023-04-29', '405-419', 38, 0, 280, 0.00, 0.00, 0.00, 'P'),
(766, 2, 188, 'DESSOIE', 'PF', 'C40', '2023-04-13', '397-406', 37, 10, 280, 241.00, 0.00, 0.00, 'P'),
(767, 2, 189, 'TEEN ALI', 'BP1', 'C72', '2023-05-06', '1290-1309', 34, 20, 275, 230.00, 0.00, 0.00, 'P'),
(768, 2, 190, 'TEEN ALI', 'PF1', 'C73', '2023-05-06', '1310-1329', 35, 20, 275, 230.00, 0.00, 0.00, 'P'),
(769, 2, 191, 'KANU', 'BOP', 'C110', '2023-05-06', '2097-2126', 35, 30, 290, 250.00, 0.00, 0.00, 'P'),
(770, 2, 192, 'KANU', 'BOPSM', 'C126', '2023-05-06', '2517-2546', 36, 30, 315, 286.00, 0.00, 0.00, 'P'),
(771, 2, 193, 'KANU', 'BOPSM', 'C115', '2023-05-06', '2237-2266', 36, 30, 300, 282.00, 0.00, 0.00, 'P'),
(772, 2, 194, 'KANU', 'BOPSM', 'C107', '2023-05-06', '2007-2036', 36, 0, 290, 0.00, 0.00, 0.00, 'P'),
(773, 2, 195, 'KANU', 'BP', 'C131', '2023-05-06', '2637-2666', 38, 30, 315, 285.00, 0.00, 0.00, 'P'),
(774, 2, 196, 'KANU', 'BP', 'C114', '2023-05-06', '2207-2236', 38, 0, 305, 0.00, 0.00, 0.00, 'P'),
(775, 2, 197, 'KANU', 'BP', 'C111', '2023-05-06', '2127-2156', 38, 0, 305, 0.00, 0.00, 0.00, 'P'),
(776, 2, 198, 'KANU', 'BP1', 'C120', '2023-05-06', '2377-2386', 36, 10, 245, 211.00, 0.00, 0.00, 'P'),
(777, 2, 199, 'KANU', 'PF', 'C128', '2023-05-06', '2557-2586', 40, 0, 305, 0.00, 0.00, 0.00, 'P'),
(778, 2, 200, 'KANU', 'PF', 'C119', '2023-05-06', '2347-2376', 40, 0, 300, 0.00, 0.00, 0.00, 'P'),
(779, 2, 201, 'KANU', 'PF', 'C112', '2023-05-06', '2157-2186', 40, 0, 290, 0.00, 0.00, 0.00, 'P'),
(780, 2, 202, 'ADDABARIEHIGROWN', 'BOP', 'HC347', '2023-05-06', '4016-4040', 26, 25, 340, 320.00, 0.00, 0.00, 'P'),
(781, 2, 203, 'ADDABARIEHIGROWN', 'BOP', 'HC324', '2023-05-03', '3600-3624', 27, 25, 310, 295.00, 0.00, 0.00, 'P'),
(782, 2, 204, 'ADDABARIEHIGROWN', 'BOPSM', 'HC348', '2023-05-06', '4041-4065', 28, 25, 310, 293.00, 0.00, 0.00, 'P'),
(783, 2, 205, 'ADDABARIEHIGROWN', 'BOPSM', 'HC326', '2023-05-03', '3650-3669', 29, 20, 300, 285.00, 0.00, 0.00, 'P'),
(784, 2, 206, 'ADDABARIEHIGROWN', 'BP', 'HC350', '2023-05-06', '4091-4115', 29, 25, 320, 306.00, 0.00, 0.00, 'P'),
(785, 2, 207, 'ADDABARIEHIGROWN', 'BP', 'HC349', '2023-05-06', '4066-4090', 29, 0, 310, 0.00, 0.00, 0.00, 'P'),
(786, 2, 208, 'ADDABARIEHIGROWN', 'BP', 'HC337', '2023-05-06', '3871-3895', 30, 0, 320, 0.00, 0.00, 0.00, 'P'),
(787, 2, 209, 'ADDABARIEHIGROWN', 'BP', 'HC329', '2023-05-03', '3696-3720', 29, 25, 310, 290.00, 0.00, 0.00, 'P'),
(788, 2, 210, 'ADDABARIEHIGROWN', 'BP', 'HC325', '2023-05-03', '3625-3649', 29, 25, 310, 290.00, 0.00, 0.00, 'P'),
(789, 2, 211, 'ADDABARIEHIGROWN', 'BP', 'HC88', '2023-03-26', '656-665', 30, 0, 270, 0.00, 0.00, 0.00, 'P'),
(790, 2, 212, 'ADDABARIEHIGROWN', 'BP', 'HC80', '2023-03-26', '583-594', 30, 12, 270, 255.00, 0.00, 0.00, 'P'),
(791, 2, 213, 'ADDABARIEHIGROWN', 'BP', 'HC54', '2023-03-21', '371-390', 29, 0, 270, 0.00, 0.00, 0.00, 'P'),
(792, 2, 214, 'ADDABARIEHIGROWN', 'BP1', 'HC340', '2023-05-06', '3926-3935', 34, 10, 160, 165.00, 0.00, 0.00, 'P'),
(793, 2, 215, 'ADDABARIEHIGROWN', 'BP1', 'HC339', '2023-05-06', '3916-3925', 34, 10, 160, 140.00, 0.00, 0.00, 'P'),
(794, 2, 216, 'ADDABARIEHIGROWN', 'PF', 'HC333', '2023-05-06', '3786-3805', 30, 20, 300, 280.00, 0.00, 0.00, 'P'),
(795, 2, 217, 'ADDABARIEHIGROWN', 'PF', 'HC331', '2023-05-03', '3741-3765', 32, 25, 290, 318.00, 0.00, 0.00, 'P'),
(796, 2, 218, 'ADDABARIEHIGROWN', 'PF', 'HC315', '2023-05-03', '3415-3434', 32, 20, 280, 260.00, 0.00, 0.00, 'P'),
(797, 2, 219, 'ADDABARIEHIGROWN', 'PF1', 'HC342', '2023-05-06', '3951-3960', 36, 10, 170, 165.00, 0.00, 0.00, 'P'),
(798, 2, 220, 'ADDABARIEHIGROWN', 'PF1', 'HC341', '2023-05-06', '3936-3950', 36, 15, 160, 170.00, 0.00, 0.00, 'P'),
(799, 2, 221, 'HALMIRA', 'PF', 'EX89', '2023-04-29', '2250-2279', 37, 30, 270, 250.00, 0.00, 0.00, 'P'),
(800, 2, 222, 'HALMIRA', 'PF', 'EX73', '2023-04-29', '1825-1844', 37, 0, 270, 0.00, 0.00, 0.00, 'P'),
(801, 2, 223, 'HALMIRA', 'PF', 'EX70', '2023-04-29', '1735-1764', 37, 0, 270, 0.00, 0.00, 0.00, 'P'),
(802, 2, 224, 'HALMIRA', 'PF', 'EX65', '2023-04-29', '1555-1594', 37, 0, 270, 0.00, 0.00, 0.00, 'P'),
(803, 2, 225, 'HALMIRA', 'PF', 'EX55', '2023-04-29', '1225-1264', 37, 40, 270, 267.00, 0.00, 0.00, 'P'),
(804, 2, 226, 'HALMIRA', 'PF', 'EX51', '2023-04-29', '1105-1124', 37, 0, 270, 0.00, 0.00, 0.00, 'P'),
(805, 2, 227, 'SOCKIETING', 'BOP', 'C190', '2023-05-03', '3110-3124', 32, 0, 300, 0.00, 0.00, 0.00, 'P'),
(806, 2, 228, 'SOCKIETING', 'BOP', 'C169', '2023-05-03', '2745-2759', 32, 0, 300, 0.00, 0.00, 0.00, 'P'),
(807, 2, 229, 'SOCKIETING', 'BOP', 'C161', '2023-05-03', '2610-2629', 32, 0, 300, 0.00, 0.00, 0.00, 'P'),
(808, 2, 230, 'SOCKIETING', 'BOP', 'C158', '2023-05-03', '2560-2574', 32, 0, 300, 0.00, 0.00, 0.00, 'P'),
(809, 2, 231, 'SOCKIETING', 'BP', 'C185', '2023-05-03', '3015-3029', 36, 0, 300, 0.00, 0.00, 0.00, 'P'),
(810, 2, 232, 'SOCKIETING', 'BP', 'C181', '2023-05-03', '2955-2969', 36, 15, 300, 280.00, 0.00, 0.00, 'P'),
(811, 2, 233, 'SOCKIETING', 'BP', 'C175', '2023-05-03', '2845-2864', 36, 0, 300, 0.00, 0.00, 0.00, 'P'),
(812, 2, 234, 'SOCKIETING', 'BP', 'C162', '2023-05-03', '2630-2649', 36, 0, 300, 0.00, 0.00, 0.00, 'P'),
(813, 2, 235, 'SOCKIETING', 'BP', 'C152', '2023-05-03', '2450-2469', 36, 0, 300, 0.00, 0.00, 0.00, 'P'),
(814, 2, 236, 'SOCKIETING', 'PF', 'C211', '2023-05-03', '3485-3504', 36, 20, 270, 250.00, 0.00, 0.00, 'P'),
(815, 2, 237, 'SOCKIETING', 'PF', 'C209', '2023-05-03', '3445-3464', 36, 0, 260, 0.00, 0.00, 0.00, 'P'),
(816, 2, 238, 'SOCKIETING', 'PF', 'C197', '2023-04-28', '3220-3234', 38, 0, 270, 0.00, 0.00, 0.00, 'P'),
(817, 2, 239, 'SOCKIETING', 'PF', 'C194', '2023-04-28', '3170-3189', 38, 20, 270, 221.00, 0.00, 0.00, 'P'),
(818, 2, 240, 'SOCKIETING', 'PF', 'C184', '2023-04-28', '3000-3014', 38, 15, 260, 240.00, 0.00, 0.00, 'P'),
(819, 2, 241, 'SOCKIETING', 'PF', 'C165', '2023-04-28', '2685-2699', 38, 0, 400, 0.00, 0.00, 0.00, 'P'),
(820, 2, 242, 'SOCKIETING', 'PF', 'C159', '2023-04-28', '2575-2589', 38, 15, 270, 221.00, 0.00, 0.00, 'P'),
(821, 2, 243, 'SOCKIETING', 'PF1', 'C219', '2023-05-03', '3695-3714', 36, 20, 210, 205.00, 0.00, 0.00, 'P'),
(822, 2, 244, 'GONESHBARI(CLONAL)', 'BP', 'C215', '2023-05-04', '3843-3862', 27, 20, 300, 265.00, 0.00, 0.00, 'P'),
(823, 2, 245, 'GONESHBARI(CLONAL)', 'BP', 'C213', '2023-05-04', '3823-3842', 27, 20, 300, 260.00, 0.00, 0.00, 'P'),
(824, 2, 246, 'GONESHBARI(CLONAL)', 'BP', 'C185', '2023-05-02', '4219-4242', 27, 0, 270, 0.00, 0.00, 0.00, 'P'),
(825, 2, 247, 'GONESHBARI(CLONAL)', 'BP', 'C183', '2023-05-02', '3184-3203', 27, 20, 270, 230.00, 0.00, 0.00, 'P'),
(826, 2, 248, 'GONESHBARI(CLONAL)', 'BP', 'C132', '2023-04-14', '2282-2301', 27, 20, 260, 221.00, 0.00, 0.00, 'P'),
(827, 2, 249, 'ORANGAJULI', 'BOP', 'C229', '2023-05-05', '4597-4601', 24, 0, 0, 0.00, 0.00, 0.00, 'P'),
(828, 2, 250, 'ORANGAJULI', 'BOPSM', 'C247', '2023-05-05', '4848-4856', 26, 9, 280, 241.00, 0.00, 0.00, 'P'),
(829, 2, 251, 'ORANGAJULI', 'PF', 'C235', '2023-05-05', '4687-4697', 29, 11, 260, 225.00, 0.00, 0.00, 'P'),
(830, 2, 252, 'SHAKOMATO', 'BOPSM', 'C207', '2023-05-05', '2107-2116', 36, 10, 265, 235.00, 0.00, 0.00, 'P'),
(831, 2, 253, 'SHAKOMATO', 'BOPSM', 'C141', '2023-04-13', '1088-1092', 36, 5, 250, 205.00, 0.00, 0.00, 'P'),
(832, 2, 254, 'SHAKOMATO', 'BP', 'C217', '2023-05-05', '2228-2247', 38, 0, 265, 0.00, 0.00, 0.00, 'P'),
(833, 2, 255, 'SHAKOMATO', 'BP1', 'C220', '2023-05-05', '2283-2287', 32, 5, 180, 165.00, 0.00, 0.00, 'P'),
(834, 2, 256, 'SHAKOMATO', 'BPS', 'C201', '2023-04-28', '2040-2044', 32, 0, 0, 0.00, 0.00, 0.00, 'P'),
(835, 2, 257, 'SHAKOMATO', 'PF', 'C125', '2023-04-13', '915-924', 40, 10, 250, 200.00, 0.00, 0.00, 'P'),
(836, 2, 258, 'TYROON', 'BOPSM', 'UK178', '2023-04-14', '2623-2642', 32, 20, 260, 230.00, 0.00, 0.00, 'P'),
(837, 2, 259, 'TYROON', 'BOPSM', 'UK167', '2023-04-14', '2441-2460', 32, 20, 260, 211.00, 0.00, 0.00, 'P'),
(838, 2, 260, 'TYROON', 'BP', 'UK225', '2023-05-03', '3547-3566', 34, 20, 280, 245.00, 0.00, 0.00, 'P'),
(839, 2, 261, 'TYROON', 'BP', 'UK168', '2023-04-14', '2461-2480', 34, 20, 260, 211.00, 0.00, 0.00, 'P'),
(840, 2, 262, 'TYROON', 'BP', 'UK148', '2023-04-14', '2081-2100', 34, 20, 260, 237.00, 0.00, 0.00, 'P'),
(841, 2, 263, 'KAKADONGA', 'BOPSM', 'C37', '2023-05-04', '498-517', 33, 0, 260, 0.00, 0.00, 0.00, 'P'),
(842, 2, 264, 'KAKADONGA', 'BP', 'C45', '2023-05-04', '629-648', 34, 20, 275, 270.00, 0.00, 0.00, 'P'),
(843, 2, 265, 'KAKADONGA', 'BP', 'C42', '2023-05-04', '577-596', 34, 20, 265, 225.00, 0.00, 0.00, 'P'),
(844, 2, 266, 'KAKADONGA', 'BP', 'C38', '2023-05-04', '518-537', 34, 0, 260, 0.00, 0.00, 0.00, 'P'),
(845, 2, 267, 'KAKADONGA', 'BP1', 'C43', '2023-05-04', '597-616', 33, 0, 190, 0.00, 0.00, 0.00, 'P'),
(846, 2, 268, 'KAKADONGA', 'PF', 'C39', '2023-05-04', '538-554', 36, 17, 250, 227.00, 0.00, 0.00, 'P'),
(847, 2, 269, 'AIDEOBARI PREMIUM', 'BOP', 'C132', '2023-05-06', '1753-1765', 33, 13, 240, 201.00, 0.00, 0.00, 'P'),
(848, 2, 270, 'AIDEOBARI PREMIUM', 'BOPSM', 'C138', '2023-05-06', '1800-1815', 36, 16, 290, 291.00, 0.00, 0.00, 'P'),
(849, 2, 271, 'AIDEOBARI PREMIUM', 'BOPSM', 'C130', '2023-05-06', '1727-1736', 36, 10, 270, 260.00, 0.00, 0.00, 'P'),
(850, 2, 272, 'AIDEOBARI PREMIUM', 'BOPSM1', 'C143', '2023-05-06', '1850-1857', 35, 8, 200, 180.00, 0.00, 0.00, 'P'),
(851, 2, 273, 'AIDEOBARI PREMIUM', 'BP', 'C139', '2023-05-06', '1816-1825', 39, 10, 300, 287.00, 0.00, 0.00, 'P'),
(852, 2, 274, 'AIDEOBARI PREMIUM', 'BP', 'C134', '2023-05-06', '1773-1779', 36, 7, 310, 270.00, 0.00, 0.00, 'P'),
(853, 2, 275, 'AIDEOBARI PREMIUM', 'BP', 'C131', '2023-05-06', '1737-1752', 38, 16, 280, 247.00, 0.00, 0.00, 'P'),
(854, 2, 276, 'AIDEOBARI PREMIUM', 'BP', 'C80', '2023-04-18', '1208-1226', 38, 0, 240, 0.00, 0.00, 0.00, 'P'),
(855, 2, 277, 'AIDEOBARI PREMIUM', 'OF', 'C141', '2023-05-06', '1831-1842', 40, 12, 280, 260.00, 0.00, 0.00, 'P'),
(856, 2, 278, 'AIDEOBARI PREMIUM', 'OF', 'C133', '2023-05-06', '1766-1772', 39, 7, 270, 305.00, 0.00, 0.00, 'P'),
(857, 2, 279, 'AIDEOBARI PREMIUM', 'OF', 'C118', '2023-05-06', '1708-1713', 36, 6, 240, 201.00, 0.00, 0.00, 'P'),
(858, 2, 280, 'AIDEOBARI PREMIUM', 'OF1', 'C142', '2023-05-06', '1843-1849', 39, 7, 200, 220.00, 0.00, 0.00, 'P'),
(859, 2, 281, 'GREENWOOD', 'BP1', 'C119', '2023-04-12', '2010-2019', 35, 10, 180, 161.00, 0.00, 0.00, 'P'),
(860, 2, 282, 'OAKLANDS', 'BOP', 'C118', '2023-05-02', '1623-1632', 33, 10, 250, 190.00, 0.00, 0.00, 'P'),
(861, 2, 283, 'OAKLANDS', 'BP', 'C117', '2023-05-02', '1603-1622', 36, 0, 240, 0.00, 0.00, 0.00, 'P'),
(862, 2, 284, 'OAKLANDS', 'BP1', 'C129', '2023-05-02', '1753-1762', 42, 10, 190, 140.00, 0.00, 0.00, 'P'),
(863, 2, 285, 'THANAI', 'BOP', 'C207', '2023-05-02', '3031-3040', 31, 10, 260, 220.00, 0.00, 0.00, 'P'),
(864, 2, 286, 'THANAI', 'BP', 'C195', '2023-05-02', '2891-2900', 32, 0, 250, 0.00, 0.00, 0.00, 'P'),
(865, 2, 287, 'THANAI', 'BP', 'C171', '2023-05-02', '2601-2620', 30, 20, 260, 211.00, 0.00, 0.00, 'P'),
(866, 2, 288, 'THANAI', 'BP1', 'C237', '2023-05-02', '3361-3370', 36, 0, 200, 0.00, 0.00, 0.00, 'P'),
(867, 2, 289, 'THANAI', 'BP1', 'C211', '2023-05-02', '3081-3090', 36, 10, 200, 174.00, 0.00, 0.00, 'P'),
(868, 2, 290, 'THANAI', 'BP1', 'C187', '2023-05-02', '2801-2810', 36, 10, 200, 161.00, 0.00, 0.00, 'P'),
(869, 2, 291, 'THANAI', 'BPS', 'C193', '2023-05-02', '2871-2880', 28, 10, 210, 177.00, 0.00, 0.00, 'P'),
(870, 2, 292, 'THANAI', 'BPS', 'C186', '2023-05-02', '2791-2800', 28, 10, 210, 170.00, 0.00, 0.00, 'P'),
(871, 2, 293, 'THANAI', 'BPS', 'C131', '2023-04-12', '2071-2080', 26, 10, 220, 170.00, 0.00, 0.00, 'P'),
(872, 2, 294, 'THANAI', 'BPS', 'C120', '2023-04-12', '1901-1910', 26, 0, 220, 0.00, 0.00, 0.00, 'P'),
(873, 2, 295, 'THANAI', 'PF', 'C209', '2023-05-02', '3061-3070', 34, 10, 270, 215.00, 0.00, 0.00, 'P'),
(874, 2, 296, 'THANAI', 'PF', 'C205', '2023-05-02', '3001-3010', 34, 10, 260, 201.00, 0.00, 0.00, 'P'),
(875, 2, 297, 'THANAI', 'PF', 'C179', '2023-05-02', '2721-2730', 34, 10, 260, 201.00, 0.00, 0.00, 'P'),
(876, 2, 298, 'DUFFLAGHUR', 'BP', 'C280042D', '2023-04-28', '937-966', 41, 30, 290, 245.00, 0.00, 0.00, 'P'),
(877, 2, 299, 'DUFFLAGHUR', 'PF', 'C280048D', '2023-04-28', '1107-1136', 42, 30, 290, 265.00, 0.00, 0.00, 'P'),
(878, 2, 300, 'PHULBARI', 'BP', 'C080076D', '2023-05-03', '2146-2175', 36, 0, 240, 0.00, 0.00, 0.00, 'P'),
(879, 2, 301, 'NAMDANG', 'BOP', 'C800050D', '2023-04-25', '1276-1305', 34, 0, 280, 0.00, 0.00, 0.00, 'P'),
(880, 2, 302, 'NAMDANG', 'BP', 'C800073D', '2023-04-29', '1836-1875', 38, 40, 290, 240.00, 0.00, 0.00, 'P'),
(881, 2, 303, 'NAMDANG', 'BP', 'C800054D', '2023-04-25', '1406-1435', 38, 30, 280, 230.00, 0.00, 0.00, 'P'),
(882, 2, 304, 'MARGHERITA', 'BOP', 'C770067D', '2023-05-03', '1376-1395', 36, 20, 300, 240.00, 0.00, 0.00, 'P'),
(883, 2, 305, 'MARGHERITA', 'BP', 'C770061D', '2023-05-03', '1266-1285', 40, 20, 270, 246.00, 0.00, 0.00, 'P'),
(884, 2, 306, 'MARGHERITA', 'PF', 'C770052D', '2023-04-28', '1071-1100', 40, 30, 260, 240.00, 0.00, 0.00, 'P'),
(885, 2, 307, 'ATTAREEKHAT', 'BOP', 'C010017D', '2023-05-03', '381-400', 40, 20, 260, 234.00, 0.00, 0.00, 'P'),
(886, 2, 308, 'ATTAREEKHAT', 'BP', 'C010032D', '2023-05-03', '688-707', 40, 20, 290, 250.00, 0.00, 0.00, 'P'),
(887, 2, 309, 'ATTAREEKHAT', 'BP', 'C010013D', '2023-05-03', '271-300', 40, 30, 260, 210.00, 0.00, 0.00, 'P'),
(888, 2, 310, 'ATTAREEKHAT', 'PF', 'C010033D', '2023-05-03', '708-727', 40, 20, 260, 257.00, 0.00, 0.00, 'P'),
(889, 2, 311, 'ATTAREEKHAT', 'PF', 'C010019D', '2023-05-03', '421-440', 40, 20, 250, 205.00, 0.00, 0.00, 'P'),
(890, 2, 312, 'ATTAREEKHAT', 'PF', 'C010010D', '2023-05-03', '211-240', 40, 30, 250, 200.00, 0.00, 0.00, 'P'),
(891, 2, 313, 'ATTAREEKHAT', 'PF', 'C010003D', '2023-05-03', '41-70', 40, 30, 260, 215.00, 0.00, 0.00, 'P'),
(892, 2, 314, 'BOGAPANI', 'BOP', 'C810079D', '2023-05-06', '1906-1935', 34, 30, 260, 220.00, 0.00, 0.00, 'P'),
(893, 2, 315, 'BOGAPANI', 'BOP', 'C810072D', '2023-05-02', '1731-1760', 35, 30, 250, 220.00, 0.00, 0.00, 'P'),
(894, 2, 316, 'BOGAPANI', 'BP', 'C810109D', '2023-05-06', '2706-2735', 40, 0, 250, 0.00, 0.00, 0.00, 'P'),
(895, 2, 317, 'BOGAPANI', 'BP', 'C810090D', '2023-05-02', '2226-2255', 36, 30, 260, 220.00, 0.00, 0.00, 'P'),
(896, 2, 318, 'BOGAPANI', 'BP', 'C810017D', '2023-04-10', '416-445', 36, 0, 250, 0.00, 0.00, 0.00, 'P'),
(897, 2, 319, 'BOGAPANI', 'BPS', 'C810118D', '2023-05-06', '2887-2896', 33, 10, 240, 201.00, 0.00, 0.00, 'P'),
(898, 2, 320, 'BOGAPANI', 'BPS', 'C810113D', '2023-05-06', '2747-2766', 33, 20, 240, 205.00, 0.00, 0.00, 'P'),
(899, 2, 321, 'BOGAPANI', 'BPS', 'C810077D', '2023-05-06', '1856-1875', 32, 20, 240, 205.00, 0.00, 0.00, 'P'),
(900, 2, 322, 'BOGAPANI', 'BPS', 'C810059D', '2023-05-02', '1381-1400', 32, 20, 240, 200.00, 0.00, 0.00, 'P'),
(901, 2, 323, 'BOGAPANI', 'PF', 'C810099D', '2023-05-06', '2451-2480', 40, 30, 240, 215.00, 0.00, 0.00, 'P'),
(902, 2, 324, 'BOGAPANI', 'PF', 'C810095D', '2023-05-06', '2356-2385', 38, 30, 250, 205.00, 0.00, 0.00, 'P'),
(903, 2, 325, 'BOGAPANI', 'PF', 'C810088D', '2023-05-06', '2166-2195', 38, 30, 240, 205.00, 0.00, 0.00, 'P'),
(904, 2, 326, 'BOGAPANI', 'PF', 'C810018D', '2023-04-10', '446-475', 38, 30, 250, 210.00, 0.00, 0.00, 'P'),
(905, 2, 327, 'BORENGAJULI', 'BPS', 'C020036D', '2023-04-24', '691-700', 30, 10, 250, 225.00, 0.00, 0.00, 'P'),
(906, 2, 328, 'MONABARIE', 'BOP', 'C880019D', '2023-04-07', '401-420', 40, 20, 260, 220.00, 0.00, 0.00, 'P'),
(907, 2, 329, 'MONABARIE', 'BOP', 'C880008D', '2023-04-07', '181-200', 40, 20, 260, 220.00, 0.00, 0.00, 'P'),
(908, 2, 330, 'MONABARIE', 'BPS', 'C880018D', '2023-04-07', '396-400', 37, 0, 240, 0.00, 0.00, 0.00, 'P'),
(909, 2, 331, 'MONABARIE', 'BPS', 'C881935C', '2023-03-20', '54989-54993', 37, 0, 240, 0.00, 0.00, 0.00, 'P'),
(910, 2, 332, 'PERTABGHUR', 'BOP', 'C240098D', '2023-04-29', '1431-1440', 36, 10, 250, 205.00, 0.00, 0.00, 'P'),
(911, 2, 333, 'PERTABGHUR', 'BP', 'C240092D', '2023-04-29', '1361-1380', 38, 20, 240, 200.00, 0.00, 0.00, 'P'),
(912, 2, 334, 'PERTABGHUR', 'BP1', 'C240109D', '2023-04-29', '1566-1575', 35, 10, 190, 162.00, 0.00, 0.00, 'P'),
(913, 2, 335, 'PERTABGHUR', 'BP1', 'C240081D', '2023-04-25', '1211-1220', 32, 10, 190, 156.00, 0.00, 0.00, 'P'),
(914, 2, 336, 'PERTABGHUR', 'BPS', 'C240087D', '2023-04-25', '1296-1305', 32, 0, 230, 0.00, 0.00, 0.00, 'P'),
(915, 2, 337, 'PERTABGHUR', 'PF', 'C240100D', '2023-04-29', '1461-1480', 39, 0, 230, 0.00, 0.00, 0.00, 'P'),
(916, 2, 338, 'PERTABGHUR', 'PF', 'C240072D', '2023-04-25', '1071-1090', 39, 20, 240, 200.00, 0.00, 0.00, 'P'),
(917, 2, 339, 'THOWRA', 'BP', 'UK64', '2023-04-12', '1700-1739', 26, 40, 190, 164.00, 0.00, 0.00, 'P'),
(918, 2, 340, 'THOWRA', 'BP', 'UK56', '2023-04-12', '1420-1459', 27, 40, 190, 180.00, 0.00, 0.00, 'P'),
(919, 2, 341, 'THOWRA', 'BP', 'UK49', '2023-04-12', '1140-1179', 27, 0, 190, 0.00, 0.00, 0.00, 'P'),
(920, 2, 342, 'DHOEDAAM', 'BP', 'UK210', '2023-04-14', '6178-6217', 25, 40, 190, 161.00, 0.00, 0.00, 'P'),
(921, 2, 343, 'DHOEDAAM', 'BP', 'UK205', '2023-04-14', '5978-6017', 25, 40, 190, 161.00, 0.00, 0.00, 'P'),
(922, 2, 344, 'DHOEDAAM', 'BP', 'UK204', '2023-04-10', '5938-5977', 25, 40, 180, 150.00, 0.00, 0.00, 'P'),
(923, 2, 345, 'DHOEDAAM', 'BP1', 'UK185', '2023-04-10', '5298-5317', 32, 0, 140, 0.00, 0.00, 0.00, 'P'),
(924, 2, 346, 'DHOEDAAM', 'PF', 'UK217', '2023-04-14', '6458-6497', 26, 40, 180, 160.00, 0.00, 0.00, 'P'),
(925, 2, 347, 'DHOEDAAM', 'PF1', 'UK288', '2023-05-04', '8538-8557', 34, 20, 140, 130.00, 0.00, 0.00, 'P'),
(926, 2, 348, 'DHOEDAAM', 'PF1', 'UK274', '2023-05-04', '8118-8137', 34, 20, 140, 130.00, 0.00, 0.00, 'P'),
(927, 2, 349, 'DHOEDAAM', 'PF1', 'UK270', '2023-05-04', '8018-8037', 34, 20, 140, 115.00, 0.00, 0.00, 'P'),
(928, 2, 350, 'BASMATIA', 'BOP', 'C185', '2023-05-04', '1604-1608', 26, 5, 270, 235.00, 0.00, 0.00, 'P'),
(929, 2, 351, 'BASMATIA', 'BOPSM', 'C186', '2023-05-04', '1609-1618', 28, 10, 310, 291.00, 0.00, 0.00, 'P'),
(930, 2, 352, 'BASMATIA', 'BOPSM', 'C182', '2023-05-04', '1574-1583', 28, 10, 320, 291.00, 0.00, 0.00, 'P'),
(931, 2, 353, 'BASMATIA', 'BOPSM', 'C147', '2023-05-04', '1488-1497', 29, 10, 280, 320.00, 0.00, 0.00, 'P'),
(932, 2, 354, 'BASMATIA', 'BOPSM', 'C144', '2023-05-04', '1468-1477', 29, 10, 280, 270.00, 0.00, 0.00, 'P'),
(933, 2, 355, 'BASMATIA', 'BOPSM', 'C140', '2023-05-04', '1438-1447', 28, 10, 280, 300.00, 0.00, 0.00, 'P'),
(934, 2, 356, 'BASMATIA', 'BP', 'C183', '2023-05-04', '1584-1593', 31, 10, 320, 285.00, 0.00, 0.00, 'P'),
(935, 2, 357, 'BASMATIA', 'BP', 'C148', '2023-05-04', '1498-1507', 31, 10, 290, 260.00, 0.00, 0.00, 'P'),
(936, 2, 358, 'BASMATIA', 'BP', 'C145', '2023-05-04', '1478-1482', 31, 5, 290, 271.00, 0.00, 0.00, 'P'),
(937, 2, 359, 'BASMATIA', 'BP', 'C139', '2023-05-04', '1428-1437', 30, 10, 290, 255.00, 0.00, 0.00, 'P'),
(938, 2, 360, 'BASMATIA', 'BP', 'C136', '2023-05-04', '1408-1412', 30, 0, 290, 0.00, 0.00, 0.00, 'P'),
(939, 2, 361, 'BASMATIA', 'BP1', 'C150', '2023-05-04', '1518-1527', 35, 10, 150, 115.00, 0.00, 0.00, 'P'),
(940, 2, 362, 'BASMATIA', 'PF', 'C146', '2023-05-04', '1483-1487', 32, 0, 310, 0.00, 0.00, 0.00, 'P'),
(941, 2, 363, 'BASMATIA', 'PF', 'C134', '2023-05-04', '1393-1397', 32, 0, 270, 0.00, 0.00, 0.00, 'P'),
(942, 2, 364, 'KHOWANG', 'BOP', 'C392', '2023-05-06', '7333-7347', 26, 15, 260, 240.00, 0.00, 0.00, 'P'),
(943, 2, 365, 'KHOWANG', 'BOP', 'C384', '2023-05-06', '7163-7174', 26, 12, 240, 235.00, 0.00, 0.00, 'P'),
(944, 2, 366, 'KHOWANG', 'BOP', 'C357', '2023-05-06', '6983-6992', 25, 10, 230, 185.00, 0.00, 0.00, 'P');
INSERT INTO `auction_dtl` (`acd_id`, `auc_id`, `lot_no`, `garden_nm`, `grade`, `invoice_no`, `gp_date`, `chest`, `net`, `pkgs`, `valu_kg`, `base_price`, `bid_price`, `bidder_id`, `auc_status`) VALUES
(945, 2, 367, 'KHOWANG', 'BOPSM', 'C391', '2023-05-06', '7303-7332', 28, 30, 300, 260.00, 0.00, 0.00, 'P'),
(946, 2, 368, 'KHOWANG', 'BOPSM', 'C386', '2023-05-06', '7183-7212', 28, 30, 310, 275.00, 0.00, 0.00, 'P'),
(947, 2, 369, 'KHOWANG', 'BOPSM', 'C381', '2023-05-06', '7103-7127', 28, 25, 300, 260.00, 0.00, 0.00, 'P'),
(948, 2, 370, 'KHOWANG', 'BOPSM', 'C358', '2023-05-06', '6993-7022', 28, 30, 290, 240.00, 0.00, 0.00, 'P'),
(949, 2, 371, 'KHOWANG', 'BP', 'C396', '2023-05-06', '7403-7422', 29, 20, 300, 265.00, 0.00, 0.00, 'P'),
(950, 2, 372, 'KHOWANG', 'BP', 'C390', '2023-05-06', '7283-7302', 29, 20, 300, 265.00, 0.00, 0.00, 'P'),
(951, 2, 373, 'KHOWANG', 'BP', 'C387', '2023-05-06', '7213-7242', 29, 0, 300, 0.00, 0.00, 0.00, 'P'),
(952, 2, 374, 'KHOWANG', 'BP', 'C380', '2023-05-06', '7083-7102', 29, 20, 290, 240.00, 0.00, 0.00, 'P'),
(953, 2, 375, 'KHOWANG', 'BP', 'C359', '2023-05-06', '7023-7042', 29, 0, 300, 0.00, 0.00, 0.00, 'P'),
(954, 2, 376, 'KHOWANG', 'BP', 'C242', '2023-04-13', '4476-4495', 27, 20, 190, 150.00, 0.00, 0.00, 'P'),
(955, 2, 377, 'KHOWANG', 'BP', 'C239', '2023-04-13', '4396-4425', 27, 0, 190, 0.00, 0.00, 0.00, 'P'),
(956, 2, 378, 'KHOWANG', 'BP', 'C212', '2023-04-11', '3760-3789', 27, 30, 190, 175.00, 0.00, 0.00, 'P'),
(957, 2, 379, 'KHOWANG', 'PF', 'C393', '2023-05-06', '7348-7362', 30, 15, 280, 245.00, 0.00, 0.00, 'P'),
(958, 2, 380, 'KHOWANG', 'PF', 'C385', '2023-05-06', '7175-7182', 30, 0, 280, 0.00, 0.00, 0.00, 'P'),
(959, 2, 381, 'KHOWANG', 'PF', 'C252', '2023-04-13', '4678-4707', 29, 30, 180, 150.00, 0.00, 0.00, 'P'),
(960, 2, 382, 'KHOWANG', 'PF', 'C232', '2023-04-13', '4226-4245', 29, 20, 180, 160.00, 0.00, 0.00, 'P'),
(961, 2, 383, 'SALONAH', 'BOP', 'C84', '2023-05-03', '2006-2025', 31, 0, 250, 0.00, 0.00, 0.00, 'P'),
(962, 2, 384, 'SALONAH', 'BOPSM', 'C85', '2023-05-03', '2026-2055', 33, 0, 260, 0.00, 0.00, 0.00, 'P'),
(963, 2, 385, 'GATOONGA(CL)', 'BOP', 'C10702', '2023-05-02', '5004-5018', 38, 15, 260, 227.00, 0.00, 0.00, 'P'),
(964, 2, 386, 'GATOONGA(CL)', 'PF', 'C10716', '2023-05-02', '5088-5102', 42, 15, 260, 237.00, 0.00, 0.00, 'P'),
(965, 2, 387, 'SALKATHONI(CL)', 'BP', 'C20349', '2023-05-05', '5398-5403', 35, 6, 210, 215.00, 0.00, 0.00, 'P'),
(966, 2, 388, 'SALKATHONI(CL)', 'BP', 'C20348', '2023-05-05', '5383-5397', 35, 15, 220, 215.00, 0.00, 0.00, 'P'),
(967, 2, 389, 'SALKATHONI(CL)', 'PF', 'C20350', '2023-05-05', '5404-5418', 37, 15, 230, 220.00, 0.00, 0.00, 'P'),
(968, 2, 390, 'SANGSUA', 'BOP', 'C40178', '2023-05-05', '1555-1569', 38, 15, 240, 205.00, 0.00, 0.00, 'P'),
(969, 2, 391, 'SANGSUA', 'PF', 'C40177', '2023-05-05', '1540-1554', 42, 15, 240, 230.00, 0.00, 0.00, 'P'),
(970, 2, 392, 'MELENG(CLONAL)', 'BOP', 'C328', '2023-05-03', '4565-4574', 26, 10, 230, 180.00, 0.00, 0.00, 'P'),
(971, 2, 393, 'MELENG(CLONAL)', 'BP', 'C327', '2023-05-03', '4555-4564', 29, 10, 230, 185.00, 0.00, 0.00, 'P'),
(972, 2, 394, 'MARANGI', 'BP', 'C108', '2023-05-06', '1727-1746', 31, 20, 250, 200.00, 0.00, 0.00, 'P'),
(973, 2, 395, 'MARANGI', 'OF', 'C114', '2023-05-06', '1842-1861', 33, 0, 0, 0.00, 0.00, 0.00, 'P'),
(974, 2, 396, 'ADDABARIE', 'BOP', 'C334', '2023-05-06', '3806-3825', 32, 20, 170, 167.00, 0.00, 0.00, 'P'),
(975, 2, 397, 'ADDABARIE', 'BOP', 'C319', '2023-05-03', '3495-3514', 32, 20, 170, 153.00, 0.00, 0.00, 'P'),
(976, 2, 398, 'ADDABARIE', 'BOP', 'C318', '2023-05-03', '3475-3494', 32, 20, 170, 157.00, 0.00, 0.00, 'P'),
(977, 2, 399, 'ADDABARIE', 'BOP', 'C217', '2023-04-11', '1900-1906', 30, 0, 150, 0.00, 0.00, 0.00, 'P'),
(978, 2, 400, 'ADDABARIE', 'BOPSM', 'C335', '2023-05-06', '3826-3850', 35, 25, 190, 205.00, 0.00, 0.00, 'P'),
(979, 2, 401, 'ADDABARIE', 'BOPSM', 'C321', '2023-05-03', '3535-3559', 34, 25, 190, 175.00, 0.00, 0.00, 'P'),
(980, 2, 402, 'ADDABARIE', 'BOPSM', 'C222', '2023-04-11', '1995-2012', 33, 18, 160, 140.00, 0.00, 0.00, 'P'),
(981, 2, 403, 'ADDABARIE', 'BOPSM', 'C93', '2023-03-26', '701-708', 32, 8, 160, 140.00, 0.00, 0.00, 'P'),
(982, 2, 404, 'ADDABARIE', 'BP', 'C336', '2023-05-06', '3851-3870', 36, 20, 180, 187.00, 0.00, 0.00, 'P'),
(983, 2, 405, 'ADDABARIE', 'BP', 'C330', '2023-05-03', '3721-3740', 36, 20, 170, 195.00, 0.00, 0.00, 'P'),
(984, 2, 406, 'ADDABARIE', 'BP', 'C322', '2023-05-03', '3560-3579', 35, 20, 170, 186.00, 0.00, 0.00, 'P'),
(985, 2, 407, 'ADDABARIE', 'BPS', 'C320', '2023-05-03', '3515-3534', 32, 20, 160, 140.00, 0.00, 0.00, 'P'),
(986, 2, 408, 'ADDABARIE', 'PF', 'C338', '2023-05-06', '3896-3915', 35, 20, 170, 224.00, 0.00, 0.00, 'P'),
(987, 2, 409, 'ADDABARIE', 'PF', 'C323', '2023-05-03', '3580-3599', 36, 20, 170, 180.00, 0.00, 0.00, 'P'),
(988, 2, 410, 'BRAHMAJAN', 'BOP', 'C319', '2023-05-02', '4262-4266', 26, 5, 240, 211.00, 0.00, 0.00, 'P'),
(989, 2, 411, 'BRAHMAJAN', 'BOPSM', 'C299', '2023-05-02', '4083-4087', 27, 0, 300, 0.00, 0.00, 0.00, 'P'),
(990, 2, 412, 'BRAHMAJAN', 'BOPSM', 'C291', '2023-05-02', '3994-4008', 27, 0, 300, 0.00, 0.00, 0.00, 'P'),
(991, 2, 413, 'BRAHMAJAN', 'BOPSM', 'C280', '2023-05-02', '3884-3893', 27, 0, 225, 0.00, 0.00, 0.00, 'P'),
(992, 2, 414, 'BRAHMAJAN', 'BP', 'C298', '2023-05-02', '4076-4082', 28, 0, 300, 0.00, 0.00, 0.00, 'P'),
(993, 2, 415, 'BRAHMAJAN', 'PF', 'C305', '2023-05-02', '4125-4129', 29, 5, 225, 181.00, 0.00, 0.00, 'P'),
(994, 2, 416, 'BRAHMAJAN', 'PF', 'C297', '2023-05-02', '4068-4075', 29, 8, 215, 200.00, 0.00, 0.00, 'P'),
(995, 2, 417, 'BRAHMAJAN', 'PF', 'C281', '2023-05-02', '3894-3900', 29, 7, 210, 181.00, 0.00, 0.00, 'P'),
(996, 2, 418, 'TELOIJANROYALSPL', 'BOPSM', 'C2061', '2023-04-16', '2261-2290', 36, 30, 170, 140.00, 0.00, 0.00, 'P'),
(997, 2, 419, 'HANUMANBAG', 'BOP', 'C137', '2023-05-07', '1241-1250', 38, 0, 190, 0.00, 0.00, 0.00, 'P'),
(998, 2, 420, 'HANUMANBAG', 'BOP', 'C68', '2023-04-13', '546-550', 40, 0, 200, 0.00, 0.00, 0.00, 'P'),
(999, 2, 421, 'HANUMANBAG', 'BOP', 'C9', '2023-03-24', '51-55', 40, 5, 210, 160.00, 0.00, 0.00, 'P'),
(1000, 2, 422, 'HANUMANBAG', 'BOPSM', 'C138', '2023-05-07', '1251-1260', 40, 0, 220, 0.00, 0.00, 0.00, 'P'),
(1001, 2, 423, 'HANUMANBAG', 'BP', 'C172', '2023-05-07', '1598-1607', 42, 10, 270, 241.00, 0.00, 0.00, 'P'),
(1002, 2, 424, 'HANUMANBAG', 'BP', 'C163', '2023-05-07', '1538-1547', 42, 10, 280, 236.00, 0.00, 0.00, 'P'),
(1003, 2, 425, 'HANUMANBAG', 'BP', 'C141', '2023-05-07', '1271-1275', 42, 0, 200, 0.00, 0.00, 0.00, 'P'),
(1004, 2, 426, 'HANUMANBAG', 'BP', 'C1', '2023-03-24', '1-May', 44, 5, 210, 192.00, 0.00, 0.00, 'P'),
(1005, 2, 427, 'HANUMANBAG', 'BP1', 'C156', '2023-05-07', '1488-1497', 40, 0, 170, 0.00, 0.00, 0.00, 'P'),
(1006, 2, 428, 'HANUMANBAG', 'PF', 'C164', '2023-05-07', '1548-1557', 44, 10, 270, 226.00, 0.00, 0.00, 'P'),
(1007, 2, 429, 'HANUMANBAG', 'PF', 'C151', '2023-05-07', '1321-1325', 44, 5, 210, 170.00, 0.00, 0.00, 'P'),
(1008, 2, 430, 'HANUMANBAG', 'PF1', 'C157', '2023-05-07', '1498-1507', 42, 10, 170, 140.00, 0.00, 0.00, 'P'),
(1009, 2, 431, 'MADOORIE', 'BOP', 'C156', '2023-05-07', '1660-1669', 40, 10, 230, 195.00, 0.00, 0.00, 'P'),
(1010, 2, 432, 'MADOORIE', 'BOP', 'C98', '2023-04-12', '954-963', 42, 0, 200, 0.00, 0.00, 0.00, 'P'),
(1011, 2, 433, 'MADOORIE', 'BOPSM', 'C155', '2023-05-07', '1640-1659', 40, 20, 210, 169.00, 0.00, 0.00, 'P'),
(1012, 2, 434, 'MADOORIE', 'BP', 'C168', '2023-05-07', '1770-1779', 42, 10, 270, 220.00, 0.00, 0.00, 'P'),
(1013, 2, 435, 'MADOORIE', 'BP', 'C157', '2023-05-07', '1670-1689', 42, 20, 200, 201.00, 0.00, 0.00, 'P'),
(1014, 2, 436, 'MADOORIE', 'BP', 'C4', '2023-03-24', '16-20', 48, 5, 210, 180.00, 0.00, 0.00, 'P'),
(1015, 2, 437, 'MADOORIE', 'PF', 'C160', '2023-05-07', '1705-1709', 45, 0, 240, 0.00, 0.00, 0.00, 'P'),
(1016, 2, 438, 'DHENDAI', 'BOPSM', 'C55', '2023-04-29', '1061-1080', 32, 0, 400, 0.00, 0.00, 0.00, 'P'),
(1017, 2, 439, 'DHENDAI', 'BP', 'C49', '2023-04-29', '941-960', 36, 20, 230, 195.00, 0.00, 0.00, 'P'),
(1018, 2, 440, 'SADHARU', 'BOPSM', 'CS207', '2023-04-28', '2050-2054', 35, 5, 180, 160.00, 0.00, 0.00, 'P'),
(1019, 2, 441, 'SADHARU', 'BOPSM', 'CS141', '2023-04-13', '1456-1460', 35, 5, 160, 150.00, 0.00, 0.00, 'P'),
(1020, 2, 442, 'SADHARU', 'BOPSM', 'CS133', '2023-04-13', '1391-1395', 35, 5, 160, 155.00, 0.00, 0.00, 'P'),
(1021, 2, 443, 'SADHARU', 'BOPSM', 'CS38', '2023-03-27', '357-364', 35, 8, 170, 150.00, 0.00, 0.00, 'P'),
(1022, 2, 444, 'SADHARU', 'BP', 'CS208', '2023-04-28', '2055-2064', 38, 10, 180, 155.00, 0.00, 0.00, 'P'),
(1023, 2, 445, 'SADHARU', 'PF', 'CS215', '2023-04-28', '2115-2119', 40, 5, 180, 165.00, 0.00, 0.00, 'P'),
(1024, 2, 446, 'SADHARU', 'PF', 'CS209', '2023-04-28', '2065-2070', 40, 6, 180, 160.00, 0.00, 0.00, 'P'),
(1025, 2, 447, 'DUKENHENGRA', 'BOP', 'C16', '2023-05-03', '193-207', 32, 0, 210, 0.00, 0.00, 0.00, 'P'),
(1026, 2, 448, 'DUKENHENGRA', 'BOP', 'C9', '2023-05-03', '98-107', 32, 0, 200, 0.00, 0.00, 0.00, 'P'),
(1027, 2, 449, 'DUKENHENGRA', 'BP', 'C19', '2023-05-03', '243-262', 34, 0, 200, 0.00, 0.00, 0.00, 'P'),
(1028, 2, 450, 'DUKENHENGRA', 'BP', 'C17', '2023-05-03', '208-227', 34, 0, 210, 0.00, 0.00, 0.00, 'P'),
(1029, 2, 451, 'DUKENHENGRA', 'BP', 'C6', '2023-05-03', '61-75', 34, 15, 210, 163.00, 0.00, 0.00, 'P'),
(1030, 2, 452, 'AMBIKAPUR', 'BOP1', 'C314', '2023-05-02', '4201-4215', 32, 0, 130, 0.00, 0.00, 0.00, 'P'),
(1031, 2, 453, 'AMBIKAPUR', 'BOP1', 'C283', '2023-05-02', '3909-3925', 32, 0, 130, 0.00, 0.00, 0.00, 'P'),
(1032, 2, 454, 'AMBIKAPUR', 'BOPSM', 'C290', '2023-05-02', '3988-3993', 34, 6, 165, 135.00, 0.00, 0.00, 'P'),
(1033, 2, 455, 'AMBIKAPUR', 'BOPSM', 'C272', '2023-05-02', '3801-3809', 34, 9, 165, 131.00, 0.00, 0.00, 'P'),
(1034, 2, 456, 'AMBIKAPUR', 'BOPSM1', 'C315', '2023-05-02', '4216-4226', 34, 11, 140, 110.00, 0.00, 0.00, 'P'),
(1035, 2, 457, 'AMBIKAPUR', 'BOPSM1', 'C295', '2023-05-02', '4044-4056', 34, 13, 140, 110.00, 0.00, 0.00, 'P'),
(1036, 2, 458, 'AMBIKAPUR', 'BOPSM1', 'C279', '2023-05-02', '3872-3883', 34, 12, 140, 110.00, 0.00, 0.00, 'P'),
(1037, 2, 459, 'AMBIKAPUR', 'BP', 'C321', '2023-05-02', '4287-4302', 35, 16, 180, 165.00, 0.00, 0.00, 'P'),
(1038, 2, 460, 'AMBIKAPUR', 'BP', 'C311', '2023-05-02', '4170-4176', 35, 7, 175, 145.00, 0.00, 0.00, 'P'),
(1039, 2, 461, 'AMBIKAPUR', 'BP', 'C288', '2023-05-02', '3972-3979', 35, 8, 175, 135.00, 0.00, 0.00, 'P'),
(1040, 2, 462, 'AMBIKAPUR', 'BP', 'C273', '2023-05-02', '3810-3819', 35, 10, 165, 135.00, 0.00, 0.00, 'P'),
(1041, 2, 463, 'AMBIKAPUR', 'BP1', 'C324', '2023-05-02', '4332-4336', 35, 5, 130, 110.00, 0.00, 0.00, 'P'),
(1042, 2, 464, 'AMBIKAPUR', 'BP1', 'C316', '2023-05-02', '4227-4235', 35, 0, 130, 0.00, 0.00, 0.00, 'P'),
(1043, 2, 465, 'AMBIKAPUR', 'BP1', 'C294', '2023-05-02', '4030-4043', 35, 0, 130, 0.00, 0.00, 0.00, 'P'),
(1044, 2, 466, 'AMBIKAPUR', 'BP1', 'C284', '2023-05-02', '3926-3945', 35, 0, 130, 0.00, 0.00, 0.00, 'P'),
(1045, 2, 467, 'AMBIKAPUR', 'PF', 'C301', '2023-05-02', '4095-4100', 37, 6, 165, 160.00, 0.00, 0.00, 'P'),
(1046, 2, 468, 'AMBIKAPUR', 'PF1', 'C296', '2023-05-02', '4057-4067', 37, 0, 135, 0.00, 0.00, 0.00, 'P'),
(1047, 2, 469, 'KHONGEACLONAL', 'BOP', 'C173', '2023-05-03', '2352-2361', 33, 0, 150, 0.00, 0.00, 0.00, 'P'),
(1048, 2, 470, 'KHONGEACLONAL', 'BOP', 'C166', '2023-05-03', '2263-2271', 30, 0, 150, 0.00, 0.00, 0.00, 'P'),
(1049, 2, 471, 'KHONGEACLONAL', 'BOP1', 'C178', '2023-05-03', '2392-2398', 33, 7, 140, 100.00, 0.00, 0.00, 'P'),
(1050, 2, 472, 'KHONGEACLONAL', 'BOPSM', 'C177', '2023-05-03', '2386-2391', 35, 6, 170, 150.00, 0.00, 0.00, 'P'),
(1051, 2, 473, 'KHONGEACLONAL', 'BP', 'C171', '2023-05-03', '2319-2331', 36, 0, 170, 0.00, 0.00, 0.00, 'P'),
(1052, 2, 474, 'KHONGEACLONAL', 'BP', 'C163', '2023-05-03', '2233-2240', 36, 0, 170, 0.00, 0.00, 0.00, 'P'),
(1053, 2, 475, 'KHONGEACLONAL', 'BP', 'C128', '2023-04-12', '1687-1706', 36, 20, 170, 130.00, 0.00, 0.00, 'P'),
(1054, 2, 476, 'KHONGEACLONAL', 'BP', 'C124', '2023-04-12', '1612-1631', 36, 20, 170, 140.00, 0.00, 0.00, 'P'),
(1055, 2, 477, 'KHONGEACLONAL', 'BP', 'C115', '2023-04-12', '1449-1468', 36, 20, 170, 140.00, 0.00, 0.00, 'P'),
(1056, 2, 478, 'KHONGEACLONAL', 'BP1', 'C181', '2023-05-03', '2429-2445', 38, 17, 140, 115.00, 0.00, 0.00, 'P'),
(1057, 2, 479, 'KHONGEACLONAL', 'BP1', 'C180', '2023-05-03', '2414-2428', 38, 15, 140, 100.00, 0.00, 0.00, 'P'),
(1058, 2, 480, 'KHONGEACLONAL', 'BP1', 'C179', '2023-05-03', '2399-2413', 38, 15, 140, 100.00, 0.00, 0.00, 'P'),
(1059, 2, 481, 'KHONGEACLONAL', 'BP1', 'C168', '2023-05-03', '2280-2291', 34, 12, 140, 110.00, 0.00, 0.00, 'P'),
(1060, 2, 482, 'KHONGEACLONAL', 'BPS', 'C174', '2023-05-03', '2362-2368', 30, 0, 150, 0.00, 0.00, 0.00, 'P'),
(1061, 2, 483, 'KHONGEACLONAL', 'BPS', 'C167', '2023-05-03', '2272-2279', 29, 8, 150, 110.00, 0.00, 0.00, 'P'),
(1062, 2, 484, 'KHONGEACLONAL', 'BPS', 'C159', '2023-05-03', '2170-2183', 30, 0, 150, 0.00, 0.00, 0.00, 'P'),
(1063, 2, 485, 'KHONGEACLONAL', 'PF', 'C176', '2023-05-03', '2376-2385', 40, 0, 170, 0.00, 0.00, 0.00, 'P'),
(1064, 2, 486, 'KHONGEACLONAL', 'PF', 'C127', '2023-04-12', '1672-1686', 40, 0, 170, 0.00, 0.00, 0.00, 'P'),
(1065, 2, 487, 'LABACGOLD', 'BOPSM', 'C130', '2023-04-29', '2845-2874', 35, 0, 210, 0.00, 0.00, 0.00, 'P'),
(1066, 2, 488, 'LABACGOLD', 'BP', 'C129', '2023-04-29', '2815-2844', 35, 30, 220, 175.00, 0.00, 0.00, 'P'),
(1067, 2, 489, 'LABACGOLD', 'BP', 'C127', '2023-04-29', '2755-2784', 35, 30, 220, 177.00, 0.00, 0.00, 'P'),
(1068, 2, 490, 'LABACGOLD', 'BP', 'C126', '2023-04-29', '2725-2754', 35, 0, 220, 0.00, 0.00, 0.00, 'P'),
(1069, 2, 491, 'LABACGOLD', 'BP', 'C125', '2023-04-29', '2695-2724', 35, 30, 220, 177.00, 0.00, 0.00, 'P'),
(1070, 2, 492, 'LABACGOLD', 'OF', 'C131', '2023-04-29', '2875-2904', 35, 30, 210, 175.00, 0.00, 0.00, 'P'),
(1071, 2, 493, 'LABACGOLD', 'OF', 'C128', '2023-04-29', '2785-2814', 35, 30, 210, 170.00, 0.00, 0.00, 'P'),
(1072, 2, 494, 'KALLINEGOLD', 'BOP', 'EX148', '2023-05-02', '1735-1744', 30, 0, 170, 0.00, 0.00, 0.00, 'P'),
(1073, 2, 495, 'KALLINEGOLD', 'BOPSM', 'EX147', '2023-05-05', '1725-1734', 30, 10, 190, 165.00, 0.00, 0.00, 'P'),
(1074, 2, 496, 'KALLINEGOLD', 'BP1', 'EX161', '2023-05-05', '1960-1969', 38, 10, 160, 140.00, 0.00, 0.00, 'P'),
(1075, 2, 497, 'KALLINEGOLD', 'OF1', 'EX162', '2023-05-05', '1970-1979', 40, 10, 160, 152.00, 0.00, 0.00, 'P'),
(1076, 2, 498, 'BURTOLL GOLD', 'BOPSM', 'C138', '2023-05-05', '3304-3333', 30, 0, 200, 0.00, 0.00, 0.00, 'P'),
(1077, 2, 499, 'BURTOLL GOLD', 'BOPSM', 'C106', '2023-04-29', '2354-2383', 30, 0, 200, 0.00, 0.00, 0.00, 'P'),
(1078, 2, 500, 'BURTOLL GOLD', 'BP', 'C141', '2023-05-05', '3394-3423', 30, 30, 210, 171.00, 0.00, 0.00, 'P'),
(1079, 2, 501, 'BURTOLL GOLD', 'BP', 'C140', '2023-05-05', '3364-3393', 30, 30, 210, 172.00, 0.00, 0.00, 'P'),
(1080, 2, 502, 'BURTOLL GOLD', 'BP', 'C139', '2023-05-05', '3334-3363', 30, 30, 210, 170.00, 0.00, 0.00, 'P'),
(1081, 2, 503, 'BURTOLL GOLD', 'BP', 'C134', '2023-05-05', '3194-3223', 30, 30, 210, 170.00, 0.00, 0.00, 'P'),
(1082, 2, 504, 'BURTOLL GOLD', 'BP', 'C133', '2023-05-05', '3164-3193', 30, 30, 210, 170.00, 0.00, 0.00, 'P'),
(1083, 2, 505, 'BURTOLL GOLD', 'BP', 'C132', '2023-05-05', '3134-3163', 30, 30, 210, 182.00, 0.00, 0.00, 'P'),
(1084, 2, 506, 'BURTOLL GOLD', 'BP', 'C129', '2023-05-05', '3044-3073', 30, 30, 210, 175.00, 0.00, 0.00, 'P'),
(1085, 2, 507, 'BURTOLL GOLD', 'BP', 'C116', '2023-04-29', '2654-2683', 30, 30, 210, 171.00, 0.00, 0.00, 'P'),
(1086, 2, 508, 'BURTOLL GOLD', 'BP', 'C114', '2023-04-29', '2594-2623', 30, 30, 210, 170.00, 0.00, 0.00, 'P'),
(1087, 2, 509, 'BURTOLL GOLD', 'BP', 'C111', '2023-04-29', '2504-2533', 30, 30, 210, 182.00, 0.00, 0.00, 'P'),
(1088, 2, 510, 'BURTOLL GOLD', 'BP', 'C107', '2023-04-29', '2384-2413', 30, 30, 210, 177.00, 0.00, 0.00, 'P'),
(1089, 2, 511, 'BURTOLL GOLD', 'OF', 'C142', '2023-05-05', '3424-3453', 35, 30, 210, 170.00, 0.00, 0.00, 'P'),
(1090, 2, 512, 'BURTOLL GOLD', 'OF', 'C112', '2023-04-29', '2534-2563', 35, 30, 210, 170.00, 0.00, 0.00, 'P'),
(1091, 2, 513, 'KOOMBER', 'BOP', 'C14', '2023-04-30', '425-435', 36, 11, 175, 136.00, 0.00, 0.00, 'P'),
(1092, 2, 514, 'KOOMBER', 'BOPSM', 'C14', '2023-04-30', '436-456', 38, 21, 200, 161.00, 0.00, 0.00, 'P'),
(1093, 2, 515, 'KOOMBER', 'BP', 'C15', '2023-04-30', '490-529', 40, 40, 200, 165.00, 0.00, 0.00, 'P'),
(1094, 2, 516, 'KOOMBER', 'PF', 'C14', '2023-04-30', '457-489', 43, 33, 190, 160.00, 0.00, 0.00, 'P'),
(1095, 2, 517, 'LALLAMOOKH', 'BOP', 'C119', '2023-05-03', '800-807', 30, 0, 220, 0.00, 0.00, 0.00, 'P'),
(1096, 2, 518, 'LALLAMOOKH', 'BOPSM', 'C133', '2023-05-03', '983-998', 31, 0, 240, 0.00, 0.00, 0.00, 'P'),
(1097, 2, 519, 'LALLAMOOKH', 'BOPSM', 'C122', '2023-05-03', '829-840', 31, 0, 240, 0.00, 0.00, 0.00, 'P'),
(1098, 2, 520, 'LALLAMOOKH', 'BP', 'C131', '2023-05-03', '947-966', 32, 20, 240, 190.00, 0.00, 0.00, 'P'),
(1099, 2, 521, 'LALLAMOOKH', 'BPSM', 'C135', '2023-05-03', '1008-1018', 33, 11, 230, 200.00, 0.00, 0.00, 'P'),
(1100, 2, 522, 'LALLAMOOKH', 'OF', 'C127', '2023-05-03', '908-915', 34, 0, 230, 0.00, 0.00, 0.00, 'P'),
(1101, 2, 523, 'LALLAMOOKH', 'OF', 'C118', '2023-05-03', '780-799', 34, 20, 240, 190.00, 0.00, 0.00, 'P'),
(1102, 2, 524, 'KALLINE SPECIAL', 'BOPSM', 'EX150', '2023-05-02', '1775-1794', 36, 0, 170, 0.00, 0.00, 0.00, 'P'),
(1103, 2, 525, 'KALLINE SPECIAL', 'BP', 'EX154', '2023-05-02', '1835-1864', 38, 0, 180, 0.00, 0.00, 0.00, 'P'),
(1104, 2, 526, 'KALLINE SPECIAL', 'OF', 'EX149', '2023-05-02', '1745-1774', 40, 0, 180, 0.00, 0.00, 0.00, 'P'),
(1105, 2, 527, 'BURTOLLSPECIAL', 'BOPSM', 'C118', '2023-04-29', '2714-2743', 35, 0, 190, 0.00, 0.00, 0.00, 'P'),
(1106, 2, 528, 'BURTOLLSPECIAL', 'BP', 'C131', '2023-05-05', '3104-3133', 35, 30, 200, 161.00, 0.00, 0.00, 'P'),
(1107, 2, 529, 'BURTOLLSPECIAL', 'OF', 'C137', '2023-05-05', '3284-3303', 35, 20, 200, 161.00, 0.00, 0.00, 'P'),
(1108, 2, 530, 'DANGUAJHAR', 'BOPSM', 'C321', '2023-05-09', '4846-4865', 38, 20, 305, 280.00, 0.00, 0.00, 'P'),
(1109, 2, 531, 'DANGUAJHAR', 'BOPSM', 'C315', '2023-05-09', '4696-4715', 38, 20, 320, 280.00, 0.00, 0.00, 'P'),
(1110, 2, 532, 'DANGUAJHAR', 'BOPSM', 'C304', '2023-05-09', '4476-4495', 38, 20, 315, 280.00, 0.00, 0.00, 'P'),
(1111, 2, 533, 'DANGUAJHAR', 'BP', 'C307', '2023-05-09', '4536-4555', 38, 20, 350, 301.00, 0.00, 0.00, 'P'),
(1112, 2, 534, 'DANGUAJHAR', 'BP', 'C305', '2023-05-09', '4496-4515', 38, 20, 340, 310.00, 0.00, 0.00, 'P'),
(1113, 2, 535, 'DANGUAJHAR', 'OF', 'C325', '2023-05-09', '4956-4985', 38, 30, 335, 316.00, 0.00, 0.00, 'P'),
(1114, 2, 536, 'DANGUAJHAR', 'OF', 'C306', '2023-05-09', '4516-4535', 38, 20, 340, 319.00, 0.00, 0.00, 'P'),
(1115, 2, 537, 'DANGUAJHAR', 'OF', 'C275', '2023-04-17', '3896-3915', 38, 20, 280, 251.00, 0.00, 0.00, 'P'),
(1116, 2, 538, 'CHALOUNI', 'OF', 'C143', '2023-04-12', '1671-1680', 38, 0, 0, 0.00, 0.00, 0.00, 'P'),
(1117, 2, 539, 'HOPE', 'BP', 'C169', '2023-05-02', '2839-2850', 38, 12, 340, 325.00, 0.00, 0.00, 'P'),
(1118, 2, 540, 'HOPE', 'OF', 'C169', '2023-05-02', '2851-2855', 38, 5, 330, 301.00, 0.00, 0.00, 'P'),
(1119, 2, 541, 'HOPE', 'OF', 'C165', '2023-05-02', '2777-2784', 38, 8, 335, 301.00, 0.00, 0.00, 'P'),
(1120, 2, 542, 'LEESH RIVER', 'BOPSM', 'C146', '2023-03-30', '1976-1995', 38, 0, 265, 0.00, 0.00, 0.00, 'P'),
(1121, 2, 543, 'LEESH RIVER', 'BOPSM', 'C123', '2023-03-24', '1416-1430', 38, 0, 265, 0.00, 0.00, 0.00, 'P'),
(1122, 2, 544, 'BAMANDANGASINGLEESTATE', 'OF', 'EX167', '2023-04-17', '16701-16707', 38, 0, 210, 0.00, 0.00, 0.00, 'P'),
(1123, 2, 545, 'SAMSINGSINGLEESTATE', 'BOP', 'EX44', '2023-04-17', '4401-4420', 38, 0, 180, 0.00, 0.00, 0.00, 'P'),
(1124, 2, 546, 'SAMSINGSINGLEESTATE', 'BOPSM', 'EX37', '2023-04-17', '3701-3720', 38, 0, 190, 0.00, 0.00, 0.00, 'P'),
(1125, 2, 547, 'SAMSINGSINGLEESTATE', 'BP', 'EX47', '2023-04-17', '4701-4720', 38, 20, 200, 169.00, 0.00, 0.00, 'P'),
(1126, 2, 548, 'SAMSINGSINGLEESTATE', 'BP', 'EX40', '2023-04-17', '4001-4020', 38, 0, 190, 0.00, 0.00, 0.00, 'P'),
(1127, 2, 549, 'SAMSINGSINGLEESTATE', 'BP', 'EX34', '2023-04-17', '3401-3415', 38, 0, 190, 0.00, 0.00, 0.00, 'P'),
(1128, 2, 550, 'SAMSINGSINGLEESTATE', 'OF', 'EX33', '2023-04-17', '3301-3315', 38, 0, 200, 0.00, 0.00, 0.00, 'P'),
(1129, 2, 551, 'TELEPARA ROYAL', 'BOPSM', 'C203', '2023-05-09', '3382-3401', 35, 0, 270, 0.00, 0.00, 0.00, 'P'),
(1130, 2, 552, 'NAMASTE TEA', 'BOPSM', 'C118', '2023-05-03', '998-1007', 35, 10, 210, 170.00, 0.00, 0.00, 'P'),
(1131, 2, 553, 'NAMASTE TEA', 'BP', 'C125', '2023-05-03', '1068-1077', 35, 10, 220, 190.00, 0.00, 0.00, 'P'),
(1132, 2, 554, 'NAMASTE TEA', 'BP', 'C124', '2023-05-03', '1058-1067', 35, 10, 220, 177.00, 0.00, 0.00, 'P'),
(1133, 2, 555, 'NAMASTE TEA', 'BP', 'C122', '2023-05-03', '1038-1047', 35, 10, 210, 175.00, 0.00, 0.00, 'P'),
(1134, 2, 556, 'NAMASTE TEA', 'BP', 'C120', '2023-05-03', '1018-1027', 35, 10, 210, 175.00, 0.00, 0.00, 'P'),
(1135, 2, 557, 'NAMASTE TEA', 'BP', 'C116', '2023-05-03', '978-987', 35, 0, 210, 0.00, 0.00, 0.00, 'P'),
(1136, 2, 558, 'NAMASTE TEA', 'OF', 'C123', '2023-05-03', '1048-1057', 35, 10, 220, 191.00, 0.00, 0.00, 'P'),
(1137, 2, 559, 'PUSPA SUPREME', 'BOP1', 'C185', '2023-03-24', '2616-2630', 26, 15, 145, 133.00, 0.00, 0.00, 'P'),
(1138, 2, 560, 'PUSPA SUPREME', 'BOPSM1', 'C241', '2023-03-27', '3706-3720', 26, 15, 155, 115.00, 0.00, 0.00, 'P'),
(1139, 2, 561, 'PUSPA SUPREME', 'BP1', 'C285', '2023-03-27', '4556-4570', 26, 0, 160, 0.00, 0.00, 0.00, 'P'),
(1140, 2, 562, 'AVANI CLASSIC', 'BOPSM', 'C276', '2023-05-11', '8035-8054', 26, 20, 150, 120.00, 0.00, 0.00, 'P'),
(1141, 2, 563, 'AVANI CLASSIC', 'BP', 'C290', '2023-05-11', '8315-8334', 26, 20, 155, 129.00, 0.00, 0.00, 'P'),
(1142, 2, 564, 'AVANI CLASSIC', 'BP', 'C289', '2023-05-11', '8295-8314', 26, 20, 155, 129.00, 0.00, 0.00, 'P'),
(1143, 2, 565, 'AVANI CLASSIC', 'BP', 'C279', '2023-05-11', '8095-8114', 26, 20, 155, 129.00, 0.00, 0.00, 'P'),
(1144, 2, 566, 'AVANI CLASSIC', 'BP', 'C261', '2023-05-11', '7735-7754', 26, 20, 155, 129.00, 0.00, 0.00, 'P'),
(1145, 2, 567, 'AVANI CLASSIC', 'OF', 'C374', '2023-05-11', '9995-10014', 26, 20, 155, 140.00, 0.00, 0.00, 'P'),
(1146, 2, 568, 'ROYBARI GOLD', 'BP', 'C550', '2023-04-15', '8732-8751', 26, 0, 130, 0.00, 0.00, 0.00, 'P'),
(1147, 2, 569, 'ROYBARI GOLD', 'BP', 'C548', '2023-04-15', '8692-8711', 26, 0, 130, 0.00, 0.00, 0.00, 'P'),
(1148, 2, 570, 'ROYBARI GOLD', 'BP', 'C529', '2023-04-14', '8353-8372', 26, 0, 130, 0.00, 0.00, 0.00, 'P'),
(1149, 2, 571, 'ROYBARI GOLD', 'OF', 'C552', '2023-04-15', '8767-8786', 26, 20, 130, 114.00, 0.00, 0.00, 'P'),
(1150, 2, 572, 'ROYBARI GOLD', 'OF', 'C302', '2023-03-24', '4116-4135', 26, 20, 130, 117.00, 0.00, 0.00, 'P'),
(1151, 2, 573, 'GOALTULI', 'BOPSM', 'C123', '2023-05-11', '2828-2847', 26, 20, 140, 118.00, 0.00, 0.00, 'P'),
(1152, 2, 574, 'GOALTULI', 'BP', 'C254', '2023-05-11', '5448-5467', 26, 20, 145, 127.00, 0.00, 0.00, 'P'),
(1153, 2, 575, 'GOALTULI', 'BP', 'C253', '2023-05-11', '5428-5447', 26, 0, 145, 0.00, 0.00, 0.00, 'P'),
(1154, 2, 576, 'GOALTULI', 'BP', 'C224', '2023-05-11', '4848-4867', 26, 20, 145, 125.00, 0.00, 0.00, 'P'),
(1155, 2, 577, 'GOALTULI', 'BP', 'C223', '2023-05-11', '4828-4847', 26, 20, 145, 129.00, 0.00, 0.00, 'P'),
(1156, 2, 578, 'GOALTULI', 'BP', 'C222', '2023-05-11', '4808-4827', 26, 20, 145, 127.00, 0.00, 0.00, 'P');

-- --------------------------------------------------------

--
-- Table structure for table `auction_mas`
--

DROP TABLE IF EXISTS `auction_mas`;
CREATE TABLE `auction_mas` (
  `auc_id` int(5) NOT NULL,
  `auc_dt` date DEFAULT NULL,
  `auc_tm` time DEFAULT NULL,
  `end_tm` time DEFAULT NULL,
  `location` varchar(50) DEFAULT NULL,
  `payment_type` varchar(25) DEFAULT NULL,
  `contract_type` varchar(25) DEFAULT NULL,
  `prompt_days` varchar(25) DEFAULT NULL,
  `offer_nm` varchar(50) DEFAULT NULL,
  `offer_srl` int(5) NOT NULL DEFAULT 0,
  `auc_status` varchar(1) DEFAULT 'P'
) ENGINE=InnoDB DEFAULT CHARSET=utf8mb4 COLLATE=utf8mb4_general_ci;

--
-- Dumping data for table `auction_mas`
--

INSERT INTO `auction_mas` (`auc_id`, `auc_dt`, `auc_tm`, `end_tm`, `location`, `payment_type`, `contract_type`, `prompt_days`, `offer_nm`, `offer_srl`, `auc_status`) VALUES
(1, '2023-06-07', '10:00:00', '20:44:00', 'kolkata', 'Draft', 'dd', '17 days', 'TEST1', 1, 'P'),
(2, '2023-06-07', '10:45:00', '18:45:00', 'kolkata', 'Draft', 'dd', '17 days', 'TEST1', 2, 'P');

-- --------------------------------------------------------

--
-- Table structure for table `auc_bid_dtl`
--

DROP TABLE IF EXISTS `auc_bid_dtl`;
CREATE TABLE `auc_bid_dtl` (
  `abd_id` int(5) NOT NULL,
  `auc_id` int(5) NOT NULL DEFAULT 0,
  `acd_id` int(5) NOT NULL DEFAULT 0,
  `bidder_id` int(5) NOT NULL DEFAULT 0,
  `bid_price` int(5) NOT NULL DEFAULT 0,
  `bid_time` time DEFAULT NULL
) ENGINE=InnoDB DEFAULT CHARSET=utf8mb4 COLLATE=utf8mb4_general_ci;

-- --------------------------------------------------------

--
-- Table structure for table `bidder_mas`
--

DROP TABLE IF EXISTS `bidder_mas`;
CREATE TABLE `bidder_mas` (
  `bidder_id` int(5) NOT NULL,
  `name` varchar(75) DEFAULT NULL,
  `addr` text DEFAULT NULL,
  `state_code` varchar(2) DEFAULT NULL,
  `pin` varchar(6) DEFAULT NULL,
  `pan_no` varchar(10) DEFAULT NULL,
  `gst_no` varchar(15) DEFAULT NULL,
  `cont_no1` varchar(10) DEFAULT NULL,
  `cont_no2` varchar(10) DEFAULT NULL,
  `email_id` varchar(75) DEFAULT NULL,
  `status` varchar(1) NOT NULL DEFAULT 'A'
) ENGINE=InnoDB DEFAULT CHARSET=utf8mb4 COLLATE=utf8mb4_general_ci;

-- --------------------------------------------------------

--
-- Table structure for table `garden_mas`
--

DROP TABLE IF EXISTS `garden_mas`;
CREATE TABLE `garden_mas` (
  `garden_id` int(5) NOT NULL,
  `garden_nm` varchar(50) DEFAULT NULL
) ENGINE=InnoDB DEFAULT CHARSET=utf8mb4 COLLATE=utf8mb4_general_ci;

--
-- Dumping data for table `garden_mas`
--

INSERT INTO `garden_mas` (`garden_id`, `garden_nm`) VALUES
(1, 'AMGOORIE'),
(2, 'LIGRIPOOKRIE'),
(3, 'DIFFLOO'),
(4, 'BORSAPORI'),
(5, 'LUKWAH'),
(6, 'DUFLATING'),
(7, 'SALKATHONI'),
(8, 'LANGHARJAN'),
(9, 'GATOONGA'),
(10, 'HALMARI'),
(11, 'HAJUA'),
(12, 'KHONGEA'),
(13, 'KOOMTAI (B)	'),
(14, 'TELOIJAN(CLONAL)'),
(15, 'MELENG (CLONALSPECIAL)'),
(16, 'DOYAPORE'),
(17, 'DEKORAI'),
(18, 'BUKHIAL'),
(19, 'HUNWAL'),
(20, 'KOOMTAI (B)'),
(21, 'KOOMTAI (B)'),
(22, 'KOOMTAI (B)'),
(23, 'KOOMTAI (B)'),
(24, 'KOOMTAI (B)'),
(25, 'KOOMTAI (B)'),
(26, 'KOOMTAI (B)'),
(27, 'KOOMTAI (B)'),
(28, 'KOOMTAI (B)'),
(29, 'KOOMTAI (B)'),
(30, 'KOOMTAI (B)'),
(31, 'KOOMTAI (B)'),
(32, 'KOOMTAI (B)'),
(33, 'KOOMTAI (B)'),
(34, 'KOOMTAI (B)'),
(35, 'KOOMTAI (B)'),
(36, 'KOOMTAI (B)'),
(37, 'DOYAPORE                 '),
(38, 'DOYAPORE                 '),
(39, 'DOYAPORE                 '),
(40, 'DOYAPORE                 '),
(41, 'DOYAPORE                 '),
(42, 'DOYAPORE                 '),
(43, 'DOYAPORE                 '),
(44, 'KEYHUNG'),
(45, 'KEYHUNG'),
(46, 'KEYHUNG'),
(47, 'KEYHUNG'),
(48, 'KEYHUNG'),
(49, 'KEYHUNG'),
(50, 'NAMROOP'),
(51, 'NAMROOP'),
(52, 'NAMROOP'),
(53, 'NAMROOP'),
(54, 'NAMROOP'),
(55, 'NAMROOP'),
(56, 'NAMROOP'),
(57, 'NAMROOP'),
(58, 'NAMROOP'),
(59, 'NAMROOP'),
(60, 'NAMROOP'),
(61, 'NAMROOP'),
(62, 'NAMROOP'),
(63, 'NAMROOP'),
(64, 'NAMROOP'),
(65, 'NAMROOP'),
(66, 'KAKAJANHIGHGROWN'),
(67, 'KAKAJANHIGHGROWN'),
(68, 'KAKAJANHIGHGROWN'),
(69, 'KAKAJANHIGHGROWN'),
(70, 'KAKAJANHIGHGROWN'),
(71, 'KAKAJANHIGHGROWN'),
(72, 'KAKAJANHIGHGROWN'),
(73, 'KAKAJANHIGHGROWN'),
(74, 'KAKAJANHIGHGROWN'),
(75, 'KAKAJANHIGHGROWN'),
(76, 'KAKAJANHIGHGROWN'),
(77, 'DOYANG'),
(78, 'DOYANG'),
(79, 'DOYANG'),
(80, 'DOYANG'),
(81, 'DOYANG'),
(82, 'DOYANG'),
(83, 'DOYANG'),
(84, 'DOYANG'),
(85, 'DOYANG'),
(86, 'DOYANG'),
(87, 'DOYANG'),
(88, 'DOYANG'),
(89, 'DESSOIE'),
(90, 'TEEN ALI'),
(91, 'TEEN ALI'),
(92, 'KANU'),
(93, 'KANU'),
(94, 'KANU'),
(95, 'KANU'),
(96, 'KANU'),
(97, 'KANU'),
(98, 'KANU'),
(99, 'KANU'),
(100, 'KANU'),
(101, 'KANU'),
(102, 'KANU'),
(103, 'ADDABARIEHIGROWN'),
(104, 'ADDABARIEHIGROWN'),
(105, 'ADDABARIEHIGROWN'),
(106, 'ADDABARIEHIGROWN'),
(107, 'ADDABARIEHIGROWN'),
(108, 'ADDABARIEHIGROWN'),
(109, 'ADDABARIEHIGROWN'),
(110, 'ADDABARIEHIGROWN'),
(111, 'ADDABARIEHIGROWN'),
(112, 'ADDABARIEHIGROWN'),
(113, 'ADDABARIEHIGROWN'),
(114, 'ADDABARIEHIGROWN'),
(115, 'ADDABARIEHIGROWN'),
(116, 'ADDABARIEHIGROWN'),
(117, 'ADDABARIEHIGROWN'),
(118, 'ADDABARIEHIGROWN'),
(119, 'ADDABARIEHIGROWN'),
(120, 'ADDABARIEHIGROWN'),
(121, 'ADDABARIEHIGROWN'),
(122, 'HALMIRA'),
(123, 'HALMIRA'),
(124, 'HALMIRA'),
(125, 'HALMIRA'),
(126, 'HALMIRA'),
(127, 'HALMIRA'),
(128, 'SOCKIETING'),
(129, 'SOCKIETING'),
(130, 'SOCKIETING'),
(131, 'SOCKIETING'),
(132, 'SOCKIETING'),
(133, 'SOCKIETING'),
(134, 'SOCKIETING'),
(135, 'SOCKIETING'),
(136, 'SOCKIETING'),
(137, 'SOCKIETING'),
(138, 'SOCKIETING'),
(139, 'SOCKIETING'),
(140, 'SOCKIETING'),
(141, 'SOCKIETING'),
(142, 'SOCKIETING'),
(143, 'SOCKIETING'),
(144, 'SOCKIETING'),
(145, 'GONESHBARI(CLONAL)'),
(146, 'GONESHBARI(CLONAL)'),
(147, 'GONESHBARI(CLONAL)'),
(148, 'GONESHBARI(CLONAL)'),
(149, 'GONESHBARI(CLONAL)'),
(150, 'ORANGAJULI'),
(151, 'ORANGAJULI'),
(152, 'ORANGAJULI'),
(153, 'SHAKOMATO'),
(154, 'SHAKOMATO'),
(155, 'SHAKOMATO'),
(156, 'SHAKOMATO'),
(157, 'SHAKOMATO'),
(158, 'SHAKOMATO'),
(159, 'TYROON'),
(160, 'TYROON'),
(161, 'TYROON'),
(162, 'TYROON'),
(163, 'TYROON'),
(164, 'KAKADONGA'),
(165, 'KAKADONGA'),
(166, 'KAKADONGA'),
(167, 'KAKADONGA'),
(168, 'KAKADONGA'),
(169, 'KAKADONGA'),
(170, 'AIDEOBARI PREMIUM'),
(171, 'AIDEOBARI PREMIUM'),
(172, 'AIDEOBARI PREMIUM'),
(173, 'AIDEOBARI PREMIUM'),
(174, 'AIDEOBARI PREMIUM'),
(175, 'AIDEOBARI PREMIUM'),
(176, 'AIDEOBARI PREMIUM'),
(177, 'AIDEOBARI PREMIUM'),
(178, 'AIDEOBARI PREMIUM'),
(179, 'AIDEOBARI PREMIUM'),
(180, 'AIDEOBARI PREMIUM'),
(181, 'AIDEOBARI PREMIUM'),
(182, 'GREENWOOD'),
(183, 'OAKLANDS'),
(184, 'OAKLANDS'),
(185, 'OAKLANDS'),
(186, 'THANAI'),
(187, 'THANAI'),
(188, 'THANAI'),
(189, 'THANAI'),
(190, 'THANAI'),
(191, 'THANAI'),
(192, 'THANAI'),
(193, 'THANAI'),
(194, 'THANAI'),
(195, 'THANAI'),
(196, 'THANAI'),
(197, 'THANAI'),
(198, 'THANAI'),
(199, 'DUFFLAGHUR'),
(200, 'DUFFLAGHUR'),
(201, 'PHULBARI'),
(202, 'NAMDANG'),
(203, 'NAMDANG'),
(204, 'NAMDANG'),
(205, 'MARGHERITA'),
(206, 'MARGHERITA'),
(207, 'MARGHERITA'),
(208, 'ATTAREEKHAT'),
(209, 'ATTAREEKHAT'),
(210, 'ATTAREEKHAT'),
(211, 'ATTAREEKHAT'),
(212, 'ATTAREEKHAT'),
(213, 'ATTAREEKHAT'),
(214, 'ATTAREEKHAT'),
(215, 'BOGAPANI'),
(216, 'BOGAPANI'),
(217, 'BOGAPANI'),
(218, 'BOGAPANI'),
(219, 'BOGAPANI'),
(220, 'BOGAPANI'),
(221, 'BOGAPANI'),
(222, 'BOGAPANI'),
(223, 'BOGAPANI'),
(224, 'BOGAPANI'),
(225, 'BOGAPANI'),
(226, 'BOGAPANI'),
(227, 'BOGAPANI'),
(228, 'BORENGAJULI'),
(229, 'MONABARIE'),
(230, 'MONABARIE'),
(231, 'MONABARIE'),
(232, 'MONABARIE'),
(233, 'PERTABGHUR'),
(234, 'PERTABGHUR'),
(235, 'PERTABGHUR'),
(236, 'PERTABGHUR'),
(237, 'PERTABGHUR'),
(238, 'PERTABGHUR'),
(239, 'PERTABGHUR'),
(240, 'THOWRA'),
(241, 'THOWRA'),
(242, 'THOWRA'),
(243, 'DHOEDAAM'),
(244, 'DHOEDAAM'),
(245, 'DHOEDAAM'),
(246, 'DHOEDAAM'),
(247, 'DHOEDAAM'),
(248, 'DHOEDAAM'),
(249, 'DHOEDAAM'),
(250, 'DHOEDAAM'),
(251, 'BASMATIA'),
(252, 'BASMATIA'),
(253, 'BASMATIA'),
(254, 'BASMATIA'),
(255, 'BASMATIA'),
(256, 'BASMATIA'),
(257, 'BASMATIA'),
(258, 'BASMATIA'),
(259, 'BASMATIA'),
(260, 'BASMATIA'),
(261, 'BASMATIA'),
(262, 'BASMATIA'),
(263, 'BASMATIA'),
(264, 'BASMATIA'),
(265, 'KHOWANG'),
(266, 'KHOWANG'),
(267, 'KHOWANG'),
(268, 'KHOWANG'),
(269, 'KHOWANG'),
(270, 'KHOWANG'),
(271, 'KHOWANG'),
(272, 'KHOWANG'),
(273, 'KHOWANG'),
(274, 'KHOWANG'),
(275, 'KHOWANG'),
(276, 'KHOWANG'),
(277, 'KHOWANG'),
(278, 'KHOWANG'),
(279, 'KHOWANG'),
(280, 'KHOWANG'),
(281, 'KHOWANG'),
(282, 'KHOWANG'),
(283, 'KHOWANG'),
(284, 'SALONAH'),
(285, 'SALONAH'),
(286, 'GATOONGA(CL)'),
(287, 'GATOONGA(CL)'),
(288, 'SALKATHONI(CL)'),
(289, 'SALKATHONI(CL)'),
(290, 'SALKATHONI(CL)'),
(291, 'SANGSUA'),
(292, 'SANGSUA'),
(293, 'MELENG(CLONAL)'),
(294, 'MELENG(CLONAL)'),
(295, 'MARANGI'),
(296, 'MARANGI'),
(297, 'ADDABARIE'),
(298, 'ADDABARIE'),
(299, 'ADDABARIE'),
(300, 'ADDABARIE'),
(301, 'ADDABARIE'),
(302, 'ADDABARIE'),
(303, 'ADDABARIE'),
(304, 'ADDABARIE'),
(305, 'ADDABARIE'),
(306, 'ADDABARIE'),
(307, 'ADDABARIE'),
(308, 'ADDABARIE'),
(309, 'ADDABARIE'),
(310, 'ADDABARIE'),
(311, 'BRAHMAJAN'),
(312, 'BRAHMAJAN'),
(313, 'BRAHMAJAN'),
(314, 'BRAHMAJAN'),
(315, 'BRAHMAJAN'),
(316, 'BRAHMAJAN'),
(317, 'BRAHMAJAN'),
(318, 'BRAHMAJAN'),
(319, 'TELOIJANROYALSPL'),
(320, 'HANUMANBAG'),
(321, 'HANUMANBAG'),
(322, 'HANUMANBAG'),
(323, 'HANUMANBAG'),
(324, 'HANUMANBAG'),
(325, 'HANUMANBAG'),
(326, 'HANUMANBAG'),
(327, 'HANUMANBAG'),
(328, 'HANUMANBAG'),
(329, 'HANUMANBAG'),
(330, 'HANUMANBAG'),
(331, 'HANUMANBAG'),
(332, 'MADOORIE'),
(333, 'MADOORIE'),
(334, 'MADOORIE'),
(335, 'MADOORIE'),
(336, 'MADOORIE'),
(337, 'MADOORIE'),
(338, 'MADOORIE'),
(339, 'DHENDAI'),
(340, 'DHENDAI'),
(341, 'SADHARU'),
(342, 'SADHARU'),
(343, 'SADHARU'),
(344, 'SADHARU'),
(345, 'SADHARU'),
(346, 'SADHARU'),
(347, 'SADHARU'),
(348, 'DUKENHENGRA'),
(349, 'DUKENHENGRA'),
(350, 'DUKENHENGRA'),
(351, 'DUKENHENGRA'),
(352, 'DUKENHENGRA'),
(353, 'AMBIKAPUR'),
(354, 'AMBIKAPUR'),
(355, 'AMBIKAPUR'),
(356, 'AMBIKAPUR'),
(357, 'AMBIKAPUR'),
(358, 'AMBIKAPUR'),
(359, 'AMBIKAPUR'),
(360, 'AMBIKAPUR'),
(361, 'AMBIKAPUR'),
(362, 'AMBIKAPUR'),
(363, 'AMBIKAPUR'),
(364, 'AMBIKAPUR'),
(365, 'AMBIKAPUR'),
(366, 'AMBIKAPUR'),
(367, 'AMBIKAPUR'),
(368, 'AMBIKAPUR'),
(369, 'AMBIKAPUR'),
(370, 'KHONGEACLONAL'),
(371, 'KHONGEACLONAL'),
(372, 'KHONGEACLONAL'),
(373, 'KHONGEACLONAL'),
(374, 'KHONGEACLONAL'),
(375, 'KHONGEACLONAL'),
(376, 'KHONGEACLONAL'),
(377, 'KHONGEACLONAL'),
(378, 'KHONGEACLONAL'),
(379, 'KHONGEACLONAL'),
(380, 'KHONGEACLONAL'),
(381, 'KHONGEACLONAL'),
(382, 'KHONGEACLONAL'),
(383, 'KHONGEACLONAL'),
(384, 'KHONGEACLONAL'),
(385, 'KHONGEACLONAL'),
(386, 'KHONGEACLONAL'),
(387, 'KHONGEACLONAL'),
(388, 'LABACGOLD'),
(389, 'LABACGOLD'),
(390, 'LABACGOLD'),
(391, 'LABACGOLD'),
(392, 'LABACGOLD'),
(393, 'LABACGOLD'),
(394, 'LABACGOLD'),
(395, 'KALLINEGOLD'),
(396, 'KALLINEGOLD'),
(397, 'KALLINEGOLD'),
(398, 'KALLINEGOLD'),
(399, 'BURTOLL GOLD'),
(400, 'BURTOLL GOLD'),
(401, 'BURTOLL GOLD'),
(402, 'BURTOLL GOLD'),
(403, 'BURTOLL GOLD'),
(404, 'BURTOLL GOLD'),
(405, 'BURTOLL GOLD'),
(406, 'BURTOLL GOLD'),
(407, 'BURTOLL GOLD'),
(408, 'BURTOLL GOLD'),
(409, 'BURTOLL GOLD'),
(410, 'BURTOLL GOLD'),
(411, 'BURTOLL GOLD'),
(412, 'BURTOLL GOLD'),
(413, 'BURTOLL GOLD'),
(414, 'KOOMBER'),
(415, 'KOOMBER'),
(416, 'KOOMBER'),
(417, 'KOOMBER'),
(418, 'LALLAMOOKH'),
(419, 'LALLAMOOKH'),
(420, 'LALLAMOOKH'),
(421, 'LALLAMOOKH'),
(422, 'LALLAMOOKH'),
(423, 'LALLAMOOKH'),
(424, 'LALLAMOOKH'),
(425, 'KALLINE SPECIAL'),
(426, 'KALLINE SPECIAL'),
(427, 'KALLINE SPECIAL'),
(428, 'BURTOLLSPECIAL'),
(429, 'BURTOLLSPECIAL'),
(430, 'BURTOLLSPECIAL'),
(431, 'DANGUAJHAR'),
(432, 'DANGUAJHAR'),
(433, 'DANGUAJHAR'),
(434, 'DANGUAJHAR'),
(435, 'DANGUAJHAR'),
(436, 'DANGUAJHAR'),
(437, 'DANGUAJHAR'),
(438, 'DANGUAJHAR'),
(439, 'CHALOUNI'),
(440, 'HOPE'),
(441, 'HOPE'),
(442, 'HOPE'),
(443, 'LEESH RIVER'),
(444, 'LEESH RIVER'),
(445, 'BAMANDANGASINGLEESTATE'),
(446, 'SAMSINGSINGLEESTATE'),
(447, 'SAMSINGSINGLEESTATE'),
(448, 'SAMSINGSINGLEESTATE'),
(449, 'SAMSINGSINGLEESTATE'),
(450, 'SAMSINGSINGLEESTATE'),
(451, 'SAMSINGSINGLEESTATE'),
(452, 'TELEPARA ROYAL'),
(453, 'NAMASTE TEA'),
(454, 'NAMASTE TEA'),
(455, 'NAMASTE TEA'),
(456, 'NAMASTE TEA'),
(457, 'NAMASTE TEA'),
(458, 'NAMASTE TEA'),
(459, 'NAMASTE TEA'),
(460, 'PUSPA SUPREME'),
(461, 'PUSPA SUPREME'),
(462, 'PUSPA SUPREME'),
(463, 'AVANI CLASSIC'),
(464, 'AVANI CLASSIC'),
(465, 'AVANI CLASSIC'),
(466, 'AVANI CLASSIC'),
(467, 'AVANI CLASSIC'),
(468, 'AVANI CLASSIC'),
(469, 'ROYBARI GOLD'),
(470, 'ROYBARI GOLD'),
(471, 'ROYBARI GOLD'),
(472, 'ROYBARI GOLD'),
(473, 'ROYBARI GOLD'),
(474, 'GOALTULI'),
(475, 'GOALTULI'),
(476, 'GOALTULI'),
(477, 'GOALTULI'),
(478, 'GOALTULI'),
(479, 'GOALTULI');

-- --------------------------------------------------------

--
-- Table structure for table `grade_mas`
--

DROP TABLE IF EXISTS `grade_mas`;
CREATE TABLE `grade_mas` (
  `grade_id` int(5) NOT NULL,
  `grade` varchar(10) DEFAULT NULL
) ENGINE=InnoDB DEFAULT CHARSET=utf8mb4 COLLATE=utf8mb4_general_ci;

--
-- Dumping data for table `grade_mas`
--

INSERT INTO `grade_mas` (`grade_id`, `grade`) VALUES
(1, 'BOPSM'),
(2, 'PF'),
(3, 'BOP'),
(4, 'BP'),
(5, 'BOP1'),
(6, 'BP1'),
(7, 'BPS'),
(8, 'BOPL'),
(9, 'PF1'),
(10, 'OF'),
(11, 'OF'),
(12, 'OF'),
(13, 'OF1'),
(14, 'PF1'),
(15, 'PF1'),
(16, 'PF1'),
(17, 'PF1'),
(18, 'PF1'),
(19, 'BOPSM1'),
(20, 'OF'),
(21, 'OF'),
(22, 'OF'),
(23, 'OF1'),
(24, 'PF1'),
(25, 'PF1'),
(26, 'PF1'),
(27, 'OF'),
(28, 'PF1'),
(29, 'BOPSM1'),
(30, 'BOPSM1'),
(31, 'BOPSM1'),
(32, 'PF1'),
(33, 'OF'),
(34, 'OF'),
(35, 'OF1'),
(36, 'OF'),
(37, 'OF'),
(38, 'BPSM'),
(39, 'OF'),
(40, 'OF'),
(41, 'OF'),
(42, 'OF'),
(43, 'OF'),
(44, 'OF'),
(45, 'OF'),
(46, 'OF'),
(47, 'OF'),
(48, 'OF'),
(49, 'OF'),
(50, 'OF'),
(51, 'OF'),
(52, 'BOPSM1'),
(53, 'OF'),
(54, 'OF'),
(55, 'OF');

-- --------------------------------------------------------

--
-- Table structure for table `menu_mas`
--

DROP TABLE IF EXISTS `menu_mas`;
CREATE TABLE `menu_mas` (
  `menu_id` int(4) NOT NULL,
  `parent_id` int(4) DEFAULT NULL,
  `murl` varchar(50) CHARACTER SET utf8 COLLATE utf8_unicode_ci DEFAULT NULL,
  `srl` int(4) DEFAULT NULL,
  `mbody` varchar(50) CHARACTER SET utf8 COLLATE utf8_unicode_ci DEFAULT NULL,
  `icon_nm` varchar(30) CHARACTER SET utf8 COLLATE utf8_unicode_ci DEFAULT NULL,
  `show_tag` varchar(1) DEFAULT 'T'
) ENGINE=InnoDB DEFAULT CHARSET=utf8mb4 COLLATE=utf8mb4_general_ci;

--
-- Dumping data for table `menu_mas`
--

INSERT INTO `menu_mas` (`menu_id`, `parent_id`, `murl`, `srl`, `mbody`, `icon_nm`, `show_tag`) VALUES
(1, 0, 'excel-upload.php', 1, 'Excel Upload', 'fa-file-excel-o', 'T'),
(2, 0, 'active-offersheet.php', 2, 'Active Offersheet', 'fa-font', 'T');

-- --------------------------------------------------------

--
-- Table structure for table `offer_mas`
--

DROP TABLE IF EXISTS `offer_mas`;
CREATE TABLE `offer_mas` (
  `offer_id` int(5) NOT NULL,
  `offer_nm` varchar(50) DEFAULT NULL,
  `offer_dt` date DEFAULT NULL,
  `start_tm` time DEFAULT NULL,
  `end_tm` time DEFAULT NULL,
  `location` varchar(50) DEFAULT NULL,
  `payment_type` varchar(25) DEFAULT NULL,
  `contract_type` varchar(25) DEFAULT NULL,
  `prompt_days` varchar(25) DEFAULT NULL
) ENGINE=InnoDB DEFAULT CHARSET=utf8mb4 COLLATE=utf8mb4_general_ci;

--
-- Dumping data for table `offer_mas`
--

INSERT INTO `offer_mas` (`offer_id`, `offer_nm`, `offer_dt`, `start_tm`, `end_tm`, `location`, `payment_type`, `contract_type`, `prompt_days`) VALUES
(1, 'TEST1', '2023-06-07', '22:45:00', '18:45:00', 'kolkata', 'Draft', 'dd', '17 days');

-- --------------------------------------------------------

--
-- Table structure for table `offer_srl_mas`
--

DROP TABLE IF EXISTS `offer_srl_mas`;
CREATE TABLE `offer_srl_mas` (
  `offer_id` int(5) NOT NULL,
  `offer_srl` int(5) NOT NULL DEFAULT 0
) ENGINE=InnoDB DEFAULT CHARSET=utf8mb4 COLLATE=utf8mb4_general_ci;

--
-- Dumping data for table `offer_srl_mas`
--

INSERT INTO `offer_srl_mas` (`offer_id`, `offer_srl`) VALUES
(1, 3);

-- --------------------------------------------------------

--
-- Table structure for table `orgn_mas`
--

DROP TABLE IF EXISTS `orgn_mas`;
CREATE TABLE `orgn_mas` (
  `orgn_id` int(5) NOT NULL,
  `orgn_code` varchar(10) DEFAULT NULL,
  `orgn_nm` varchar(50) DEFAULT NULL,
  `orgn_addr` text DEFAULT NULL,
  `orgn_cont_no` varchar(10) DEFAULT NULL,
  `email_id` varchar(100) DEFAULT NULL,
  `gst_no` varchar(15) DEFAULT NULL,
  `old_id` int(5) DEFAULT NULL
) ENGINE=InnoDB DEFAULT CHARSET=utf8mb4 COLLATE=utf8mb4_general_ci;

--
-- Dumping data for table `orgn_mas`
--

INSERT INTO `orgn_mas` (`orgn_id`, `orgn_code`, `orgn_nm`, `orgn_addr`, `orgn_cont_no`, `email_id`, `gst_no`, `old_id`) VALUES
(1, 'T001', 'ANDREW YULE & COMPANY LTD', '8 DR R P SARANI KOLKATA - 700 001', NULL, NULL, NULL, 1);

-- --------------------------------------------------------

--
-- Table structure for table `reg_otp_mas`
--

DROP TABLE IF EXISTS `reg_otp_mas`;
CREATE TABLE `reg_otp_mas` (
  `otp_id` int(5) NOT NULL,
  `email_id` varchar(100) DEFAULT NULL,
  `otp` varchar(4) DEFAULT NULL,
  `otp_time` datetime DEFAULT NULL,
  `status` varchar(1) NOT NULL DEFAULT 'A'
) ENGINE=InnoDB DEFAULT CHARSET=utf8mb4 COLLATE=utf8mb4_general_ci;

--
-- Dumping data for table `reg_otp_mas`
--

INSERT INTO `reg_otp_mas` (`otp_id`, `email_id`, `otp`, `otp_time`, `status`) VALUES
(1, 'dd@hm.in', '1011', '2023-06-05 12:55:56', 'A'),
(2, 'dd@hn.in', '3160', '2023-06-05 12:57:02', 'A'),
(3, 'dd@hn.in', '2274', '2023-06-05 12:58:51', 'A'),
(4, 'dd@hn.in', '7295', '2023-06-05 13:07:29', 'A'),
(5, 'dd@hn.in', '1675', '2023-06-05 13:08:44', 'A'),
(6, 'dd@hn.in', '1473', '2023-06-05 13:08:47', 'A'),
(7, 'su@jj.in', '6658', '2023-06-05 14:16:21', 'A'),
(8, 'sd@if.in', '5613', '2023-06-05 14:21:10', 'A'),
(9, 'su@ii.in', '5150', '2023-06-05 14:24:42', 'A');

-- --------------------------------------------------------

--
-- Table structure for table `soft_mas`
--

DROP TABLE IF EXISTS `soft_mas`;
CREATE TABLE `soft_mas` (
  `soft_id` int(5) NOT NULL,
  `soft_nm` varchar(35) NOT NULL,
  `soft_abbr` varchar(12) NOT NULL
) ENGINE=InnoDB DEFAULT CHARSET=utf8mb4 COLLATE=utf8mb4_general_ci;

--
-- Dumping data for table `soft_mas`
--

INSERT INTO `soft_mas` (`soft_id`, `soft_nm`, `soft_abbr`) VALUES
(1, 'EAuction', 'eAuction');

-- --------------------------------------------------------

--
-- Table structure for table `temp_mas`
--

DROP TABLE IF EXISTS `temp_mas`;
CREATE TABLE `temp_mas` (
  `temp_id` int(5) NOT NULL,
  `offer_nm` varchar(50) DEFAULT NULL,
  `offer_dt` date DEFAULT NULL,
  `start_tm` time DEFAULT NULL,
  `end_tm` time DEFAULT NULL,
  `location` varchar(50) DEFAULT NULL,
  `payment_type` varchar(25) DEFAULT NULL,
  `contract_type` varchar(25) DEFAULT NULL,
  `prompt_days` varchar(25) DEFAULT NULL,
  `lot` int(5) DEFAULT NULL,
  `garden` varchar(50) DEFAULT NULL,
  `grade` varchar(10) DEFAULT NULL,
  `invoice` varchar(20) NOT NULL,
  `gp_date` date NOT NULL,
  `chest` varchar(30) DEFAULT NULL,
  `net` decimal(2,0) DEFAULT NULL,
  `sold_pkgs` varchar(2) DEFAULT NULL,
  `valuation` decimal(10,2) DEFAULT NULL,
  `price` decimal(10,2) DEFAULT NULL
) ENGINE=InnoDB DEFAULT CHARSET=utf8mb4 COLLATE=utf8mb4_general_ci;

-- --------------------------------------------------------

--
-- Table structure for table `user_log`
--

DROP TABLE IF EXISTS `user_log`;
CREATE TABLE `user_log` (
  `ulog_id` int(5) NOT NULL,
  `orgn_id` int(5) DEFAULT 1,
  `uid` int(5) DEFAULT NULL,
  `ip_addr` varchar(15) DEFAULT NULL,
  `date_fr` datetime DEFAULT NULL,
  `date_to` datetime DEFAULT NULL
) ENGINE=InnoDB DEFAULT CHARSET=utf8mb4 COLLATE=utf8mb4_general_ci;

--
-- Dumping data for table `user_log`
--

INSERT INTO `user_log` (`ulog_id`, `orgn_id`, `uid`, `ip_addr`, `date_fr`, `date_to`) VALUES
(1, 1, 1, '::1', '2023-06-02 21:24:31', NULL),
(2, 1, 1, '::1', '2023-06-02 21:25:54', NULL),
(3, 1, 1, '::1', '2023-06-05 10:45:20', NULL),
(4, 1, 1, '::1', '2023-06-05 10:45:40', NULL),
(5, 1, 1, '::1', '2023-06-05 10:47:08', NULL),
(6, 1, 1, '::1', '2023-06-05 10:47:19', '2023-06-05 11:00:04'),
(7, 1, 1, '::1', '2023-06-05 14:37:49', '2023-06-05 14:44:50'),
(8, 1, 1, '::1', '2023-06-05 14:45:00', NULL),
(9, 1, 1, '::1', '2023-06-06 10:56:10', NULL),
(10, 1, 1, '::1', '2023-06-07 11:01:00', NULL);

-- --------------------------------------------------------

--
-- Table structure for table `user_mas`
--

DROP TABLE IF EXISTS `user_mas`;
CREATE TABLE `user_mas` (
  `uid` int(5) NOT NULL,
  `user_id` varchar(100) DEFAULT NULL,
  `user_name` varchar(50) DEFAULT NULL,
  `password` text DEFAULT NULL,
  `cell_no` varchar(10) DEFAULT NULL,
  `status` varchar(1) DEFAULT 'A',
  `user_type` varchar(1) DEFAULT 'B',
  `page_assign` text DEFAULT NULL,
  `token` text DEFAULT NULL,
  `otp_req` varchar(1) DEFAULT 'N',
  `otp` varchar(4) DEFAULT NULL,
  `mail_req` varchar(1) DEFAULT 'N',
  `mail_otp` varchar(4) DEFAULT NULL,
  `orgn_id` int(5) DEFAULT NULL
) ENGINE=InnoDB DEFAULT CHARSET=utf8mb4 COLLATE=utf8mb4_general_ci;

--
-- Dumping data for table `user_mas`
--

INSERT INTO `user_mas` (`uid`, `user_id`, `user_name`, `password`, `cell_no`, `status`, `user_type`, `page_assign`, `token`, `otp_req`, `otp`, `mail_req`, `mail_otp`, `orgn_id`) VALUES
(1, 'info', 'Developer Team', '$2y$10$MTfD2UT9yfgZFzJzslt4Z.2N.5AZyG9awOglvYM9OezHONWU/eH/q', NULL, 'A', 'A', NULL, 'e20abd1035ba5cb850eb24f9430feb5a', 'N', NULL, 'N', NULL, 1),
(2, 'su@ii.in', 'SU', '$2y$10$5HtmoZ51lNbvZlP0.hYgB.kOdme85ZK9MYm45rJDbhygvX/PAXcgm', '9051530165', 'A', 'B', '1,2', NULL, 'N', NULL, 'N', NULL, 1);

-- --------------------------------------------------------

--
-- Table structure for table `user_type_mas`
--

DROP TABLE IF EXISTS `user_type_mas`;
CREATE TABLE `user_type_mas` (
  `user_type_id` int(5) NOT NULL,
  `user_type` varchar(1) DEFAULT 'B',
  `user_type_desc` varchar(15) DEFAULT NULL,
  `assigned_page` text DEFAULT NULL
) ENGINE=InnoDB DEFAULT CHARSET=utf8mb4 COLLATE=utf8mb4_general_ci;

--
-- Dumping data for table `user_type_mas`
--

INSERT INTO `user_type_mas` (`user_type_id`, `user_type`, `user_type_desc`, `assigned_page`) VALUES
(1, 'B', 'Bidder', '1,2');

--
-- Indexes for dumped tables
--

--
-- Indexes for table `auction_dtl`
--
ALTER TABLE `auction_dtl`
  ADD PRIMARY KEY (`acd_id`),
  ADD KEY `auc_id` (`auc_id`),
  ADD KEY `bidder_id` (`bidder_id`);

--
-- Indexes for table `auction_mas`
--
ALTER TABLE `auction_mas`
  ADD PRIMARY KEY (`auc_id`),
  ADD KEY `offer_id` (`offer_nm`);

--
-- Indexes for table `auc_bid_dtl`
--
ALTER TABLE `auc_bid_dtl`
  ADD PRIMARY KEY (`abd_id`),
  ADD KEY `auc_id` (`auc_id`),
  ADD KEY `acd_id` (`acd_id`),
  ADD KEY `bidder_id` (`bidder_id`);

--
-- Indexes for table `bidder_mas`
--
ALTER TABLE `bidder_mas`
  ADD PRIMARY KEY (`bidder_id`);

--
-- Indexes for table `garden_mas`
--
ALTER TABLE `garden_mas`
  ADD PRIMARY KEY (`garden_id`);

--
-- Indexes for table `grade_mas`
--
ALTER TABLE `grade_mas`
  ADD PRIMARY KEY (`grade_id`);

--
-- Indexes for table `menu_mas`
--
ALTER TABLE `menu_mas`
  ADD PRIMARY KEY (`menu_id`);

--
-- Indexes for table `offer_mas`
--
ALTER TABLE `offer_mas`
  ADD PRIMARY KEY (`offer_id`);

--
-- Indexes for table `offer_srl_mas`
--
ALTER TABLE `offer_srl_mas`
  ADD PRIMARY KEY (`offer_id`);

--
-- Indexes for table `orgn_mas`
--
ALTER TABLE `orgn_mas`
  ADD PRIMARY KEY (`orgn_id`);

--
-- Indexes for table `reg_otp_mas`
--
ALTER TABLE `reg_otp_mas`
  ADD PRIMARY KEY (`otp_id`),
  ADD KEY `email_id` (`email_id`),
  ADD KEY `otp` (`otp`);

--
-- Indexes for table `soft_mas`
--
ALTER TABLE `soft_mas`
  ADD PRIMARY KEY (`soft_id`);

--
-- Indexes for table `temp_mas`
--
ALTER TABLE `temp_mas`
  ADD PRIMARY KEY (`temp_id`);

--
-- Indexes for table `user_log`
--
ALTER TABLE `user_log`
  ADD PRIMARY KEY (`ulog_id`),
  ADD KEY `uid` (`uid`),
  ADD KEY `date_fr` (`date_fr`);

--
-- Indexes for table `user_mas`
--
ALTER TABLE `user_mas`
  ADD PRIMARY KEY (`uid`),
  ADD KEY `user_id` (`user_id`),
  ADD KEY `orgn_id` (`orgn_id`);

--
-- Indexes for table `user_type_mas`
--
ALTER TABLE `user_type_mas`
  ADD PRIMARY KEY (`user_type_id`);

--
-- AUTO_INCREMENT for dumped tables
--

--
-- AUTO_INCREMENT for table `auction_dtl`
--
ALTER TABLE `auction_dtl`
  MODIFY `acd_id` int(5) NOT NULL AUTO_INCREMENT, AUTO_INCREMENT=1157;

--
-- AUTO_INCREMENT for table `auction_mas`
--
ALTER TABLE `auction_mas`
  MODIFY `auc_id` int(5) NOT NULL AUTO_INCREMENT, AUTO_INCREMENT=3;

--
-- AUTO_INCREMENT for table `auc_bid_dtl`
--
ALTER TABLE `auc_bid_dtl`
  MODIFY `abd_id` int(5) NOT NULL AUTO_INCREMENT;

--
-- AUTO_INCREMENT for table `bidder_mas`
--
ALTER TABLE `bidder_mas`
  MODIFY `bidder_id` int(5) NOT NULL AUTO_INCREMENT;

--
-- AUTO_INCREMENT for table `garden_mas`
--
ALTER TABLE `garden_mas`
  MODIFY `garden_id` int(5) NOT NULL AUTO_INCREMENT, AUTO_INCREMENT=480;

--
-- AUTO_INCREMENT for table `grade_mas`
--
ALTER TABLE `grade_mas`
  MODIFY `grade_id` int(5) NOT NULL AUTO_INCREMENT, AUTO_INCREMENT=56;

--
-- AUTO_INCREMENT for table `menu_mas`
--
ALTER TABLE `menu_mas`
  MODIFY `menu_id` int(4) NOT NULL AUTO_INCREMENT, AUTO_INCREMENT=3;

--
-- AUTO_INCREMENT for table `offer_mas`
--
ALTER TABLE `offer_mas`
  MODIFY `offer_id` int(5) NOT NULL AUTO_INCREMENT, AUTO_INCREMENT=2;

--
-- AUTO_INCREMENT for table `offer_srl_mas`
--
ALTER TABLE `offer_srl_mas`
  MODIFY `offer_id` int(5) NOT NULL AUTO_INCREMENT, AUTO_INCREMENT=2;

--
-- AUTO_INCREMENT for table `orgn_mas`
--
ALTER TABLE `orgn_mas`
  MODIFY `orgn_id` int(5) NOT NULL AUTO_INCREMENT, AUTO_INCREMENT=3;

--
-- AUTO_INCREMENT for table `reg_otp_mas`
--
ALTER TABLE `reg_otp_mas`
  MODIFY `otp_id` int(5) NOT NULL AUTO_INCREMENT, AUTO_INCREMENT=10;

--
-- AUTO_INCREMENT for table `soft_mas`
--
ALTER TABLE `soft_mas`
  MODIFY `soft_id` int(5) NOT NULL AUTO_INCREMENT, AUTO_INCREMENT=2;

--
-- AUTO_INCREMENT for table `temp_mas`
--
ALTER TABLE `temp_mas`
  MODIFY `temp_id` int(5) NOT NULL AUTO_INCREMENT;

--
-- AUTO_INCREMENT for table `user_log`
--
ALTER TABLE `user_log`
  MODIFY `ulog_id` int(5) NOT NULL AUTO_INCREMENT, AUTO_INCREMENT=11;

--
-- AUTO_INCREMENT for table `user_mas`
--
ALTER TABLE `user_mas`
  MODIFY `uid` int(5) NOT NULL AUTO_INCREMENT, AUTO_INCREMENT=3;

--
-- AUTO_INCREMENT for table `user_type_mas`
--
ALTER TABLE `user_type_mas`
  MODIFY `user_type_id` int(5) NOT NULL AUTO_INCREMENT, AUTO_INCREMENT=2;
COMMIT;

/*!40101 SET CHARACTER_SET_CLIENT=@OLD_CHARACTER_SET_CLIENT */;
/*!40101 SET CHARACTER_SET_RESULTS=@OLD_CHARACTER_SET_RESULTS */;
/*!40101 SET COLLATION_CONNECTION=@OLD_COLLATION_CONNECTION */;
