-- phpMyAdmin SQL Dump
-- version 5.2.1
-- https://www.phpmyadmin.net/
--
-- Host: 127.0.0.1
-- Generation Time: Apr 20, 2024 at 07:27 AM
-- Server version: 10.4.28-MariaDB
-- PHP Version: 8.0.28

SET SQL_MODE = "NO_AUTO_VALUE_ON_ZERO";
START TRANSACTION;
SET time_zone = "+00:00";


/*!40101 SET @OLD_CHARACTER_SET_CLIENT=@@CHARACTER_SET_CLIENT */;
/*!40101 SET @OLD_CHARACTER_SET_RESULTS=@@CHARACTER_SET_RESULTS */;
/*!40101 SET @OLD_COLLATION_CONNECTION=@@COLLATION_CONNECTION */;
/*!40101 SET NAMES utf8mb4 */;

--
-- Database: `eauction`
--

-- --------------------------------------------------------

--
-- Table structure for table `auction_dtl`
--

DROP TABLE IF EXISTS `auction_dtl`;
CREATE TABLE `auction_dtl` (
  `acd_id` int(5) NOT NULL,
  `auc_id` int(5) NOT NULL DEFAULT 0,
  `jap_id` int(5) DEFAULT NULL,
  `lot_no` int(5) NOT NULL DEFAULT 0,
  `garden_nm` varchar(50) DEFAULT NULL,
  `grade` varchar(25) DEFAULT NULL,
  `invoice_no` varchar(12) DEFAULT NULL,
  `gp_date` date DEFAULT NULL,
  `chest` varchar(12) DEFAULT NULL,
  `net` decimal(2,0) DEFAULT NULL,
  `pkgs` int(5) NOT NULL DEFAULT 0,
  `valu_kg` int(5) NOT NULL DEFAULT 0,
  `base_price` decimal(12,2) DEFAULT 0.00,
  `msp` decimal(10,2) DEFAULT 0.00,
  `bid_price` decimal(12,2) DEFAULT 0.00,
  `bidder_id` decimal(12,2) DEFAULT 0.00,
  `auc_status` varchar(1) DEFAULT 'P'
) ENGINE=InnoDB DEFAULT CHARSET=utf8mb4 COLLATE=utf8mb4_general_ci;

--
-- Dumping data for table `auction_dtl`
--

INSERT INTO `auction_dtl` (`acd_id`, `auc_id`, `jap_id`, `lot_no`, `garden_nm`, `grade`, `invoice_no`, `gp_date`, `chest`, `net`, `pkgs`, `valu_kg`, `base_price`, `msp`, `bid_price`, `bidder_id`, `auc_status`) VALUES
(1, 1, NULL, 1, 'AMGOORIE', 'BOP', 'C158', '2023-05-06', '6366-6395', 25, 30, 350, 340.00, 0.00, 0.00, 0.00, 'P'),
(2, 1, NULL, 2, 'AMGOORIE', 'BOP', 'C128', '2023-04-24', '4926-4955', 25, 30, 350, 311.00, 0.00, 0.00, 0.00, 'P'),
(3, 1, NULL, 1, 'AMGOORIE', 'BOP', 'C158', '2023-05-06', '6366-6395', 25, 30, 350, 340.00, 0.00, 0.00, 0.00, 'P'),
(4, 1, NULL, 2, 'AMGOORIE', 'BOP', 'C128', '2023-04-24', '4926-4955', 25, 30, 350, 311.00, 0.00, 0.00, 0.00, 'P'),
(5, 1, NULL, 1, 'AMGOORIE', 'BOP', 'C158', '2023-05-06', '6366-6395', 25, 30, 350, 340.00, 0.00, 0.00, 0.00, 'P'),
(6, 1, NULL, 2, 'AMGOORIE', 'BOP', 'C128', '2023-04-24', '4926-4955', 25, 30, 350, 311.00, 0.00, 0.00, 0.00, 'P'),
(7, 1, NULL, 2, 'AMGOORIE', 'BOP', 'C129', '2023-04-25', '4926-4956', 25, 30, 350, 311.00, 0.00, 0.00, 0.00, 'P'),
(8, 1, NULL, 2, 'AMGOORIE', 'BOP', 'C130', '2023-04-26', '4926-4957', 25, 30, 350, 311.00, 0.00, 0.00, 0.00, 'P'),
(9, 1, NULL, 2, 'AMGOORIE', 'BOP', 'C131', '2023-04-27', '4926-4958', 25, 30, 350, 311.00, 0.00, 0.00, 0.00, 'P'),
(10, 1, NULL, 2, 'AMGOORIE', 'BOP', 'C132', '2023-04-28', '4926-4959', 25, 30, 350, 311.00, 0.00, 0.00, 0.00, 'P'),
(11, 1, NULL, 2, 'AMGOORIE', 'BOP', 'C133', '2023-04-29', '4926-4960', 25, 30, 350, 311.00, 0.00, 0.00, 0.00, 'P'),
(12, 1, NULL, 2, 'AMGOORIE', 'BOP', 'C134', '2023-04-30', '4926-4961', 25, 30, 350, 311.00, 0.00, 0.00, 0.00, 'P'),
(13, 1, NULL, 2, 'AMGOORIE', 'BOP', 'C135', '2023-05-01', '4926-4962', 25, 30, 350, 311.00, 0.00, 0.00, 0.00, 'P'),
(14, 1, NULL, 2, 'AMGOORIE', 'BOP', 'C136', '2023-05-02', '4926-4963', 25, 30, 350, 311.00, 0.00, 0.00, 0.00, 'P'),
(15, 1, NULL, 2, 'AMGOORIE', 'BOP', 'C137', '2023-05-03', '4926-4964', 25, 30, 350, 311.00, 0.00, 0.00, 0.00, 'P'),
(16, 1, NULL, 2, 'AMGOORIE', 'BOP', 'C138', '2023-05-04', '4926-4965', 25, 30, 350, 311.00, 0.00, 0.00, 0.00, 'P'),
(17, 1, NULL, 2, 'AMGOORIE', 'BOP', 'C139', '2023-05-05', '4926-4966', 25, 30, 350, 311.00, 0.00, 0.00, 0.00, 'P'),
(18, 1, NULL, 2, 'AMGOORIE', 'BOP', 'C140', '2023-05-06', '4926-4967', 25, 30, 350, 311.00, 0.00, 0.00, 0.00, 'P'),
(19, 1, NULL, 2, 'AMGOORIE', 'BOP', 'C141', '2023-05-07', '4926-4968', 25, 30, 350, 311.00, 0.00, 0.00, 0.00, 'P'),
(20, 1, NULL, 2, 'AMGOORIE', 'BOP', 'C142', '2023-05-08', '4926-4969', 25, 30, 350, 311.00, 0.00, 0.00, 0.00, 'P'),
(21, 1, NULL, 2, 'AMGOORIE', 'BOP', 'C143', '2023-05-09', '4926-4970', 25, 30, 350, 311.00, 0.00, 0.00, 0.00, 'P'),
(22, 1, NULL, 2, 'AMGOORIE', 'BOP', 'C144', '2023-05-10', '4926-4971', 25, 30, 350, 311.00, 0.00, 0.00, 0.00, 'P'),
(23, 1, NULL, 2, 'AMGOORIE', 'BOP', 'C145', '2023-05-11', '4926-4972', 25, 30, 350, 311.00, 0.00, 0.00, 0.00, 'P'),
(24, 1, NULL, 2, 'AMGOORIE', 'BOP', 'C146', '2023-05-12', '4926-4973', 25, 30, 350, 311.00, 0.00, 0.00, 0.00, 'P'),
(25, 1, NULL, 2, 'AMGOORIE', 'BOP', 'C147', '2023-05-13', '4926-4974', 25, 30, 350, 311.00, 0.00, 0.00, 0.00, 'P'),
(26, 1, NULL, 2, 'AMGOORIE', 'BOP', 'C148', '2023-05-14', '4926-4975', 25, 30, 350, 311.00, 0.00, 0.00, 0.00, 'P'),
(27, 1, NULL, 2, 'AMGOORIE', 'BOP', 'C149', '2023-05-15', '4926-4976', 25, 30, 350, 311.00, 0.00, 0.00, 0.00, 'P'),
(28, 1, NULL, 2, 'AMGOORIE', 'BOP', 'C150', '2023-05-16', '4926-4977', 25, 30, 350, 311.00, 0.00, 0.00, 0.00, 'P'),
(29, 1, NULL, 2, 'AMGOORIE', 'BOP', 'C151', '2023-05-17', '4926-4978', 25, 30, 350, 311.00, 0.00, 0.00, 0.00, 'P'),
(30, 1, NULL, 2, 'AMGOORIE', 'BOP', 'C152', '2023-05-18', '4926-4979', 25, 30, 350, 311.00, 0.00, 0.00, 0.00, 'P'),
(31, 1, NULL, 2, 'AMGOORIE', 'BOP', 'C153', '2023-05-19', '4926-4980', 25, 30, 350, 311.00, 0.00, 0.00, 0.00, 'P'),
(32, 1, NULL, 2, 'AMGOORIE', 'BOP', 'C154', '2023-05-20', '4926-4981', 25, 30, 350, 311.00, 0.00, 0.00, 0.00, 'P'),
(33, 1, NULL, 2, 'AMGOORIE', 'BOP', 'C155', '2023-05-21', '4926-4982', 25, 30, 350, 311.00, 0.00, 0.00, 0.00, 'P'),
(34, 1, NULL, 2, 'AMGOORIE', 'BOP', 'C156', '2023-05-22', '4926-4983', 25, 30, 350, 311.00, 0.00, 0.00, 0.00, 'P'),
(35, 1, NULL, 2, 'AMGOORIE', 'BOP', 'C157', '2023-05-23', '4926-4984', 25, 30, 350, 311.00, 0.00, 0.00, 0.00, 'P'),
(36, 1, NULL, 2, 'AMGOORIE', 'BOP', 'C158', '2023-05-24', '4926-4985', 25, 30, 350, 311.00, 0.00, 0.00, 0.00, 'P'),
(37, 1, NULL, 2, 'AMGOORIE', 'BOP', 'C159', '2023-05-25', '4926-4986', 25, 30, 350, 311.00, 0.00, 0.00, 0.00, 'P'),
(38, 1, NULL, 2, 'AMGOORIE', 'BOP', 'C160', '2023-05-26', '4926-4987', 25, 30, 350, 311.00, 0.00, 0.00, 0.00, 'P'),
(39, 1, NULL, 2, 'AMGOORIE', 'BOP', 'C161', '2023-05-27', '4926-4988', 25, 30, 350, 311.00, 0.00, 0.00, 0.00, 'P'),
(40, 1, NULL, 2, 'AMGOORIE', 'BOP', 'C162', '2023-05-28', '4926-4989', 25, 30, 350, 311.00, 0.00, 0.00, 0.00, 'P'),
(41, 1, NULL, 2, 'AMGOORIE', 'BOP', 'C163', '2023-05-29', '4926-4990', 25, 30, 350, 311.00, 0.00, 0.00, 0.00, 'P'),
(42, 1, NULL, 2, 'AMGOORIE', 'BOP', 'C164', '2023-05-30', '4926-4991', 25, 30, 350, 311.00, 0.00, 0.00, 0.00, 'P'),
(43, 1, NULL, 2, 'AMGOORIE', 'BOP', 'C165', '2023-05-31', '4926-4992', 25, 30, 350, 311.00, 0.00, 0.00, 0.00, 'P'),
(44, 1, NULL, 2, 'AMGOORIE', 'BOP', 'C166', '2023-06-01', '4926-4993', 25, 30, 350, 311.00, 0.00, 0.00, 0.00, 'P'),
(45, 1, NULL, 2, 'AMGOORIE', 'BOP', 'C167', '2023-06-02', '4926-4994', 25, 30, 350, 311.00, 0.00, 0.00, 0.00, 'P'),
(46, 1, NULL, 2, 'AMGOORIE', 'BOP', 'C168', '2023-06-03', '4926-4995', 25, 30, 350, 311.00, 0.00, 0.00, 0.00, 'P'),
(47, 1, NULL, 2, 'AMGOORIE', 'BOP', 'C169', '2023-06-04', '4926-4996', 25, 30, 350, 311.00, 0.00, 0.00, 0.00, 'P'),
(48, 1, NULL, 2, 'AMGOORIE', 'BOP', 'C170', '2023-06-05', '4926-4997', 25, 30, 350, 311.00, 0.00, 0.00, 0.00, 'P'),
(49, 1, NULL, 2, 'AMGOORIE', 'BOP', 'C171', '2023-06-06', '4926-4998', 25, 30, 350, 311.00, 0.00, 0.00, 0.00, 'P'),
(50, 1, NULL, 2, 'AMGOORIE', 'BOP', 'C172', '2023-06-07', '4926-4999', 25, 30, 350, 311.00, 0.00, 0.00, 0.00, 'P'),
(51, 1, NULL, 2, 'AMGOORIE', 'BOP', 'C173', '2023-06-08', '4926-5000', 25, 30, 350, 311.00, 0.00, 0.00, 0.00, 'P'),
(52, 1, NULL, 2, 'AMGOORIE', 'BOP', 'C174', '2023-06-09', '4926-5001', 25, 30, 350, 311.00, 0.00, 0.00, 0.00, 'P'),
(53, 1, NULL, 2, 'AMGOORIE', 'BOP', 'C175', '2023-06-10', '4926-5002', 25, 30, 350, 311.00, 0.00, 0.00, 0.00, 'P'),
(54, 1, NULL, 2, 'AMGOORIE', 'BOP', 'C176', '2023-06-11', '4926-5003', 25, 30, 350, 311.00, 0.00, 0.00, 0.00, 'P'),
(55, 1, NULL, 2, 'AMGOORIE', 'BOP', 'C177', '2023-06-12', '4926-5004', 25, 30, 350, 311.00, 0.00, 0.00, 0.00, 'P'),
(56, 1, NULL, 2, 'AMGOORIE', 'BOP', 'C178', '2023-06-13', '4926-5005', 25, 30, 350, 311.00, 0.00, 0.00, 0.00, 'P'),
(57, 1, NULL, 2, 'AMGOORIE', 'BOP', 'C179', '2023-06-14', '4926-5006', 25, 30, 350, 311.00, 0.00, 0.00, 0.00, 'P'),
(58, 1, NULL, 2, 'AMGOORIE', 'BOP', 'C180', '2023-06-15', '4926-5007', 25, 30, 350, 311.00, 0.00, 0.00, 0.00, 'P'),
(59, 1, NULL, 2, 'AMGOORIE', 'BOP', 'C181', '2023-06-16', '4926-5008', 25, 30, 350, 311.00, 0.00, 0.00, 0.00, 'P'),
(60, 1, NULL, 2, 'AMGOORIE', 'BOP', 'C182', '2023-06-17', '4926-5009', 25, 30, 350, 311.00, 0.00, 0.00, 0.00, 'P'),
(61, 1, NULL, 2, 'AMGOORIE', 'BOP', 'C183', '2023-06-18', '4926-5010', 25, 30, 350, 311.00, 0.00, 0.00, 0.00, 'P'),
(62, 1, NULL, 2, 'AMGOORIE', 'BOP', 'C184', '2023-06-19', '4926-5011', 25, 30, 350, 311.00, 0.00, 0.00, 0.00, 'P'),
(63, 1, NULL, 2, 'AMGOORIE', 'BOP', 'C185', '2023-06-20', '4926-5012', 25, 30, 350, 311.00, 0.00, 0.00, 0.00, 'P'),
(64, 1, NULL, 2, 'AMGOORIE', 'BOP', 'C186', '2023-06-21', '4926-5013', 25, 30, 350, 311.00, 0.00, 0.00, 0.00, 'P'),
(65, 1, NULL, 2, 'AMGOORIE', 'BOP', 'C187', '2023-06-22', '4926-5014', 25, 30, 350, 311.00, 0.00, 0.00, 0.00, 'P'),
(66, 1, NULL, 2, 'AMGOORIE', 'BOP', 'C188', '2023-06-23', '4926-5015', 25, 30, 350, 311.00, 0.00, 0.00, 0.00, 'P'),
(67, 1, NULL, 2, 'AMGOORIE', 'BOP', 'C189', '2023-06-24', '4926-5016', 25, 30, 350, 311.00, 0.00, 0.00, 0.00, 'P'),
(68, 1, NULL, 2, 'AMGOORIE', 'BOP', 'C190', '2023-06-25', '4926-5017', 25, 30, 350, 311.00, 0.00, 0.00, 0.00, 'P'),
(69, 1, NULL, 2, 'AMGOORIE', 'BOP', 'C191', '2023-06-26', '4926-5018', 25, 30, 350, 311.00, 0.00, 0.00, 0.00, 'P'),
(70, 1, NULL, 2, 'AMGOORIE', 'BOP', 'C192', '2023-06-27', '4926-5019', 25, 30, 350, 311.00, 0.00, 0.00, 0.00, 'P'),
(71, 1, NULL, 2, 'AMGOORIE', 'BOP', 'C193', '2023-06-28', '4926-5020', 25, 30, 350, 311.00, 0.00, 0.00, 0.00, 'P'),
(72, 1, NULL, 2, 'AMGOORIE', 'BOP', 'C194', '2023-06-29', '4926-5021', 25, 30, 350, 311.00, 0.00, 0.00, 0.00, 'P'),
(73, 1, NULL, 2, 'AMGOORIE', 'BOP', 'C195', '2023-06-30', '4926-5022', 25, 30, 350, 311.00, 0.00, 0.00, 0.00, 'P'),
(74, 1, NULL, 2, 'AMGOORIE', 'BOP', 'C196', '2023-07-01', '4926-5023', 25, 30, 350, 311.00, 0.00, 0.00, 0.00, 'P'),
(75, 1, NULL, 2, 'AMGOORIE', 'BOP', 'C197', '2023-07-02', '4926-5024', 25, 30, 350, 311.00, 0.00, 0.00, 0.00, 'P'),
(76, 1, NULL, 2, 'AMGOORIE', 'BOP', 'C198', '2023-07-03', '4926-5025', 25, 30, 350, 311.00, 0.00, 0.00, 0.00, 'P'),
(77, 1, NULL, 2, 'AMGOORIE', 'BOP', 'C199', '2023-07-04', '4926-5026', 25, 30, 350, 311.00, 0.00, 0.00, 0.00, 'P'),
(78, 1, NULL, 2, 'AMGOORIE', 'BOP', 'C200', '2023-07-05', '4926-5027', 25, 30, 350, 311.00, 0.00, 0.00, 0.00, 'P'),
(79, 1, NULL, 2, 'AMGOORIE', 'BOP', 'C201', '2023-07-06', '4926-5028', 25, 30, 350, 311.00, 0.00, 0.00, 0.00, 'P'),
(80, 1, NULL, 2, 'AMGOORIE', 'BOP', 'C202', '2023-07-07', '4926-5029', 25, 30, 350, 311.00, 0.00, 0.00, 0.00, 'P'),
(81, 1, NULL, 2, 'AMGOORIE', 'BOP', 'C203', '2023-07-08', '4926-5030', 25, 30, 350, 311.00, 0.00, 0.00, 0.00, 'P'),
(82, 1, NULL, 2, 'AMGOORIE', 'BOP', 'C204', '2023-07-09', '4926-5031', 25, 30, 350, 311.00, 0.00, 0.00, 0.00, 'P'),
(83, 1, NULL, 2, 'AMGOORIE', 'BOP', 'C205', '2023-07-10', '4926-5032', 25, 30, 350, 311.00, 0.00, 0.00, 0.00, 'P'),
(84, 1, NULL, 2, 'AMGOORIE', 'BOP', 'C206', '2023-07-11', '4926-5033', 25, 30, 350, 311.00, 0.00, 0.00, 0.00, 'P'),
(85, 1, NULL, 2, 'AMGOORIE', 'BOP', 'C207', '2023-07-12', '4926-5034', 25, 30, 350, 311.00, 0.00, 0.00, 0.00, 'P'),
(86, 1, NULL, 2, 'AMGOORIE', 'BOP', 'C208', '2023-07-13', '4926-5035', 25, 30, 350, 311.00, 0.00, 0.00, 0.00, 'P'),
(87, 1, NULL, 2, 'AMGOORIE', 'BOP', 'C209', '2023-07-14', '4926-5036', 25, 30, 350, 311.00, 0.00, 0.00, 0.00, 'P'),
(88, 1, NULL, 2, 'AMGOORIE', 'BOP', 'C210', '2023-07-15', '4926-5037', 25, 30, 350, 311.00, 0.00, 0.00, 0.00, 'P'),
(89, 1, NULL, 2, 'AMGOORIE', 'BOP', 'C211', '2023-07-16', '4926-5038', 25, 30, 350, 311.00, 0.00, 0.00, 0.00, 'P'),
(90, 1, NULL, 2, 'AMGOORIE', 'BOP', 'C212', '2023-07-17', '4926-5039', 25, 30, 350, 311.00, 0.00, 0.00, 0.00, 'P'),
(91, 1, NULL, 2, 'AMGOORIE', 'BOP', 'C213', '2023-07-18', '4926-5040', 25, 30, 350, 311.00, 0.00, 0.00, 0.00, 'P'),
(92, 1, NULL, 2, 'AMGOORIE', 'BOP', 'C214', '2023-07-19', '4926-5041', 25, 30, 350, 311.00, 0.00, 0.00, 0.00, 'P'),
(93, 1, NULL, 2, 'AMGOORIE', 'BOP', 'C215', '2023-07-20', '4926-5042', 25, 30, 350, 311.00, 0.00, 0.00, 0.00, 'P'),
(94, 1, NULL, 2, 'AMGOORIE', 'BOP', 'C216', '2023-07-21', '4926-5043', 25, 30, 350, 311.00, 0.00, 0.00, 0.00, 'P'),
(95, 1, NULL, 2, 'AMGOORIE', 'BOP', 'C217', '2023-07-22', '4926-5044', 25, 30, 350, 311.00, 0.00, 0.00, 0.00, 'P'),
(96, 1, NULL, 2, 'AMGOORIE', 'BOP', 'C218', '2023-07-23', '4926-5045', 25, 30, 350, 311.00, 0.00, 0.00, 0.00, 'P'),
(97, 1, NULL, 2, 'AMGOORIE', 'BOP', 'C219', '2023-07-24', '4926-5046', 25, 30, 350, 311.00, 0.00, 0.00, 0.00, 'P'),
(98, 1, NULL, 2, 'AMGOORIE', 'BOP', 'C220', '2023-07-25', '4926-5047', 25, 30, 350, 311.00, 0.00, 0.00, 0.00, 'P'),
(99, 1, NULL, 2, 'AMGOORIE', 'BOP', 'C221', '2023-07-26', '4926-5048', 25, 30, 350, 311.00, 0.00, 0.00, 0.00, 'P'),
(100, 1, NULL, 2, 'AMGOORIE', 'BOP', 'C222', '2023-07-27', '4926-5049', 25, 30, 350, 311.00, 0.00, 0.00, 0.00, 'P'),
(101, 1, NULL, 2, 'AMGOORIE', 'BOP', 'C223', '2023-07-28', '4926-5050', 25, 30, 350, 311.00, 0.00, 0.00, 0.00, 'P'),
(102, 1, NULL, 2, 'AMGOORIE', 'BOP', 'C224', '2023-07-29', '4926-5051', 25, 30, 350, 311.00, 0.00, 0.00, 0.00, 'P'),
(103, 1, NULL, 2, 'AMGOORIE', 'BOP', 'C225', '2023-07-30', '4926-5052', 25, 30, 350, 311.00, 0.00, 0.00, 0.00, 'P'),
(104, 1, NULL, 2, 'AMGOORIE', 'BOP', 'C226', '2023-07-31', '4926-5053', 25, 30, 350, 311.00, 0.00, 0.00, 0.00, 'P'),
(105, 1, NULL, 2, 'AMGOORIE', 'BOP', 'C227', '2023-08-01', '4926-5054', 25, 30, 350, 311.00, 0.00, 0.00, 0.00, 'P'),
(106, 1, NULL, 2, 'AMGOORIE', 'BOP', 'C228', '2023-08-02', '4926-5055', 25, 30, 350, 311.00, 0.00, 0.00, 0.00, 'P'),
(107, 1, NULL, 2, 'AMGOORIE', 'BOP', 'C229', '2023-08-03', '4926-5056', 25, 30, 350, 311.00, 0.00, 0.00, 0.00, 'P'),
(108, 1, NULL, 2, 'AMGOORIE', 'BOP', 'C230', '2023-08-04', '4926-5057', 25, 30, 350, 311.00, 0.00, 0.00, 0.00, 'P'),
(109, 1, NULL, 2, 'AMGOORIE', 'BOP', 'C231', '2023-08-05', '4926-5058', 25, 30, 350, 311.00, 0.00, 0.00, 0.00, 'P'),
(110, 1, NULL, 2, 'AMGOORIE', 'BOP', 'C232', '2023-08-06', '4926-5059', 25, 30, 350, 311.00, 0.00, 0.00, 0.00, 'P'),
(111, 1, NULL, 2, 'AMGOORIE', 'BOP', 'C233', '2023-08-07', '4926-5060', 25, 30, 350, 311.00, 0.00, 0.00, 0.00, 'P'),
(112, 1, NULL, 2, 'AMGOORIE', 'BOP', 'C234', '2023-08-08', '4926-5061', 25, 30, 350, 311.00, 0.00, 0.00, 0.00, 'P'),
(113, 1, NULL, 2, 'AMGOORIE', 'BOP', 'C235', '2023-08-09', '4926-5062', 25, 30, 350, 311.00, 0.00, 0.00, 0.00, 'P'),
(114, 1, NULL, 2, 'AMGOORIE', 'BOP', 'C236', '2023-08-10', '4926-5063', 25, 30, 350, 311.00, 0.00, 0.00, 0.00, 'P'),
(115, 1, NULL, 2, 'AMGOORIE', 'BOP', 'C237', '2023-08-11', '4926-5064', 25, 30, 350, 311.00, 0.00, 0.00, 0.00, 'P'),
(116, 1, NULL, 2, 'AMGOORIE', 'BOP', 'C238', '2023-08-12', '4926-5065', 25, 30, 350, 311.00, 0.00, 0.00, 0.00, 'P'),
(117, 1, NULL, 2, 'AMGOORIE', 'BOP', 'C239', '2023-08-13', '4926-5066', 25, 30, 350, 311.00, 0.00, 0.00, 0.00, 'P'),
(118, 1, NULL, 2, 'AMGOORIE', 'BOP', 'C240', '2023-08-14', '4926-5067', 25, 30, 350, 311.00, 0.00, 0.00, 0.00, 'P'),
(119, 1, NULL, 2, 'AMGOORIE', 'BOP', 'C241', '2023-08-15', '4926-5068', 25, 30, 350, 311.00, 0.00, 0.00, 0.00, 'P'),
(120, 1, NULL, 2, 'AMGOORIE', 'BOP', 'C242', '2023-08-16', '4926-5069', 25, 30, 350, 311.00, 0.00, 0.00, 0.00, 'P'),
(121, 1, NULL, 2, 'AMGOORIE', 'BOP', 'C243', '2023-08-17', '4926-5070', 25, 30, 350, 311.00, 0.00, 0.00, 0.00, 'P'),
(122, 1, NULL, 2, 'AMGOORIE', 'BOP', 'C244', '2023-08-18', '4926-5071', 25, 30, 350, 311.00, 0.00, 0.00, 0.00, 'P'),
(123, 1, NULL, 2, 'AMGOORIE', 'BOP', 'C245', '2023-08-19', '4926-5072', 25, 30, 350, 311.00, 0.00, 0.00, 0.00, 'P'),
(124, 1, NULL, 2, 'AMGOORIE', 'BOP', 'C246', '2023-08-20', '4926-5073', 25, 30, 350, 311.00, 0.00, 0.00, 0.00, 'P'),
(125, 1, NULL, 2, 'AMGOORIE', 'BOP', 'C247', '2023-08-21', '4926-5074', 25, 30, 350, 311.00, 0.00, 0.00, 0.00, 'P'),
(126, 1, NULL, 2, 'AMGOORIE', 'BOP', 'C248', '2023-08-22', '4926-5075', 25, 30, 350, 311.00, 0.00, 0.00, 0.00, 'P'),
(127, 1, NULL, 2, 'AMGOORIE', 'BOP', 'C249', '2023-08-23', '4926-5076', 25, 30, 350, 311.00, 0.00, 0.00, 0.00, 'P'),
(128, 1, NULL, 2, 'AMGOORIE', 'BOP', 'C250', '2023-08-24', '4926-5077', 25, 30, 350, 311.00, 0.00, 0.00, 0.00, 'P'),
(129, 1, NULL, 2, 'AMGOORIE', 'BOP', 'C251', '2023-08-25', '4926-5078', 25, 30, 350, 311.00, 0.00, 0.00, 0.00, 'P'),
(130, 1, NULL, 2, 'AMGOORIE', 'BOP', 'C252', '2023-08-26', '4926-5079', 25, 30, 350, 311.00, 0.00, 0.00, 0.00, 'P'),
(131, 1, NULL, 2, 'AMGOORIE', 'BOP', 'C253', '2023-08-27', '4926-5080', 25, 30, 350, 311.00, 0.00, 0.00, 0.00, 'P'),
(132, 1, NULL, 2, 'AMGOORIE', 'BOP', 'C254', '2023-08-28', '4926-5081', 25, 30, 350, 311.00, 0.00, 0.00, 0.00, 'P'),
(133, 1, NULL, 2, 'AMGOORIE', 'BOP', 'C255', '2023-08-29', '4926-5082', 25, 30, 350, 311.00, 0.00, 0.00, 0.00, 'P'),
(134, 1, NULL, 2, 'AMGOORIE', 'BOP', 'C256', '2023-08-30', '4926-5083', 25, 30, 350, 311.00, 0.00, 0.00, 0.00, 'P'),
(135, 1, NULL, 2, 'AMGOORIE', 'BOP', 'C257', '2023-08-31', '4926-5084', 25, 30, 350, 311.00, 0.00, 0.00, 0.00, 'P'),
(136, 1, NULL, 2, 'AMGOORIE', 'BOP', 'C258', '2023-09-01', '4926-5085', 25, 30, 350, 311.00, 0.00, 0.00, 0.00, 'P'),
(137, 1, NULL, 2, 'AMGOORIE', 'BOP', 'C259', '2023-09-02', '4926-5086', 25, 30, 350, 311.00, 0.00, 0.00, 0.00, 'P'),
(138, 1, NULL, 2, 'AMGOORIE', 'BOP', 'C260', '2023-09-03', '4926-5087', 25, 30, 350, 311.00, 0.00, 0.00, 0.00, 'P'),
(139, 1, NULL, 2, 'AMGOORIE', 'BOP', 'C261', '2023-09-04', '4926-5088', 25, 30, 350, 311.00, 0.00, 0.00, 0.00, 'P'),
(140, 1, NULL, 2, 'AMGOORIE', 'BOP', 'C262', '2023-09-05', '4926-5089', 25, 30, 350, 311.00, 0.00, 0.00, 0.00, 'P'),
(141, 1, NULL, 2, 'AMGOORIE', 'BOP', 'C263', '2023-09-06', '4926-5090', 25, 30, 350, 311.00, 0.00, 0.00, 0.00, 'P'),
(142, 1, NULL, 2, 'AMGOORIE', 'BOP', 'C264', '2023-09-07', '4926-5091', 25, 30, 350, 311.00, 0.00, 0.00, 0.00, 'P'),
(143, 1, NULL, 2, 'AMGOORIE', 'BOP', 'C265', '2023-09-08', '4926-5092', 25, 30, 350, 311.00, 0.00, 0.00, 0.00, 'P'),
(144, 1, NULL, 2, 'AMGOORIE', 'BOP', 'C266', '2023-09-09', '4926-5093', 25, 30, 350, 311.00, 0.00, 0.00, 0.00, 'P'),
(145, 1, NULL, 2, 'AMGOORIE', 'BOP', 'C267', '2023-09-10', '4926-5094', 25, 30, 350, 311.00, 0.00, 0.00, 0.00, 'P'),
(146, 1, NULL, 2, 'AMGOORIE', 'BOP', 'C268', '2023-09-11', '4926-5095', 25, 30, 350, 311.00, 0.00, 0.00, 0.00, 'P'),
(147, 1, NULL, 2, 'AMGOORIE', 'BOP', 'C269', '2023-09-12', '4926-5096', 25, 30, 350, 311.00, 0.00, 0.00, 0.00, 'P'),
(148, 1, NULL, 2, 'AMGOORIE', 'BOP', 'C270', '2023-09-13', '4926-5097', 25, 30, 350, 311.00, 0.00, 0.00, 0.00, 'P'),
(149, 1, NULL, 2, 'AMGOORIE', 'BOP', 'C271', '2023-09-14', '4926-5098', 25, 30, 350, 311.00, 0.00, 0.00, 0.00, 'P'),
(150, 1, NULL, 2, 'AMGOORIE', 'BOP', 'C272', '2023-09-15', '4926-5099', 25, 30, 350, 311.00, 0.00, 0.00, 0.00, 'P'),
(151, 1, NULL, 2, 'AMGOORIE', 'BOP', 'C273', '2023-09-16', '4926-5100', 25, 30, 350, 311.00, 0.00, 0.00, 0.00, 'P'),
(152, 1, NULL, 2, 'AMGOORIE', 'BOP', 'C274', '2023-09-17', '4926-5101', 25, 30, 350, 311.00, 0.00, 0.00, 0.00, 'P'),
(153, 1, NULL, 2, 'AMGOORIE', 'BOP', 'C275', '2023-09-18', '4926-5102', 25, 30, 350, 311.00, 0.00, 0.00, 0.00, 'P'),
(154, 1, NULL, 2, 'AMGOORIE', 'BOP', 'C276', '2023-09-19', '4926-5103', 25, 30, 350, 311.00, 0.00, 0.00, 0.00, 'P'),
(155, 1, NULL, 2, 'AMGOORIE', 'BOP', 'C277', '2023-09-20', '4926-5104', 25, 30, 350, 311.00, 0.00, 0.00, 0.00, 'P'),
(156, 1, NULL, 2, 'AMGOORIE', 'BOP', 'C278', '2023-09-21', '4926-5105', 25, 30, 350, 311.00, 0.00, 0.00, 0.00, 'P'),
(157, 1, NULL, 2, 'AMGOORIE', 'BOP', 'C279', '2023-09-22', '4926-5106', 25, 30, 350, 311.00, 0.00, 0.00, 0.00, 'P'),
(158, 1, NULL, 2, 'AMGOORIE', 'BOP', 'C280', '2023-09-23', '4926-5107', 25, 30, 350, 311.00, 0.00, 0.00, 0.00, 'P'),
(159, 1, NULL, 2, 'AMGOORIE', 'BOP', 'C281', '2023-09-24', '4926-5108', 25, 30, 350, 311.00, 0.00, 0.00, 0.00, 'P'),
(160, 1, NULL, 2, 'AMGOORIE', 'BOP', 'C282', '2023-09-25', '4926-5109', 25, 30, 350, 311.00, 0.00, 0.00, 0.00, 'P'),
(161, 1, NULL, 2, 'AMGOORIE', 'BOP', 'C283', '2023-09-26', '4926-5110', 25, 30, 350, 311.00, 0.00, 0.00, 0.00, 'P'),
(162, 1, NULL, 2, 'AMGOORIE', 'BOP', 'C284', '2023-09-27', '4926-5111', 25, 30, 350, 311.00, 0.00, 0.00, 0.00, 'P'),
(163, 1, NULL, 2, 'AMGOORIE', 'BOP', 'C285', '2023-09-28', '4926-5112', 25, 30, 350, 311.00, 0.00, 0.00, 0.00, 'P'),
(164, 1, NULL, 2, 'AMGOORIE', 'BOP', 'C286', '2023-09-29', '4926-5113', 25, 30, 350, 311.00, 0.00, 0.00, 0.00, 'P'),
(165, 1, NULL, 2, 'AMGOORIE', 'BOP', 'C287', '2023-09-30', '4926-5114', 25, 30, 350, 311.00, 0.00, 0.00, 0.00, 'P'),
(166, 1, NULL, 2, 'AMGOORIE', 'BOP', 'C288', '2023-10-01', '4926-5115', 25, 30, 350, 311.00, 0.00, 0.00, 0.00, 'P'),
(167, 1, NULL, 2, 'AMGOORIE', 'BOP', 'C289', '2023-10-02', '4926-5116', 25, 30, 350, 311.00, 0.00, 0.00, 0.00, 'P'),
(168, 1, NULL, 2, 'AMGOORIE', 'BOP', 'C290', '2023-10-03', '4926-5117', 25, 30, 350, 311.00, 0.00, 0.00, 0.00, 'P'),
(169, 1, NULL, 2, 'AMGOORIE', 'BOP', 'C291', '2023-10-04', '4926-5118', 25, 30, 350, 311.00, 0.00, 0.00, 0.00, 'P'),
(170, 1, NULL, 2, 'AMGOORIE', 'BOP', 'C292', '2023-10-05', '4926-5119', 25, 30, 350, 311.00, 0.00, 0.00, 0.00, 'P'),
(171, 1, NULL, 2, 'AMGOORIE', 'BOP', 'C293', '2023-10-06', '4926-5120', 25, 30, 350, 311.00, 0.00, 0.00, 0.00, 'P'),
(172, 1, NULL, 2, 'AMGOORIE', 'BOP', 'C294', '2023-10-07', '4926-5121', 25, 30, 350, 311.00, 0.00, 0.00, 0.00, 'P'),
(173, 1, NULL, 2, 'AMGOORIE', 'BOP', 'C295', '2023-10-08', '4926-5122', 25, 30, 350, 311.00, 0.00, 0.00, 0.00, 'P'),
(174, 1, NULL, 2, 'AMGOORIE', 'BOP', 'C296', '2023-10-09', '4926-5123', 25, 30, 350, 311.00, 0.00, 0.00, 0.00, 'P'),
(175, 1, NULL, 2, 'AMGOORIE', 'BOP', 'C297', '2023-10-10', '4926-5124', 25, 30, 350, 311.00, 0.00, 0.00, 0.00, 'P'),
(176, 1, NULL, 2, 'AMGOORIE', 'BOP', 'C298', '2023-10-11', '4926-5125', 25, 30, 350, 311.00, 0.00, 0.00, 0.00, 'P'),
(177, 1, NULL, 2, 'AMGOORIE', 'BOP', 'C299', '2023-10-12', '4926-5126', 25, 30, 350, 311.00, 0.00, 0.00, 0.00, 'P'),
(178, 1, NULL, 2, 'AMGOORIE', 'BOP', 'C300', '2023-10-13', '4926-5127', 25, 30, 350, 311.00, 0.00, 0.00, 0.00, 'P'),
(179, 1, NULL, 2, 'AMGOORIE', 'BOP', 'C301', '2023-10-14', '4926-5128', 25, 30, 350, 311.00, 0.00, 0.00, 0.00, 'P'),
(180, 1, NULL, 2, 'AMGOORIE', 'BOP', 'C302', '2023-10-15', '4926-5129', 25, 30, 350, 311.00, 0.00, 0.00, 0.00, 'P'),
(181, 1, NULL, 2, 'AMGOORIE', 'BOP', 'C303', '2023-10-16', '4926-5130', 25, 30, 350, 311.00, 0.00, 0.00, 0.00, 'P'),
(182, 1, NULL, 2, 'AMGOORIE', 'BOP', 'C304', '2023-10-17', '4926-5131', 25, 30, 350, 311.00, 0.00, 0.00, 0.00, 'P'),
(183, 1, NULL, 2, 'AMGOORIE', 'BOP', 'C305', '2023-10-18', '4926-5132', 25, 30, 350, 311.00, 0.00, 0.00, 0.00, 'P'),
(184, 1, NULL, 2, 'AMGOORIE', 'BOP', 'C306', '2023-10-19', '4926-5133', 25, 30, 350, 311.00, 0.00, 0.00, 0.00, 'P'),
(185, 1, NULL, 2, 'AMGOORIE', 'BOP', 'C307', '2023-10-20', '4926-5134', 25, 30, 350, 311.00, 0.00, 0.00, 0.00, 'P'),
(186, 1, NULL, 2, 'AMGOORIE', 'BOP', 'C308', '2023-10-21', '4926-5135', 25, 30, 350, 311.00, 0.00, 0.00, 0.00, 'P'),
(187, 1, NULL, 2, 'AMGOORIE', 'BOP', 'C309', '2023-10-22', '4926-5136', 25, 30, 350, 311.00, 0.00, 0.00, 0.00, 'P'),
(188, 1, NULL, 2, 'AMGOORIE', 'BOP', 'C310', '2023-10-23', '4926-5137', 25, 30, 350, 311.00, 0.00, 0.00, 0.00, 'P'),
(189, 1, NULL, 2, 'AMGOORIE', 'BOP', 'C311', '2023-10-24', '4926-5138', 25, 30, 350, 311.00, 0.00, 0.00, 0.00, 'P'),
(190, 1, NULL, 2, 'AMGOORIE', 'BOP', 'C312', '2023-10-25', '4926-5139', 25, 30, 350, 311.00, 0.00, 0.00, 0.00, 'P'),
(191, 1, NULL, 2, 'AMGOORIE', 'BOP', 'C313', '2023-10-26', '4926-5140', 25, 30, 350, 311.00, 0.00, 0.00, 0.00, 'P'),
(192, 1, NULL, 2, 'AMGOORIE', 'BOP', 'C314', '2023-10-27', '4926-5141', 25, 30, 350, 311.00, 0.00, 0.00, 0.00, 'P'),
(193, 1, NULL, 2, 'AMGOORIE', 'BOP', 'C315', '2023-10-28', '4926-5142', 25, 30, 350, 311.00, 0.00, 0.00, 0.00, 'P'),
(194, 1, NULL, 2, 'AMGOORIE', 'BOP', 'C316', '2023-10-29', '4926-5143', 25, 30, 350, 311.00, 0.00, 0.00, 0.00, 'P'),
(195, 1, NULL, 2, 'AMGOORIE', 'BOP', 'C317', '2023-10-30', '4926-5144', 25, 30, 350, 311.00, 0.00, 0.00, 0.00, 'P'),
(196, 1, NULL, 2, 'AMGOORIE', 'BOP', 'C318', '2023-10-31', '4926-5145', 25, 30, 350, 311.00, 0.00, 0.00, 0.00, 'P'),
(197, 1, NULL, 2, 'AMGOORIE', 'BOP', 'C319', '2023-11-01', '4926-5146', 25, 30, 350, 311.00, 0.00, 0.00, 0.00, 'P'),
(198, 1, NULL, 2, 'AMGOORIE', 'BOP', 'C320', '2023-11-02', '4926-5147', 25, 30, 350, 311.00, 0.00, 0.00, 0.00, 'P'),
(199, 1, NULL, 2, 'AMGOORIE', 'BOP', 'C321', '2023-11-03', '4926-5148', 25, 30, 350, 311.00, 0.00, 0.00, 0.00, 'P'),
(200, 1, NULL, 2, 'AMGOORIE', 'BOP', 'C322', '2023-11-04', '4926-5149', 25, 30, 350, 311.00, 0.00, 0.00, 0.00, 'P'),
(201, 1, NULL, 2, 'AMGOORIE', 'BOP', 'C323', '2023-11-05', '4926-5150', 25, 30, 350, 311.00, 0.00, 0.00, 0.00, 'P'),
(202, 1, NULL, 2, 'AMGOORIE', 'BOP', 'C324', '2023-11-06', '4926-5151', 25, 30, 350, 311.00, 0.00, 0.00, 0.00, 'P'),
(203, 1, NULL, 2, 'AMGOORIE', 'BOP', 'C325', '2023-11-07', '4926-5152', 25, 30, 350, 311.00, 0.00, 0.00, 0.00, 'P'),
(204, 1, NULL, 2, 'AMGOORIE', 'BOP', 'C326', '2023-11-08', '4926-5153', 25, 30, 350, 311.00, 0.00, 0.00, 0.00, 'P'),
(205, 1, NULL, 2, 'AMGOORIE', 'BOP', 'C327', '2023-11-09', '4926-5154', 25, 30, 350, 311.00, 0.00, 0.00, 0.00, 'P'),
(206, 1, NULL, 2, 'AMGOORIE', 'BOP', 'C328', '2023-11-10', '4926-5155', 25, 30, 350, 311.00, 0.00, 0.00, 0.00, 'P'),
(207, 1, NULL, 2, 'AMGOORIE', 'BOP', 'C329', '2023-11-11', '4926-5156', 25, 30, 350, 311.00, 0.00, 0.00, 0.00, 'P'),
(208, 1, NULL, 2, 'AMGOORIE', 'BOP', 'C330', '2023-11-12', '4926-5157', 25, 30, 350, 311.00, 0.00, 0.00, 0.00, 'P'),
(209, 1, NULL, 2, 'AMGOORIE', 'BOP', 'C331', '2023-11-13', '4926-5158', 25, 30, 350, 311.00, 0.00, 0.00, 0.00, 'P'),
(210, 1, NULL, 2, 'AMGOORIE', 'BOP', 'C332', '2023-11-14', '4926-5159', 25, 30, 350, 311.00, 0.00, 0.00, 0.00, 'P'),
(211, 1, NULL, 2, 'AMGOORIE', 'BOP', 'C333', '2023-11-15', '4926-5160', 25, 30, 350, 311.00, 0.00, 0.00, 0.00, 'P'),
(212, 1, NULL, 2, 'AMGOORIE', 'BOP', 'C334', '2023-11-16', '4926-5161', 25, 30, 350, 311.00, 0.00, 0.00, 0.00, 'P'),
(213, 1, NULL, 2, 'AMGOORIE', 'BOP', 'C335', '2023-11-17', '4926-5162', 25, 30, 350, 311.00, 0.00, 0.00, 0.00, 'P'),
(214, 1, NULL, 2, 'AMGOORIE', 'BOP', 'C336', '2023-11-18', '4926-5163', 25, 30, 350, 311.00, 0.00, 0.00, 0.00, 'P'),
(215, 1, NULL, 2, 'AMGOORIE', 'BOP', 'C337', '2023-11-19', '4926-5164', 25, 30, 350, 311.00, 0.00, 0.00, 0.00, 'P'),
(216, 1, NULL, 2, 'AMGOORIE', 'BOP', 'C338', '2023-11-20', '4926-5165', 25, 30, 350, 311.00, 0.00, 0.00, 0.00, 'P'),
(217, 1, NULL, 2, 'AMGOORIE', 'BOP', 'C339', '2023-11-21', '4926-5166', 25, 30, 350, 311.00, 0.00, 0.00, 0.00, 'P'),
(218, 1, NULL, 2, 'AMGOORIE', 'BOP', 'C340', '2023-11-22', '4926-5167', 25, 30, 350, 311.00, 0.00, 0.00, 0.00, 'P'),
(219, 1, NULL, 2, 'AMGOORIE', 'BOP', 'C341', '2023-11-23', '4926-5168', 25, 30, 350, 311.00, 0.00, 0.00, 0.00, 'P'),
(220, 1, NULL, 2, 'AMGOORIE', 'BOP', 'C342', '2023-11-24', '4926-5169', 25, 30, 350, 311.00, 0.00, 0.00, 0.00, 'P'),
(221, 1, NULL, 2, 'AMGOORIE', 'BOP', 'C343', '2023-11-25', '4926-5170', 25, 30, 350, 311.00, 0.00, 0.00, 0.00, 'P'),
(222, 1, NULL, 2, 'AMGOORIE', 'BOP', 'C344', '2023-11-26', '4926-5171', 25, 30, 350, 311.00, 0.00, 0.00, 0.00, 'P'),
(223, 1, NULL, 2, 'AMGOORIE', 'BOP', 'C345', '2023-11-27', '4926-5172', 25, 30, 350, 311.00, 0.00, 0.00, 0.00, 'P'),
(224, 1, NULL, 2, 'AMGOORIE', 'BOP', 'C346', '2023-11-28', '4926-5173', 25, 30, 350, 311.00, 0.00, 0.00, 0.00, 'P'),
(225, 1, NULL, 2, 'AMGOORIE', 'BOP', 'C347', '2023-11-29', '4926-5174', 25, 30, 350, 311.00, 0.00, 0.00, 0.00, 'P'),
(226, 1, NULL, 2, 'AMGOORIE', 'BOP', 'C348', '2023-11-30', '4926-5175', 25, 30, 350, 311.00, 0.00, 0.00, 0.00, 'P'),
(227, 1, NULL, 2, 'AMGOORIE', 'BOP', 'C349', '2023-12-01', '4926-5176', 25, 30, 350, 311.00, 0.00, 0.00, 0.00, 'P'),
(228, 1, NULL, 2, 'AMGOORIE', 'BOP', 'C350', '2023-12-02', '4926-5177', 25, 30, 350, 311.00, 0.00, 0.00, 0.00, 'P'),
(229, 1, NULL, 2, 'AMGOORIE', 'BOP', 'C351', '2023-12-03', '4926-5178', 25, 30, 350, 311.00, 0.00, 0.00, 0.00, 'P'),
(230, 1, NULL, 2, 'AMGOORIE', 'BOP', 'C352', '2023-12-04', '4926-5179', 25, 30, 350, 311.00, 0.00, 0.00, 0.00, 'P'),
(231, 1, NULL, 2, 'AMGOORIE', 'BOP', 'C353', '2023-12-05', '4926-5180', 25, 30, 350, 311.00, 0.00, 0.00, 0.00, 'P'),
(232, 1, NULL, 2, 'AMGOORIE', 'BOP', 'C354', '2023-12-06', '4926-5181', 25, 30, 350, 311.00, 0.00, 0.00, 0.00, 'P'),
(233, 1, NULL, 2, 'AMGOORIE', 'BOP', 'C355', '2023-12-07', '4926-5182', 25, 30, 350, 311.00, 0.00, 0.00, 0.00, 'P'),
(234, 1, NULL, 2, 'AMGOORIE', 'BOP', 'C356', '2023-12-08', '4926-5183', 25, 30, 350, 311.00, 0.00, 0.00, 0.00, 'P'),
(235, 1, NULL, 2, 'AMGOORIE', 'BOP', 'C357', '2023-12-09', '4926-5184', 25, 30, 350, 311.00, 0.00, 0.00, 0.00, 'P'),
(236, 1, NULL, 2, 'AMGOORIE', 'BOP', 'C358', '2023-12-10', '4926-5185', 25, 30, 350, 311.00, 0.00, 0.00, 0.00, 'P'),
(237, 1, NULL, 2, 'AMGOORIE', 'BOP', 'C359', '2023-12-11', '4926-5186', 25, 30, 350, 311.00, 0.00, 0.00, 0.00, 'P'),
(238, 1, NULL, 2, 'AMGOORIE', 'BOP', 'C360', '2023-12-12', '4926-5187', 25, 30, 350, 311.00, 0.00, 0.00, 0.00, 'P'),
(239, 1, NULL, 2, 'AMGOORIE', 'BOP', 'C361', '2023-12-13', '4926-5188', 25, 30, 350, 311.00, 0.00, 0.00, 0.00, 'P'),
(240, 1, NULL, 2, 'AMGOORIE', 'BOP', 'C362', '2023-12-14', '4926-5189', 25, 30, 350, 311.00, 0.00, 0.00, 0.00, 'P'),
(241, 1, NULL, 2, 'AMGOORIE', 'BOP', 'C363', '2023-12-15', '4926-5190', 25, 30, 350, 311.00, 0.00, 0.00, 0.00, 'P'),
(242, 1, NULL, 2, 'AMGOORIE', 'BOP', 'C364', '2023-12-16', '4926-5191', 25, 30, 350, 311.00, 0.00, 0.00, 0.00, 'P'),
(243, 1, NULL, 2, 'AMGOORIE', 'BOP', 'C365', '2023-12-17', '4926-5192', 25, 30, 350, 311.00, 0.00, 0.00, 0.00, 'P'),
(244, 1, NULL, 2, 'AMGOORIE', 'BOP', 'C366', '2023-12-18', '4926-5193', 25, 30, 350, 311.00, 0.00, 0.00, 0.00, 'P'),
(245, 1, NULL, 2, 'AMGOORIE', 'BOP', 'C367', '2023-12-19', '4926-5194', 25, 30, 350, 311.00, 0.00, 0.00, 0.00, 'P'),
(246, 1, NULL, 2, 'AMGOORIE', 'BOP', 'C368', '2023-12-20', '4926-5195', 25, 30, 350, 311.00, 0.00, 0.00, 0.00, 'P'),
(247, 1, NULL, 2, 'AMGOORIE', 'BOP', 'C369', '2023-12-21', '4926-5196', 25, 30, 350, 311.00, 0.00, 0.00, 0.00, 'P'),
(248, 1, NULL, 2, 'AMGOORIE', 'BOP', 'C370', '2023-12-22', '4926-5197', 25, 30, 350, 311.00, 0.00, 0.00, 0.00, 'P'),
(249, 1, NULL, 2, 'AMGOORIE', 'BOP', 'C371', '2023-12-23', '4926-5198', 25, 30, 350, 311.00, 0.00, 0.00, 0.00, 'P'),
(250, 1, NULL, 2, 'AMGOORIE', 'BOP', 'C372', '2023-12-24', '4926-5199', 25, 30, 350, 311.00, 0.00, 0.00, 0.00, 'P'),
(251, 1, NULL, 2, 'AMGOORIE', 'BOP', 'C373', '2023-12-25', '4926-5200', 25, 30, 350, 311.00, 0.00, 0.00, 0.00, 'P'),
(252, 1, NULL, 2, 'AMGOORIE', 'BOP', 'C374', '2023-12-26', '4926-5201', 25, 30, 350, 311.00, 0.00, 0.00, 0.00, 'P'),
(253, 1, NULL, 2, 'AMGOORIE', 'BOP', 'C375', '2023-12-27', '4926-5202', 25, 30, 350, 311.00, 0.00, 0.00, 0.00, 'P'),
(254, 1, NULL, 2, 'AMGOORIE', 'BOP', 'C376', '2023-12-28', '4926-5203', 25, 30, 350, 311.00, 0.00, 0.00, 0.00, 'P'),
(255, 1, NULL, 2, 'AMGOORIE', 'BOP', 'C377', '2023-12-29', '4926-5204', 25, 30, 350, 311.00, 0.00, 0.00, 0.00, 'P'),
(256, 1, NULL, 2, 'AMGOORIE', 'BOP', 'C378', '2023-12-30', '4926-5205', 25, 30, 350, 311.00, 0.00, 0.00, 0.00, 'P'),
(257, 1, NULL, 2, 'AMGOORIE', 'BOP', 'C379', '2023-12-31', '4926-5206', 25, 30, 350, 311.00, 0.00, 0.00, 0.00, 'P'),
(258, 1, NULL, 2, 'AMGOORIE', 'BOP', 'C380', '2024-01-01', '4926-5207', 25, 30, 350, 311.00, 0.00, 0.00, 0.00, 'P'),
(259, 1, NULL, 2, 'AMGOORIE', 'BOP', 'C381', '2024-01-02', '4926-5208', 25, 30, 350, 311.00, 0.00, 0.00, 0.00, 'P'),
(260, 1, NULL, 2, 'AMGOORIE', 'BOP', 'C382', '2024-01-03', '4926-5209', 25, 30, 350, 311.00, 0.00, 0.00, 0.00, 'P'),
(261, 1, NULL, 2, 'AMGOORIE', 'BOP', 'C383', '2024-01-04', '4926-5210', 25, 30, 350, 311.00, 0.00, 0.00, 0.00, 'P'),
(262, 1, NULL, 2, 'AMGOORIE', 'BOP', 'C384', '2024-01-05', '4926-5211', 25, 30, 350, 311.00, 0.00, 0.00, 0.00, 'P'),
(263, 1, NULL, 2, 'AMGOORIE', 'BOP', 'C385', '2024-01-06', '4926-5212', 25, 30, 350, 311.00, 0.00, 0.00, 0.00, 'P'),
(264, 1, NULL, 2, 'AMGOORIE', 'BOP', 'C386', '2024-01-07', '4926-5213', 25, 30, 350, 311.00, 0.00, 0.00, 0.00, 'P'),
(265, 1, NULL, 2, 'AMGOORIE', 'BOP', 'C387', '2024-01-08', '4926-5214', 25, 30, 350, 311.00, 0.00, 0.00, 0.00, 'P'),
(266, 1, NULL, 2, 'AMGOORIE', 'BOP', 'C388', '2024-01-09', '4926-5215', 25, 30, 350, 311.00, 0.00, 0.00, 0.00, 'P'),
(267, 1, NULL, 2, 'AMGOORIE', 'BOP', 'C389', '2024-01-10', '4926-5216', 25, 30, 350, 311.00, 0.00, 0.00, 0.00, 'P'),
(268, 1, NULL, 2, 'AMGOORIE', 'BOP', 'C390', '2024-01-11', '4926-5217', 25, 30, 350, 311.00, 0.00, 0.00, 0.00, 'P'),
(269, 1, NULL, 2, 'AMGOORIE', 'BOP', 'C391', '2024-01-12', '4926-5218', 25, 30, 350, 311.00, 0.00, 0.00, 0.00, 'P'),
(270, 1, NULL, 2, 'AMGOORIE', 'BOP', 'C392', '2024-01-13', '4926-5219', 25, 30, 350, 311.00, 0.00, 0.00, 0.00, 'P'),
(271, 1, NULL, 2, 'AMGOORIE', 'BOP', 'C393', '2024-01-14', '4926-5220', 25, 30, 350, 311.00, 0.00, 0.00, 0.00, 'P'),
(272, 1, NULL, 2, 'AMGOORIE', 'BOP', 'C394', '2024-01-15', '4926-5221', 25, 30, 350, 311.00, 0.00, 0.00, 0.00, 'P'),
(273, 1, NULL, 2, 'AMGOORIE', 'BOP', 'C395', '2024-01-16', '4926-5222', 25, 30, 350, 311.00, 0.00, 0.00, 0.00, 'P'),
(274, 1, NULL, 2, 'AMGOORIE', 'BOP', 'C396', '2024-01-17', '4926-5223', 25, 30, 350, 311.00, 0.00, 0.00, 0.00, 'P'),
(275, 1, NULL, 2, 'AMGOORIE', 'BOP', 'C397', '2024-01-18', '4926-5224', 25, 30, 350, 311.00, 0.00, 0.00, 0.00, 'P'),
(276, 1, NULL, 2, 'AMGOORIE', 'BOP', 'C398', '2024-01-19', '4926-5225', 25, 30, 350, 311.00, 0.00, 0.00, 0.00, 'P'),
(277, 1, NULL, 2, 'AMGOORIE', 'BOP', 'C399', '2024-01-20', '4926-5226', 25, 30, 350, 311.00, 0.00, 0.00, 0.00, 'P'),
(278, 1, NULL, 2, 'AMGOORIE', 'BOP', 'C400', '2024-01-21', '4926-5227', 25, 30, 350, 311.00, 0.00, 0.00, 0.00, 'P'),
(279, 1, NULL, 2, 'AMGOORIE', 'BOP', 'C401', '2024-01-22', '4926-5228', 25, 30, 350, 311.00, 0.00, 0.00, 0.00, 'P'),
(280, 1, NULL, 2, 'AMGOORIE', 'BOP', 'C402', '2024-01-23', '4926-5229', 25, 30, 350, 311.00, 0.00, 0.00, 0.00, 'P'),
(281, 1, NULL, 2, 'AMGOORIE', 'BOP', 'C403', '2024-01-24', '4926-5230', 25, 30, 350, 311.00, 0.00, 0.00, 0.00, 'P'),
(282, 1, NULL, 2, 'AMGOORIE', 'BOP', 'C404', '2024-01-25', '4926-5231', 25, 30, 350, 311.00, 0.00, 0.00, 0.00, 'P'),
(283, 1, NULL, 2, 'AMGOORIE', 'BOP', 'C405', '2024-01-26', '4926-5232', 25, 30, 350, 311.00, 0.00, 0.00, 0.00, 'P'),
(284, 1, NULL, 2, 'AMGOORIE', 'BOP', 'C406', '2024-01-27', '4926-5233', 25, 30, 350, 311.00, 0.00, 0.00, 0.00, 'P'),
(285, 1, NULL, 2, 'AMGOORIE', 'BOP', 'C407', '2024-01-28', '4926-5234', 25, 30, 350, 311.00, 0.00, 0.00, 0.00, 'P'),
(286, 1, NULL, 2, 'AMGOORIE', 'BOP', 'C408', '2024-01-29', '4926-5235', 25, 30, 350, 311.00, 0.00, 0.00, 0.00, 'P'),
(287, 1, NULL, 2, 'AMGOORIE', 'BOP', 'C409', '2024-01-30', '4926-5236', 25, 30, 350, 311.00, 0.00, 0.00, 0.00, 'P'),
(288, 1, NULL, 2, 'AMGOORIE', 'BOP', 'C410', '2024-01-31', '4926-5237', 25, 30, 350, 311.00, 0.00, 0.00, 0.00, 'P'),
(289, 1, NULL, 2, 'AMGOORIE', 'BOP', 'C411', '2024-02-01', '4926-5238', 25, 30, 350, 311.00, 0.00, 0.00, 0.00, 'P'),
(290, 1, NULL, 2, 'AMGOORIE', 'BOP', 'C412', '2024-02-02', '4926-5239', 25, 30, 350, 311.00, 0.00, 0.00, 0.00, 'P'),
(291, 1, NULL, 2, 'AMGOORIE', 'BOP', 'C413', '2024-02-03', '4926-5240', 25, 30, 350, 311.00, 0.00, 0.00, 0.00, 'P'),
(292, 1, NULL, 2, 'AMGOORIE', 'BOP', 'C414', '2024-02-04', '4926-5241', 25, 30, 350, 311.00, 0.00, 0.00, 0.00, 'P'),
(293, 1, NULL, 2, 'AMGOORIE', 'BOP', 'C415', '2024-02-05', '4926-5242', 25, 30, 350, 311.00, 0.00, 0.00, 0.00, 'P'),
(294, 1, NULL, 2, 'AMGOORIE', 'BOP', 'C416', '2024-02-06', '4926-5243', 25, 30, 350, 311.00, 0.00, 0.00, 0.00, 'P'),
(295, 1, NULL, 2, 'AMGOORIE', 'BOP', 'C417', '2024-02-07', '4926-5244', 25, 30, 350, 311.00, 0.00, 0.00, 0.00, 'P'),
(296, 1, NULL, 2, 'AMGOORIE', 'BOP', 'C418', '2024-02-08', '4926-5245', 25, 30, 350, 311.00, 0.00, 0.00, 0.00, 'P'),
(297, 1, NULL, 2, 'AMGOORIE', 'BOP', 'C419', '2024-02-09', '4926-5246', 25, 30, 350, 311.00, 0.00, 0.00, 0.00, 'P'),
(298, 1, NULL, 2, 'AMGOORIE', 'BOP', 'C420', '2024-02-10', '4926-5247', 25, 30, 350, 311.00, 0.00, 0.00, 0.00, 'P'),
(299, 1, NULL, 2, 'AMGOORIE', 'BOP', 'C421', '2024-02-11', '4926-5248', 25, 30, 350, 311.00, 0.00, 0.00, 0.00, 'P'),
(300, 1, NULL, 2, 'AMGOORIE', 'BOP', 'C422', '2024-02-12', '4926-5249', 25, 30, 350, 311.00, 0.00, 0.00, 0.00, 'P'),
(301, 1, NULL, 2, 'AMGOORIE', 'BOP', 'C423', '2024-02-13', '4926-5250', 25, 30, 350, 311.00, 0.00, 0.00, 0.00, 'P'),
(302, 1, NULL, 2, 'AMGOORIE', 'BOP', 'C424', '2024-02-14', '4926-5251', 25, 30, 350, 311.00, 0.00, 0.00, 0.00, 'P'),
(303, 1, NULL, 2, 'AMGOORIE', 'BOP', 'C425', '2024-02-15', '4926-5252', 25, 30, 350, 311.00, 0.00, 0.00, 0.00, 'P'),
(304, 1, NULL, 2, 'AMGOORIE', 'BOP', 'C426', '2024-02-16', '4926-5253', 25, 30, 350, 311.00, 0.00, 0.00, 0.00, 'P'),
(305, 1, NULL, 2, 'AMGOORIE', 'BOP', 'C427', '2024-02-17', '4926-5254', 25, 30, 350, 311.00, 0.00, 0.00, 0.00, 'P'),
(306, 1, NULL, 2, 'AMGOORIE', 'BOP', 'C428', '2024-02-18', '4926-5255', 25, 30, 350, 311.00, 0.00, 0.00, 0.00, 'P'),
(307, 1, NULL, 2, 'AMGOORIE', 'BOP', 'C429', '2024-02-19', '4926-5256', 25, 30, 350, 311.00, 0.00, 0.00, 0.00, 'P'),
(308, 1, NULL, 2, 'AMGOORIE', 'BOP', 'C430', '2024-02-20', '4926-5257', 25, 30, 350, 311.00, 0.00, 0.00, 0.00, 'P'),
(309, 1, NULL, 2, 'AMGOORIE', 'BOP', 'C431', '2024-02-21', '4926-5258', 25, 30, 350, 311.00, 0.00, 0.00, 0.00, 'P'),
(310, 1, NULL, 2, 'AMGOORIE', 'BOP', 'C432', '2024-02-22', '4926-5259', 25, 30, 350, 311.00, 0.00, 0.00, 0.00, 'P'),
(311, 1, NULL, 2, 'AMGOORIE', 'BOP', 'C433', '2024-02-23', '4926-5260', 25, 30, 350, 311.00, 0.00, 0.00, 0.00, 'P'),
(312, 1, NULL, 2, 'AMGOORIE', 'BOP', 'C434', '2024-02-24', '4926-5261', 25, 30, 350, 311.00, 0.00, 0.00, 0.00, 'P'),
(313, 1, NULL, 2, 'AMGOORIE', 'BOP', 'C435', '2024-02-25', '4926-5262', 25, 30, 350, 311.00, 0.00, 0.00, 0.00, 'P'),
(314, 1, NULL, 2, 'AMGOORIE', 'BOP', 'C436', '2024-02-26', '4926-5263', 25, 30, 350, 311.00, 0.00, 0.00, 0.00, 'P'),
(315, 1, NULL, 2, 'AMGOORIE', 'BOP', 'C437', '2024-02-27', '4926-5264', 25, 30, 350, 311.00, 0.00, 0.00, 0.00, 'P'),
(316, 1, NULL, 2, 'AMGOORIE', 'BOP', 'C438', '2024-02-28', '4926-5265', 25, 30, 350, 311.00, 0.00, 0.00, 0.00, 'P'),
(317, 1, NULL, 2, 'AMGOORIE', 'BOP', 'C439', '2024-02-29', '4926-5266', 25, 30, 350, 311.00, 0.00, 0.00, 0.00, 'P'),
(318, 1, NULL, 2, 'AMGOORIE', 'BOP', 'C440', '2024-03-01', '4926-5267', 25, 30, 350, 311.00, 0.00, 0.00, 0.00, 'P'),
(319, 1, NULL, 2, 'AMGOORIE', 'BOP', 'C441', '2024-03-02', '4926-5268', 25, 30, 350, 311.00, 0.00, 0.00, 0.00, 'P'),
(320, 1, NULL, 2, 'AMGOORIE', 'BOP', 'C442', '2024-03-03', '4926-5269', 25, 30, 350, 311.00, 0.00, 0.00, 0.00, 'P'),
(321, 1, NULL, 2, 'AMGOORIE', 'BOP', 'C443', '2024-03-04', '4926-5270', 25, 30, 350, 311.00, 0.00, 0.00, 0.00, 'P'),
(322, 1, NULL, 2, 'AMGOORIE', 'BOP', 'C444', '2024-03-05', '4926-5271', 25, 30, 350, 311.00, 0.00, 0.00, 0.00, 'P'),
(323, 1, NULL, 2, 'AMGOORIE', 'BOP', 'C445', '2024-03-06', '4926-5272', 25, 30, 350, 311.00, 0.00, 0.00, 0.00, 'P'),
(324, 1, NULL, 2, 'AMGOORIE', 'BOP', 'C446', '2024-03-07', '4926-5273', 25, 30, 350, 311.00, 0.00, 0.00, 0.00, 'P'),
(325, 1, NULL, 2, 'AMGOORIE', 'BOP', 'C447', '2024-03-08', '4926-5274', 25, 30, 350, 311.00, 0.00, 0.00, 0.00, 'P'),
(326, 1, NULL, 2, 'AMGOORIE', 'BOP', 'C448', '2024-03-09', '4926-5275', 25, 30, 350, 311.00, 0.00, 0.00, 0.00, 'P'),
(327, 1, NULL, 2, 'AMGOORIE', 'BOP', 'C449', '2024-03-10', '4926-5276', 25, 30, 350, 311.00, 0.00, 0.00, 0.00, 'P'),
(328, 1, NULL, 2, 'AMGOORIE', 'BOP', 'C450', '2024-03-11', '4926-5277', 25, 30, 350, 311.00, 0.00, 0.00, 0.00, 'P'),
(329, 1, NULL, 2, 'AMGOORIE', 'BOP', 'C451', '2024-03-12', '4926-5278', 25, 30, 350, 311.00, 0.00, 0.00, 0.00, 'P'),
(330, 1, NULL, 2, 'AMGOORIE', 'BOP', 'C452', '2024-03-13', '4926-5279', 25, 30, 350, 311.00, 0.00, 0.00, 0.00, 'P'),
(331, 1, NULL, 2, 'AMGOORIE', 'BOP', 'C453', '2024-03-14', '4926-5280', 25, 30, 350, 311.00, 0.00, 0.00, 0.00, 'P'),
(332, 1, NULL, 2, 'AMGOORIE', 'BOP', 'C454', '2024-03-15', '4926-5281', 25, 30, 350, 311.00, 0.00, 0.00, 0.00, 'P'),
(333, 1, NULL, 2, 'AMGOORIE', 'BOP', 'C455', '2024-03-16', '4926-5282', 25, 30, 350, 311.00, 0.00, 0.00, 0.00, 'P'),
(334, 1, NULL, 2, 'AMGOORIE', 'BOP', 'C456', '2024-03-17', '4926-5283', 25, 30, 350, 311.00, 0.00, 0.00, 0.00, 'P'),
(335, 1, NULL, 2, 'AMGOORIE', 'BOP', 'C457', '2024-03-18', '4926-5284', 25, 30, 350, 311.00, 0.00, 0.00, 0.00, 'P'),
(336, 1, NULL, 2, 'AMGOORIE', 'BOP', 'C458', '2024-03-19', '4926-5285', 25, 30, 350, 311.00, 0.00, 0.00, 0.00, 'P'),
(337, 1, NULL, 2, 'AMGOORIE', 'BOP', 'C459', '2024-03-20', '4926-5286', 25, 30, 350, 311.00, 0.00, 0.00, 0.00, 'P'),
(338, 1, NULL, 2, 'AMGOORIE', 'BOP', 'C460', '2024-03-21', '4926-5287', 25, 30, 350, 311.00, 0.00, 0.00, 0.00, 'P'),
(339, 1, NULL, 2, 'AMGOORIE', 'BOP', 'C461', '2024-03-22', '4926-5288', 25, 30, 350, 311.00, 0.00, 0.00, 0.00, 'P'),
(340, 1, NULL, 2, 'AMGOORIE', 'BOP', 'C462', '2024-03-23', '4926-5289', 25, 30, 350, 311.00, 0.00, 0.00, 0.00, 'P'),
(341, 1, NULL, 2, 'AMGOORIE', 'BOP', 'C463', '2024-03-24', '4926-5290', 25, 30, 350, 311.00, 0.00, 0.00, 0.00, 'P'),
(342, 1, NULL, 2, 'AMGOORIE', 'BOP', 'C464', '2024-03-25', '4926-5291', 25, 30, 350, 311.00, 0.00, 0.00, 0.00, 'P'),
(343, 1, NULL, 2, 'AMGOORIE', 'BOP', 'C465', '2024-03-26', '4926-5292', 25, 30, 350, 311.00, 0.00, 0.00, 0.00, 'P'),
(344, 1, NULL, 2, 'AMGOORIE', 'BOP', 'C466', '2024-03-27', '4926-5293', 25, 30, 350, 311.00, 0.00, 0.00, 0.00, 'P'),
(345, 1, NULL, 2, 'AMGOORIE', 'BOP', 'C467', '2024-03-28', '4926-5294', 25, 30, 350, 311.00, 0.00, 0.00, 0.00, 'P'),
(346, 1, NULL, 2, 'AMGOORIE', 'BOP', 'C468', '2024-03-29', '4926-5295', 25, 30, 350, 311.00, 0.00, 0.00, 0.00, 'P'),
(347, 1, NULL, 2, 'AMGOORIE', 'BOP', 'C469', '2024-03-30', '4926-5296', 25, 30, 350, 311.00, 0.00, 0.00, 0.00, 'P'),
(348, 1, NULL, 2, 'AMGOORIE', 'BOP', 'C470', '2024-03-31', '4926-5297', 25, 30, 350, 311.00, 0.00, 0.00, 0.00, 'P'),
(349, 1, NULL, 2, 'AMGOORIE', 'BOP', 'C471', '2024-04-01', '4926-5298', 25, 30, 350, 311.00, 0.00, 0.00, 0.00, 'P'),
(350, 1, NULL, 2, 'AMGOORIE', 'BOP', 'C472', '2024-04-02', '4926-5299', 25, 30, 350, 311.00, 0.00, 0.00, 0.00, 'P'),
(351, 1, NULL, 2, 'AMGOORIE', 'BOP', 'C473', '2024-04-03', '4926-5300', 25, 30, 350, 311.00, 0.00, 0.00, 0.00, 'P'),
(352, 1, NULL, 2, 'AMGOORIE', 'BOP', 'C474', '2024-04-04', '4926-5301', 25, 30, 350, 311.00, 0.00, 0.00, 0.00, 'P'),
(353, 1, NULL, 2, 'AMGOORIE', 'BOP', 'C475', '2024-04-05', '4926-5302', 25, 30, 350, 311.00, 0.00, 0.00, 0.00, 'P'),
(354, 1, NULL, 2, 'AMGOORIE', 'BOP', 'C476', '2024-04-06', '4926-5303', 25, 30, 350, 311.00, 0.00, 0.00, 0.00, 'P'),
(355, 1, NULL, 2, 'AMGOORIE', 'BOP', 'C477', '2024-04-07', '4926-5304', 25, 30, 350, 311.00, 0.00, 0.00, 0.00, 'P'),
(356, 1, NULL, 2, 'AMGOORIE', 'BOP', 'C478', '2024-04-08', '4926-5305', 25, 30, 350, 311.00, 0.00, 0.00, 0.00, 'P'),
(357, 1, NULL, 2, 'AMGOORIE', 'BOP', 'C479', '2024-04-09', '4926-5306', 25, 30, 350, 311.00, 0.00, 0.00, 0.00, 'P'),
(358, 1, NULL, 2, 'AMGOORIE', 'BOP', 'C480', '2024-04-10', '4926-5307', 25, 30, 350, 311.00, 0.00, 0.00, 0.00, 'P'),
(359, 1, NULL, 2, 'AMGOORIE', 'BOP', 'C481', '2024-04-11', '4926-5308', 25, 30, 350, 311.00, 0.00, 0.00, 0.00, 'P'),
(360, 1, NULL, 2, 'AMGOORIE', 'BOP', 'C482', '2024-04-12', '4926-5309', 25, 30, 350, 311.00, 0.00, 0.00, 0.00, 'P'),
(361, 1, NULL, 2, 'AMGOORIE', 'BOP', 'C483', '2024-04-13', '4926-5310', 25, 30, 350, 311.00, 0.00, 0.00, 0.00, 'P'),
(362, 1, NULL, 2, 'AMGOORIE', 'BOP', 'C484', '2024-04-14', '4926-5311', 25, 30, 350, 311.00, 0.00, 0.00, 0.00, 'P'),
(363, 1, NULL, 2, 'AMGOORIE', 'BOP', 'C485', '2024-04-15', '4926-5312', 25, 30, 350, 311.00, 0.00, 0.00, 0.00, 'P'),
(364, 1, NULL, 2, 'AMGOORIE', 'BOP', 'C486', '2024-04-16', '4926-5313', 25, 30, 350, 311.00, 0.00, 0.00, 0.00, 'P'),
(365, 1, NULL, 2, 'AMGOORIE', 'BOP', 'C487', '2024-04-17', '4926-5314', 25, 30, 350, 311.00, 0.00, 0.00, 0.00, 'P'),
(366, 1, NULL, 2, 'AMGOORIE', 'BOP', 'C488', '2024-04-18', '4926-5315', 25, 30, 350, 311.00, 0.00, 0.00, 0.00, 'P'),
(367, 1, NULL, 2, 'AMGOORIE', 'BOP', 'C489', '2024-04-19', '4926-5316', 25, 30, 350, 311.00, 0.00, 0.00, 0.00, 'P'),
(368, 1, NULL, 2, 'AMGOORIE', 'BOP', 'C490', '2024-04-20', '4926-5317', 25, 30, 350, 311.00, 0.00, 0.00, 0.00, 'P'),
(369, 1, NULL, 2, 'AMGOORIE', 'BOP', 'C491', '2024-04-21', '4926-5318', 25, 30, 350, 311.00, 0.00, 0.00, 0.00, 'P'),
(370, 1, NULL, 2, 'AMGOORIE', 'BOP', 'C492', '2024-04-22', '4926-5319', 25, 30, 350, 311.00, 0.00, 0.00, 0.00, 'P'),
(371, 1, NULL, 2, 'AMGOORIE', 'BOP', 'C493', '2024-04-23', '4926-5320', 25, 30, 350, 311.00, 0.00, 0.00, 0.00, 'P'),
(372, 1, NULL, 2, 'AMGOORIE', 'BOP', 'C494', '2024-04-24', '4926-5321', 25, 30, 350, 311.00, 0.00, 0.00, 0.00, 'P'),
(373, 1, NULL, 2, 'AMGOORIE', 'BOP', 'C495', '2024-04-25', '4926-5322', 25, 30, 350, 311.00, 0.00, 0.00, 0.00, 'P'),
(374, 1, NULL, 2, 'AMGOORIE', 'BOP', 'C496', '2024-04-26', '4926-5323', 25, 30, 350, 311.00, 0.00, 0.00, 0.00, 'P'),
(375, 1, NULL, 2, 'AMGOORIE', 'BOP', 'C497', '2024-04-27', '4926-5324', 25, 30, 350, 311.00, 0.00, 0.00, 0.00, 'P'),
(376, 1, NULL, 2, 'AMGOORIE', 'BOP', 'C498', '2024-04-28', '4926-5325', 25, 30, 350, 311.00, 0.00, 0.00, 0.00, 'P'),
(377, 1, NULL, 2, 'AMGOORIE', 'BOP', 'C499', '2024-04-29', '4926-5326', 25, 30, 350, 311.00, 0.00, 0.00, 0.00, 'P'),
(378, 1, NULL, 2, 'AMGOORIE', 'BOP', 'C500', '2024-04-30', '4926-5327', 25, 30, 350, 311.00, 0.00, 0.00, 0.00, 'P'),
(379, 1, NULL, 2, 'AMGOORIE', 'BOP', 'C501', '2024-05-01', '4926-5328', 25, 30, 350, 311.00, 0.00, 0.00, 0.00, 'P'),
(380, 1, NULL, 2, 'AMGOORIE', 'BOP', 'C502', '2024-05-02', '4926-5329', 25, 30, 350, 311.00, 0.00, 0.00, 0.00, 'P'),
(381, 1, NULL, 2, 'AMGOORIE', 'BOP', 'C503', '2024-05-03', '4926-5330', 25, 30, 350, 311.00, 0.00, 0.00, 0.00, 'P'),
(382, 1, NULL, 2, 'AMGOORIE', 'BOP', 'C504', '2024-05-04', '4926-5331', 25, 30, 350, 311.00, 0.00, 0.00, 0.00, 'P'),
(383, 1, NULL, 2, 'AMGOORIE', 'BOP', 'C505', '2024-05-05', '4926-5332', 25, 30, 350, 311.00, 0.00, 0.00, 0.00, 'P'),
(384, 1, NULL, 2, 'AMGOORIE', 'BOP', 'C506', '2024-05-06', '4926-5333', 25, 30, 350, 311.00, 0.00, 0.00, 0.00, 'P'),
(385, 1, NULL, 2, 'AMGOORIE', 'BOP', 'C507', '2024-05-07', '4926-5334', 25, 30, 350, 311.00, 0.00, 0.00, 0.00, 'P'),
(386, 1, NULL, 2, 'AMGOORIE', 'BOP', 'C508', '2024-05-08', '4926-5335', 25, 30, 350, 311.00, 0.00, 0.00, 0.00, 'P'),
(387, 1, NULL, 2, 'AMGOORIE', 'BOP', 'C509', '2024-05-09', '4926-5336', 25, 30, 350, 311.00, 0.00, 0.00, 0.00, 'P'),
(388, 1, NULL, 2, 'AMGOORIE', 'BOP', 'C510', '2024-05-10', '4926-5337', 25, 30, 350, 311.00, 0.00, 0.00, 0.00, 'P'),
(389, 1, NULL, 2, 'AMGOORIE', 'BOP', 'C511', '2024-05-11', '4926-5338', 25, 30, 350, 311.00, 0.00, 0.00, 0.00, 'P'),
(390, 1, NULL, 2, 'AMGOORIE', 'BOP', 'C512', '2024-05-12', '4926-5339', 25, 30, 350, 311.00, 0.00, 0.00, 0.00, 'P'),
(391, 1, NULL, 2, 'AMGOORIE', 'BOP', 'C513', '2024-05-13', '4926-5340', 25, 30, 350, 311.00, 0.00, 0.00, 0.00, 'P'),
(392, 1, NULL, 2, 'AMGOORIE', 'BOP', 'C514', '2024-05-14', '4926-5341', 25, 30, 350, 311.00, 0.00, 0.00, 0.00, 'P'),
(393, 1, NULL, 2, 'AMGOORIE', 'BOP', 'C515', '2024-05-15', '4926-5342', 25, 30, 350, 311.00, 0.00, 0.00, 0.00, 'P'),
(394, 1, NULL, 2, 'AMGOORIE', 'BOP', 'C516', '2024-05-16', '4926-5343', 25, 30, 350, 311.00, 0.00, 0.00, 0.00, 'P'),
(395, 1, NULL, 2, 'AMGOORIE', 'BOP', 'C517', '2024-05-17', '4926-5344', 25, 30, 350, 311.00, 0.00, 0.00, 0.00, 'P'),
(396, 1, NULL, 2, 'AMGOORIE', 'BOP', 'C518', '2024-05-18', '4926-5345', 25, 30, 350, 311.00, 0.00, 0.00, 0.00, 'P'),
(397, 1, NULL, 2, 'AMGOORIE', 'BOP', 'C519', '2024-05-19', '4926-5346', 25, 30, 350, 311.00, 0.00, 0.00, 0.00, 'P'),
(398, 1, NULL, 2, 'AMGOORIE', 'BOP', 'C520', '2024-05-20', '4926-5347', 25, 30, 350, 311.00, 0.00, 0.00, 0.00, 'P'),
(399, 1, NULL, 2, 'AMGOORIE', 'BOP', 'C521', '2024-05-21', '4926-5348', 25, 30, 350, 311.00, 0.00, 0.00, 0.00, 'P'),
(400, 1, NULL, 2, 'AMGOORIE', 'BOP', 'C522', '2024-05-22', '4926-5349', 25, 30, 350, 311.00, 0.00, 0.00, 0.00, 'P'),
(401, 1, NULL, 2, 'AMGOORIE', 'BOP', 'C523', '2024-05-23', '4926-5350', 25, 30, 350, 311.00, 0.00, 0.00, 0.00, 'P'),
(402, 1, NULL, 2, 'AMGOORIE', 'BOP', 'C524', '2024-05-24', '4926-5351', 25, 30, 350, 311.00, 0.00, 0.00, 0.00, 'P'),
(403, 1, NULL, 2, 'AMGOORIE', 'BOP', 'C525', '2024-05-25', '4926-5352', 25, 30, 350, 311.00, 0.00, 0.00, 0.00, 'P'),
(404, 1, NULL, 2, 'AMGOORIE', 'BOP', 'C526', '2024-05-26', '4926-5353', 25, 30, 350, 311.00, 0.00, 0.00, 0.00, 'P'),
(405, 1, NULL, 2, 'AMGOORIE', 'BOP', 'C527', '2024-05-27', '4926-5354', 25, 30, 350, 311.00, 0.00, 0.00, 0.00, 'P'),
(406, 1, NULL, 2, 'AMGOORIE', 'BOP', 'C528', '2024-05-28', '4926-5355', 25, 30, 350, 311.00, 0.00, 0.00, 0.00, 'P'),
(407, 1, NULL, 2, 'AMGOORIE', 'BOP', 'C529', '2024-05-29', '4926-5356', 25, 30, 350, 311.00, 0.00, 0.00, 0.00, 'P'),
(408, 2, NULL, 1, 'AMGOORIE', 'BOP', 'C158', '2023-05-06', '6366-6395', 25, 30, 350, 340.00, 0.00, 0.00, 0.00, 'P'),
(412, 2, NULL, 1, 'AMGOORIE', 'BOP', 'C158', '2023-05-06', '6366-6395', 25, 30, 350, 340.00, 0.00, 0.00, 0.00, 'P'),
(413, 2, NULL, 2, 'AMGOORIE', 'BOP', 'C128', '2023-04-24', '4926-4955', 25, 30, 350, 311.00, 0.00, 0.00, 0.00, 'P'),
(414, 2, NULL, 2, 'AMGOORIE', 'BOP', 'C129', '2023-04-25', '4926-4956', 25, 30, 350, 311.00, 0.00, 0.00, 0.00, 'P'),
(415, 2, NULL, 2, 'AMGOORIE', 'BOP', 'C130', '2023-04-26', '4926-4957', 25, 30, 350, 311.00, 0.00, 0.00, 0.00, 'P'),
(416, 2, NULL, 2, 'AMGOORIE', 'BOP', 'C131', '2023-04-27', '4926-4958', 25, 30, 350, 311.00, 0.00, 0.00, 0.00, 'P'),
(417, 2, NULL, 2, 'AMGOORIE', 'BOP', 'C132', '2023-04-28', '4926-4959', 25, 30, 350, 311.00, 0.00, 0.00, 0.00, 'P'),
(418, 2, NULL, 2, 'AMGOORIE', 'BOP', 'C133', '2023-04-29', '4926-4960', 25, 30, 350, 311.00, 0.00, 0.00, 0.00, 'P'),
(419, 2, NULL, 2, 'AMGOORIE', 'BOP', 'C134', '2023-04-30', '4926-4961', 25, 30, 350, 311.00, 0.00, 0.00, 0.00, 'P'),
(420, 2, NULL, 2, 'AMGOORIE', 'BOP', 'C135', '2023-05-01', '4926-4962', 25, 30, 350, 311.00, 0.00, 0.00, 0.00, 'P'),
(421, 2, NULL, 2, 'AMGOORIE', 'BOP', 'C136', '2023-05-02', '4926-4963', 25, 30, 350, 311.00, 0.00, 0.00, 0.00, 'P'),
(422, 2, NULL, 2, 'AMGOORIE', 'BOP', 'C137', '2023-05-03', '4926-4964', 25, 30, 350, 311.00, 0.00, 0.00, 0.00, 'P'),
(423, 2, NULL, 2, 'AMGOORIE', 'BOP', 'C138', '2023-05-04', '4926-4965', 25, 30, 350, 311.00, 0.00, 0.00, 0.00, 'P'),
(424, 2, NULL, 2, 'AMGOORIE', 'BOP', 'C139', '2023-05-05', '4926-4966', 25, 30, 350, 311.00, 0.00, 0.00, 0.00, 'P'),
(425, 2, NULL, 2, 'AMGOORIE', 'BOP', 'C140', '2023-05-06', '4926-4967', 25, 30, 350, 311.00, 0.00, 0.00, 0.00, 'P'),
(426, 2, NULL, 2, 'AMGOORIE', 'BOP', 'C141', '2023-05-07', '4926-4968', 25, 30, 350, 311.00, 0.00, 0.00, 0.00, 'P'),
(427, 2, NULL, 2, 'AMGOORIE', 'BOP', 'C142', '2023-05-08', '4926-4969', 25, 30, 350, 311.00, 0.00, 0.00, 0.00, 'P'),
(428, 2, NULL, 2, 'AMGOORIE', 'BOP', 'C143', '2023-05-09', '4926-4970', 25, 30, 350, 311.00, 0.00, 0.00, 0.00, 'P'),
(429, 2, NULL, 2, 'AMGOORIE', 'BOP', 'C144', '2023-05-10', '4926-4971', 25, 30, 350, 311.00, 0.00, 0.00, 0.00, 'P'),
(430, 2, NULL, 2, 'AMGOORIE', 'BOP', 'C145', '2023-05-11', '4926-4972', 25, 30, 350, 311.00, 0.00, 0.00, 0.00, 'P'),
(431, 2, NULL, 2, 'AMGOORIE', 'BOP', 'C146', '2023-05-12', '4926-4973', 25, 30, 350, 311.00, 0.00, 0.00, 0.00, 'P'),
(432, 2, NULL, 2, 'AMGOORIE', 'BOP', 'C147', '2023-05-13', '4926-4974', 25, 30, 350, 311.00, 0.00, 0.00, 0.00, 'P'),
(433, 2, NULL, 2, 'AMGOORIE', 'BOP', 'C148', '2023-05-14', '4926-4975', 25, 30, 350, 311.00, 0.00, 0.00, 0.00, 'P'),
(434, 2, NULL, 2, 'AMGOORIE', 'BOP', 'C149', '2023-05-15', '4926-4976', 25, 30, 350, 311.00, 0.00, 0.00, 0.00, 'P'),
(435, 2, NULL, 2, 'AMGOORIE', 'BOP', 'C150', '2023-05-16', '4926-4977', 25, 30, 350, 311.00, 0.00, 0.00, 0.00, 'P'),
(436, 2, NULL, 2, 'AMGOORIE', 'BOP', 'C151', '2023-05-17', '4926-4978', 25, 30, 350, 311.00, 0.00, 0.00, 0.00, 'P');
INSERT INTO `auction_dtl` (`acd_id`, `auc_id`, `jap_id`, `lot_no`, `garden_nm`, `grade`, `invoice_no`, `gp_date`, `chest`, `net`, `pkgs`, `valu_kg`, `base_price`, `msp`, `bid_price`, `bidder_id`, `auc_status`) VALUES
(437, 2, NULL, 2, 'AMGOORIE', 'BOP', 'C152', '2023-05-18', '4926-4979', 25, 30, 350, 311.00, 0.00, 0.00, 0.00, 'P'),
(438, 2, NULL, 2, 'AMGOORIE', 'BOP', 'C153', '2023-05-19', '4926-4980', 25, 30, 350, 311.00, 0.00, 0.00, 0.00, 'P'),
(439, 2, NULL, 2, 'AMGOORIE', 'BOP', 'C154', '2023-05-20', '4926-4981', 25, 30, 350, 311.00, 0.00, 0.00, 0.00, 'P'),
(440, 2, NULL, 2, 'AMGOORIE', 'BOP', 'C155', '2023-05-21', '4926-4982', 25, 30, 350, 311.00, 0.00, 0.00, 0.00, 'P'),
(441, 2, NULL, 2, 'AMGOORIE', 'BOP', 'C156', '2023-05-22', '4926-4983', 25, 30, 350, 311.00, 0.00, 0.00, 0.00, 'P'),
(442, 2, NULL, 2, 'AMGOORIE', 'BOP', 'C157', '2023-05-23', '4926-4984', 25, 30, 350, 311.00, 0.00, 0.00, 0.00, 'P'),
(443, 2, NULL, 2, 'AMGOORIE', 'BOP', 'C158', '2023-05-24', '4926-4985', 25, 30, 350, 311.00, 0.00, 0.00, 0.00, 'P'),
(444, 2, NULL, 2, 'AMGOORIE', 'BOP', 'C159', '2023-05-25', '4926-4986', 25, 30, 350, 311.00, 0.00, 0.00, 0.00, 'P'),
(445, 2, NULL, 2, 'AMGOORIE', 'BOP', 'C160', '2023-05-26', '4926-4987', 25, 30, 350, 311.00, 0.00, 0.00, 0.00, 'P'),
(446, 2, NULL, 2, 'AMGOORIE', 'BOP', 'C161', '2023-05-27', '4926-4988', 25, 30, 350, 311.00, 0.00, 0.00, 0.00, 'P'),
(447, 2, NULL, 2, 'AMGOORIE', 'BOP', 'C162', '2023-05-28', '4926-4989', 25, 30, 350, 311.00, 0.00, 0.00, 0.00, 'P'),
(448, 2, NULL, 2, 'AMGOORIE', 'BOP', 'C163', '2023-05-29', '4926-4990', 25, 30, 350, 311.00, 0.00, 0.00, 0.00, 'P'),
(449, 2, NULL, 2, 'AMGOORIE', 'BOP', 'C164', '2023-05-30', '4926-4991', 25, 30, 350, 311.00, 0.00, 0.00, 0.00, 'P'),
(450, 2, NULL, 2, 'AMGOORIE', 'BOP', 'C165', '2023-05-31', '4926-4992', 25, 30, 350, 311.00, 0.00, 0.00, 0.00, 'P'),
(451, 2, NULL, 2, 'AMGOORIE', 'BOP', 'C166', '2023-06-01', '4926-4993', 25, 30, 350, 311.00, 0.00, 0.00, 0.00, 'P'),
(452, 2, NULL, 2, 'AMGOORIE', 'BOP', 'C167', '2023-06-02', '4926-4994', 25, 30, 350, 311.00, 0.00, 0.00, 0.00, 'P'),
(453, 2, NULL, 2, 'AMGOORIE', 'BOP', 'C168', '2023-06-03', '4926-4995', 25, 30, 350, 311.00, 0.00, 0.00, 0.00, 'P'),
(454, 2, NULL, 2, 'AMGOORIE', 'BOP', 'C169', '2023-06-04', '4926-4996', 25, 30, 350, 311.00, 0.00, 0.00, 0.00, 'P'),
(455, 2, NULL, 2, 'AMGOORIE', 'BOP', 'C170', '2023-06-05', '4926-4997', 25, 30, 350, 311.00, 0.00, 0.00, 0.00, 'P'),
(456, 2, NULL, 2, 'AMGOORIE', 'BOP', 'C171', '2023-06-06', '4926-4998', 25, 30, 350, 311.00, 0.00, 0.00, 0.00, 'P'),
(457, 2, NULL, 2, 'AMGOORIE', 'BOP', 'C172', '2023-06-07', '4926-4999', 25, 30, 350, 311.00, 0.00, 0.00, 0.00, 'P'),
(458, 2, NULL, 2, 'AMGOORIE', 'BOP', 'C173', '2023-06-08', '4926-5000', 25, 30, 350, 311.00, 0.00, 0.00, 0.00, 'P'),
(459, 2, NULL, 2, 'AMGOORIE', 'BOP', 'C174', '2023-06-09', '4926-5001', 25, 30, 350, 311.00, 0.00, 0.00, 0.00, 'P'),
(460, 2, NULL, 2, 'AMGOORIE', 'BOP', 'C175', '2023-06-10', '4926-5002', 25, 30, 350, 311.00, 0.00, 0.00, 0.00, 'P'),
(461, 2, NULL, 2, 'AMGOORIE', 'BOP', 'C176', '2023-06-11', '4926-5003', 25, 30, 350, 311.00, 0.00, 0.00, 0.00, 'P'),
(462, 2, NULL, 2, 'AMGOORIE', 'BOP', 'C177', '2023-06-12', '4926-5004', 25, 30, 350, 311.00, 0.00, 0.00, 0.00, 'P'),
(463, 2, NULL, 2, 'AMGOORIE', 'BOP', 'C178', '2023-06-13', '4926-5005', 25, 30, 350, 311.00, 0.00, 0.00, 0.00, 'P'),
(464, 2, NULL, 2, 'AMGOORIE', 'BOP', 'C179', '2023-06-14', '4926-5006', 25, 30, 350, 311.00, 0.00, 0.00, 0.00, 'P'),
(465, 2, NULL, 2, 'AMGOORIE', 'BOP', 'C180', '2023-06-15', '4926-5007', 25, 30, 350, 311.00, 0.00, 0.00, 0.00, 'P'),
(466, 2, NULL, 2, 'AMGOORIE', 'BOP', 'C181', '2023-06-16', '4926-5008', 25, 30, 350, 311.00, 0.00, 0.00, 0.00, 'P'),
(467, 2, NULL, 2, 'AMGOORIE', 'BOP', 'C182', '2023-06-17', '4926-5009', 25, 30, 350, 311.00, 0.00, 0.00, 0.00, 'P'),
(468, 2, NULL, 2, 'AMGOORIE', 'BOP', 'C183', '2023-06-18', '4926-5010', 25, 30, 350, 311.00, 0.00, 0.00, 0.00, 'P'),
(469, 2, NULL, 2, 'AMGOORIE', 'BOP', 'C184', '2023-06-19', '4926-5011', 25, 30, 350, 311.00, 0.00, 0.00, 0.00, 'P'),
(470, 2, NULL, 2, 'AMGOORIE', 'BOP', 'C185', '2023-06-20', '4926-5012', 25, 30, 350, 311.00, 0.00, 0.00, 0.00, 'P'),
(471, 2, NULL, 2, 'AMGOORIE', 'BOP', 'C186', '2023-06-21', '4926-5013', 25, 30, 350, 311.00, 0.00, 0.00, 0.00, 'P'),
(472, 2, NULL, 2, 'AMGOORIE', 'BOP', 'C187', '2023-06-22', '4926-5014', 25, 30, 350, 311.00, 0.00, 0.00, 0.00, 'P'),
(473, 2, NULL, 2, 'AMGOORIE', 'BOP', 'C188', '2023-06-23', '4926-5015', 25, 30, 350, 311.00, 0.00, 0.00, 0.00, 'P'),
(474, 2, NULL, 2, 'AMGOORIE', 'BOP', 'C189', '2023-06-24', '4926-5016', 25, 30, 350, 311.00, 0.00, 0.00, 0.00, 'P'),
(475, 2, NULL, 2, 'AMGOORIE', 'BOP', 'C190', '2023-06-25', '4926-5017', 25, 30, 350, 311.00, 0.00, 0.00, 0.00, 'P'),
(476, 2, NULL, 2, 'AMGOORIE', 'BOP', 'C191', '2023-06-26', '4926-5018', 25, 30, 350, 311.00, 0.00, 0.00, 0.00, 'P'),
(477, 2, NULL, 2, 'AMGOORIE', 'BOP', 'C192', '2023-06-27', '4926-5019', 25, 30, 350, 311.00, 0.00, 0.00, 0.00, 'P'),
(478, 2, NULL, 2, 'AMGOORIE', 'BOP', 'C193', '2023-06-28', '4926-5020', 25, 30, 350, 311.00, 0.00, 0.00, 0.00, 'P'),
(479, 2, NULL, 2, 'AMGOORIE', 'BOP', 'C194', '2023-06-29', '4926-5021', 25, 30, 350, 311.00, 0.00, 0.00, 0.00, 'P'),
(480, 2, NULL, 2, 'AMGOORIE', 'BOP', 'C195', '2023-06-30', '4926-5022', 25, 30, 350, 311.00, 0.00, 0.00, 0.00, 'P'),
(481, 2, NULL, 2, 'AMGOORIE', 'BOP', 'C196', '2023-07-01', '4926-5023', 25, 30, 350, 311.00, 0.00, 0.00, 0.00, 'P'),
(482, 2, NULL, 2, 'AMGOORIE', 'BOP', 'C197', '2023-07-02', '4926-5024', 25, 30, 350, 311.00, 0.00, 0.00, 0.00, 'P'),
(483, 2, NULL, 2, 'AMGOORIE', 'BOP', 'C198', '2023-07-03', '4926-5025', 25, 30, 350, 311.00, 0.00, 0.00, 0.00, 'P'),
(484, 2, NULL, 2, 'AMGOORIE', 'BOP', 'C199', '2023-07-04', '4926-5026', 25, 30, 350, 311.00, 0.00, 0.00, 0.00, 'P'),
(485, 2, NULL, 2, 'AMGOORIE', 'BOP', 'C200', '2023-07-05', '4926-5027', 25, 30, 350, 311.00, 0.00, 0.00, 0.00, 'P'),
(486, 2, NULL, 2, 'AMGOORIE', 'BOP', 'C201', '2023-07-06', '4926-5028', 25, 30, 350, 311.00, 0.00, 0.00, 0.00, 'P'),
(487, 2, NULL, 2, 'AMGOORIE', 'BOP', 'C202', '2023-07-07', '4926-5029', 25, 30, 350, 311.00, 0.00, 0.00, 0.00, 'P'),
(488, 2, NULL, 2, 'AMGOORIE', 'BOP', 'C203', '2023-07-08', '4926-5030', 25, 30, 350, 311.00, 0.00, 0.00, 0.00, 'P'),
(489, 2, NULL, 2, 'AMGOORIE', 'BOP', 'C204', '2023-07-09', '4926-5031', 25, 30, 350, 311.00, 0.00, 0.00, 0.00, 'P'),
(490, 2, NULL, 2, 'AMGOORIE', 'BOP', 'C205', '2023-07-10', '4926-5032', 25, 30, 350, 311.00, 0.00, 0.00, 0.00, 'P'),
(491, 2, NULL, 2, 'AMGOORIE', 'BOP', 'C206', '2023-07-11', '4926-5033', 25, 30, 350, 311.00, 0.00, 0.00, 0.00, 'P'),
(492, 2, NULL, 2, 'AMGOORIE', 'BOP', 'C207', '2023-07-12', '4926-5034', 25, 30, 350, 311.00, 0.00, 0.00, 0.00, 'P'),
(493, 2, NULL, 2, 'AMGOORIE', 'BOP', 'C208', '2023-07-13', '4926-5035', 25, 30, 350, 311.00, 0.00, 0.00, 0.00, 'P'),
(494, 2, NULL, 2, 'AMGOORIE', 'BOP', 'C209', '2023-07-14', '4926-5036', 25, 30, 350, 311.00, 0.00, 0.00, 0.00, 'P'),
(495, 2, NULL, 2, 'AMGOORIE', 'BOP', 'C210', '2023-07-15', '4926-5037', 25, 30, 350, 311.00, 0.00, 0.00, 0.00, 'P'),
(496, 2, NULL, 2, 'AMGOORIE', 'BOP', 'C211', '2023-07-16', '4926-5038', 25, 30, 350, 311.00, 0.00, 0.00, 0.00, 'P'),
(497, 2, NULL, 2, 'AMGOORIE', 'BOP', 'C212', '2023-07-17', '4926-5039', 25, 30, 350, 311.00, 0.00, 0.00, 0.00, 'P'),
(498, 2, NULL, 2, 'AMGOORIE', 'BOP', 'C213', '2023-07-18', '4926-5040', 25, 30, 350, 311.00, 0.00, 0.00, 0.00, 'P'),
(499, 2, NULL, 2, 'AMGOORIE', 'BOP', 'C214', '2023-07-19', '4926-5041', 25, 30, 350, 311.00, 0.00, 0.00, 0.00, 'P'),
(500, 2, NULL, 2, 'AMGOORIE', 'BOP', 'C215', '2023-07-20', '4926-5042', 25, 30, 350, 311.00, 0.00, 0.00, 0.00, 'P'),
(501, 2, NULL, 2, 'AMGOORIE', 'BOP', 'C216', '2023-07-21', '4926-5043', 25, 30, 350, 311.00, 0.00, 0.00, 0.00, 'P'),
(502, 2, NULL, 2, 'AMGOORIE', 'BOP', 'C217', '2023-07-22', '4926-5044', 25, 30, 350, 311.00, 0.00, 0.00, 0.00, 'P'),
(503, 2, NULL, 2, 'AMGOORIE', 'BOP', 'C218', '2023-07-23', '4926-5045', 25, 30, 350, 311.00, 0.00, 0.00, 0.00, 'P'),
(504, 2, NULL, 2, 'AMGOORIE', 'BOP', 'C219', '2023-07-24', '4926-5046', 25, 30, 350, 311.00, 0.00, 0.00, 0.00, 'P'),
(505, 2, NULL, 2, 'AMGOORIE', 'BOP', 'C220', '2023-07-25', '4926-5047', 25, 30, 350, 311.00, 0.00, 0.00, 0.00, 'P'),
(506, 2, NULL, 2, 'AMGOORIE', 'BOP', 'C221', '2023-07-26', '4926-5048', 25, 30, 350, 311.00, 0.00, 0.00, 0.00, 'P'),
(507, 2, NULL, 2, 'AMGOORIE', 'BOP', 'C222', '2023-07-27', '4926-5049', 25, 30, 350, 311.00, 0.00, 0.00, 0.00, 'P'),
(508, 2, NULL, 2, 'AMGOORIE', 'BOP', 'C223', '2023-07-28', '4926-5050', 25, 30, 350, 311.00, 0.00, 0.00, 0.00, 'P'),
(509, 2, NULL, 2, 'AMGOORIE', 'BOP', 'C224', '2023-07-29', '4926-5051', 25, 30, 350, 311.00, 0.00, 0.00, 0.00, 'P'),
(510, 2, NULL, 2, 'AMGOORIE', 'BOP', 'C225', '2023-07-30', '4926-5052', 25, 30, 350, 311.00, 0.00, 0.00, 0.00, 'P'),
(511, 2, NULL, 2, 'AMGOORIE', 'BOP', 'C226', '2023-07-31', '4926-5053', 25, 30, 350, 311.00, 0.00, 0.00, 0.00, 'P'),
(512, 2, NULL, 2, 'AMGOORIE', 'BOP', 'C227', '2023-08-01', '4926-5054', 25, 30, 350, 311.00, 0.00, 0.00, 0.00, 'P'),
(513, 2, NULL, 2, 'AMGOORIE', 'BOP', 'C228', '2023-08-02', '4926-5055', 25, 30, 350, 311.00, 0.00, 0.00, 0.00, 'P'),
(514, 2, NULL, 2, 'AMGOORIE', 'BOP', 'C229', '2023-08-03', '4926-5056', 25, 30, 350, 311.00, 0.00, 0.00, 0.00, 'P'),
(515, 2, NULL, 2, 'AMGOORIE', 'BOP', 'C230', '2023-08-04', '4926-5057', 25, 30, 350, 311.00, 0.00, 0.00, 0.00, 'P'),
(516, 2, NULL, 2, 'AMGOORIE', 'BOP', 'C231', '2023-08-05', '4926-5058', 25, 30, 350, 311.00, 0.00, 0.00, 0.00, 'P'),
(517, 2, NULL, 2, 'AMGOORIE', 'BOP', 'C232', '2023-08-06', '4926-5059', 25, 30, 350, 311.00, 0.00, 0.00, 0.00, 'P'),
(518, 2, NULL, 2, 'AMGOORIE', 'BOP', 'C233', '2023-08-07', '4926-5060', 25, 30, 350, 311.00, 0.00, 0.00, 0.00, 'P'),
(519, 2, NULL, 2, 'AMGOORIE', 'BOP', 'C234', '2023-08-08', '4926-5061', 25, 30, 350, 311.00, 0.00, 0.00, 0.00, 'P'),
(520, 2, NULL, 2, 'AMGOORIE', 'BOP', 'C235', '2023-08-09', '4926-5062', 25, 30, 350, 311.00, 0.00, 0.00, 0.00, 'P'),
(521, 2, NULL, 2, 'AMGOORIE', 'BOP', 'C236', '2023-08-10', '4926-5063', 25, 30, 350, 311.00, 0.00, 0.00, 0.00, 'P'),
(522, 2, NULL, 2, 'AMGOORIE', 'BOP', 'C237', '2023-08-11', '4926-5064', 25, 30, 350, 311.00, 0.00, 0.00, 0.00, 'P'),
(523, 2, NULL, 2, 'AMGOORIE', 'BOP', 'C238', '2023-08-12', '4926-5065', 25, 30, 350, 311.00, 0.00, 0.00, 0.00, 'P'),
(524, 2, NULL, 2, 'AMGOORIE', 'BOP', 'C239', '2023-08-13', '4926-5066', 25, 30, 350, 311.00, 0.00, 0.00, 0.00, 'P'),
(525, 2, NULL, 2, 'AMGOORIE', 'BOP', 'C240', '2023-08-14', '4926-5067', 25, 30, 350, 311.00, 0.00, 0.00, 0.00, 'P'),
(526, 2, NULL, 2, 'AMGOORIE', 'BOP', 'C241', '2023-08-15', '4926-5068', 25, 30, 350, 311.00, 0.00, 0.00, 0.00, 'P'),
(527, 2, NULL, 2, 'AMGOORIE', 'BOP', 'C242', '2023-08-16', '4926-5069', 25, 30, 350, 311.00, 0.00, 0.00, 0.00, 'P'),
(528, 2, NULL, 2, 'AMGOORIE', 'BOP', 'C243', '2023-08-17', '4926-5070', 25, 30, 350, 311.00, 0.00, 0.00, 0.00, 'P'),
(529, 2, NULL, 2, 'AMGOORIE', 'BOP', 'C244', '2023-08-18', '4926-5071', 25, 30, 350, 311.00, 0.00, 0.00, 0.00, 'P'),
(530, 2, NULL, 2, 'AMGOORIE', 'BOP', 'C245', '2023-08-19', '4926-5072', 25, 30, 350, 311.00, 0.00, 0.00, 0.00, 'P'),
(531, 2, NULL, 2, 'AMGOORIE', 'BOP', 'C246', '2023-08-20', '4926-5073', 25, 30, 350, 311.00, 0.00, 0.00, 0.00, 'P'),
(532, 2, NULL, 2, 'AMGOORIE', 'BOP', 'C247', '2023-08-21', '4926-5074', 25, 30, 350, 311.00, 0.00, 0.00, 0.00, 'P'),
(533, 2, NULL, 2, 'AMGOORIE', 'BOP', 'C248', '2023-08-22', '4926-5075', 25, 30, 350, 311.00, 0.00, 0.00, 0.00, 'P'),
(534, 2, NULL, 2, 'AMGOORIE', 'BOP', 'C249', '2023-08-23', '4926-5076', 25, 30, 350, 311.00, 0.00, 0.00, 0.00, 'P'),
(535, 2, NULL, 2, 'AMGOORIE', 'BOP', 'C250', '2023-08-24', '4926-5077', 25, 30, 350, 311.00, 0.00, 0.00, 0.00, 'P'),
(536, 2, NULL, 2, 'AMGOORIE', 'BOP', 'C251', '2023-08-25', '4926-5078', 25, 30, 350, 311.00, 0.00, 0.00, 0.00, 'P'),
(537, 2, NULL, 2, 'AMGOORIE', 'BOP', 'C252', '2023-08-26', '4926-5079', 25, 30, 350, 311.00, 0.00, 0.00, 0.00, 'P'),
(538, 2, NULL, 2, 'AMGOORIE', 'BOP', 'C253', '2023-08-27', '4926-5080', 25, 30, 350, 311.00, 0.00, 0.00, 0.00, 'P'),
(539, 2, NULL, 2, 'AMGOORIE', 'BOP', 'C254', '2023-08-28', '4926-5081', 25, 30, 350, 311.00, 0.00, 0.00, 0.00, 'P'),
(540, 2, NULL, 2, 'AMGOORIE', 'BOP', 'C255', '2023-08-29', '4926-5082', 25, 30, 350, 311.00, 0.00, 0.00, 0.00, 'P'),
(541, 2, NULL, 2, 'AMGOORIE', 'BOP', 'C256', '2023-08-30', '4926-5083', 25, 30, 350, 311.00, 0.00, 0.00, 0.00, 'P'),
(542, 2, NULL, 2, 'AMGOORIE', 'BOP', 'C257', '2023-08-31', '4926-5084', 25, 30, 350, 311.00, 0.00, 0.00, 0.00, 'P'),
(543, 2, NULL, 2, 'AMGOORIE', 'BOP', 'C258', '2023-09-01', '4926-5085', 25, 30, 350, 311.00, 0.00, 0.00, 0.00, 'P'),
(544, 2, NULL, 2, 'AMGOORIE', 'BOP', 'C259', '2023-09-02', '4926-5086', 25, 30, 350, 311.00, 0.00, 0.00, 0.00, 'P'),
(545, 2, NULL, 2, 'AMGOORIE', 'BOP', 'C260', '2023-09-03', '4926-5087', 25, 30, 350, 311.00, 0.00, 0.00, 0.00, 'P'),
(546, 2, NULL, 2, 'AMGOORIE', 'BOP', 'C261', '2023-09-04', '4926-5088', 25, 30, 350, 311.00, 0.00, 0.00, 0.00, 'P'),
(547, 2, NULL, 2, 'AMGOORIE', 'BOP', 'C262', '2023-09-05', '4926-5089', 25, 30, 350, 311.00, 0.00, 0.00, 0.00, 'P'),
(548, 2, NULL, 2, 'AMGOORIE', 'BOP', 'C263', '2023-09-06', '4926-5090', 25, 30, 350, 311.00, 0.00, 0.00, 0.00, 'P'),
(549, 2, NULL, 2, 'AMGOORIE', 'BOP', 'C264', '2023-09-07', '4926-5091', 25, 30, 350, 311.00, 0.00, 0.00, 0.00, 'P'),
(550, 2, NULL, 2, 'AMGOORIE', 'BOP', 'C265', '2023-09-08', '4926-5092', 25, 30, 350, 311.00, 0.00, 0.00, 0.00, 'P'),
(551, 2, NULL, 2, 'AMGOORIE', 'BOP', 'C266', '2023-09-09', '4926-5093', 25, 30, 350, 311.00, 0.00, 0.00, 0.00, 'P'),
(552, 2, NULL, 2, 'AMGOORIE', 'BOP', 'C267', '2023-09-10', '4926-5094', 25, 30, 350, 311.00, 0.00, 0.00, 0.00, 'P'),
(553, 2, NULL, 2, 'AMGOORIE', 'BOP', 'C268', '2023-09-11', '4926-5095', 25, 30, 350, 311.00, 0.00, 0.00, 0.00, 'P'),
(554, 2, NULL, 2, 'AMGOORIE', 'BOP', 'C269', '2023-09-12', '4926-5096', 25, 30, 350, 311.00, 0.00, 0.00, 0.00, 'P'),
(555, 2, NULL, 2, 'AMGOORIE', 'BOP', 'C270', '2023-09-13', '4926-5097', 25, 30, 350, 311.00, 0.00, 0.00, 0.00, 'P'),
(556, 2, NULL, 2, 'AMGOORIE', 'BOP', 'C271', '2023-09-14', '4926-5098', 25, 30, 350, 311.00, 0.00, 0.00, 0.00, 'P'),
(557, 2, NULL, 2, 'AMGOORIE', 'BOP', 'C272', '2023-09-15', '4926-5099', 25, 30, 350, 311.00, 0.00, 0.00, 0.00, 'P'),
(558, 2, NULL, 2, 'AMGOORIE', 'BOP', 'C273', '2023-09-16', '4926-5100', 25, 30, 350, 311.00, 0.00, 0.00, 0.00, 'P'),
(559, 2, NULL, 2, 'AMGOORIE', 'BOP', 'C274', '2023-09-17', '4926-5101', 25, 30, 350, 311.00, 0.00, 0.00, 0.00, 'P'),
(560, 2, NULL, 2, 'AMGOORIE', 'BOP', 'C275', '2023-09-18', '4926-5102', 25, 30, 350, 311.00, 0.00, 0.00, 0.00, 'P'),
(561, 2, NULL, 2, 'AMGOORIE', 'BOP', 'C276', '2023-09-19', '4926-5103', 25, 30, 350, 311.00, 0.00, 0.00, 0.00, 'P'),
(562, 2, NULL, 2, 'AMGOORIE', 'BOP', 'C277', '2023-09-20', '4926-5104', 25, 30, 350, 311.00, 0.00, 0.00, 0.00, 'P'),
(563, 2, NULL, 2, 'AMGOORIE', 'BOP', 'C278', '2023-09-21', '4926-5105', 25, 30, 350, 311.00, 0.00, 0.00, 0.00, 'P'),
(564, 2, NULL, 2, 'AMGOORIE', 'BOP', 'C279', '2023-09-22', '4926-5106', 25, 30, 350, 311.00, 0.00, 0.00, 0.00, 'P'),
(565, 2, NULL, 2, 'AMGOORIE', 'BOP', 'C280', '2023-09-23', '4926-5107', 25, 30, 350, 311.00, 0.00, 0.00, 0.00, 'P'),
(566, 2, NULL, 2, 'AMGOORIE', 'BOP', 'C281', '2023-09-24', '4926-5108', 25, 30, 350, 311.00, 0.00, 0.00, 0.00, 'P'),
(567, 2, NULL, 2, 'AMGOORIE', 'BOP', 'C282', '2023-09-25', '4926-5109', 25, 30, 350, 311.00, 0.00, 0.00, 0.00, 'P'),
(568, 2, NULL, 2, 'AMGOORIE', 'BOP', 'C283', '2023-09-26', '4926-5110', 25, 30, 350, 311.00, 0.00, 0.00, 0.00, 'P'),
(569, 2, NULL, 2, 'AMGOORIE', 'BOP', 'C284', '2023-09-27', '4926-5111', 25, 30, 350, 311.00, 0.00, 0.00, 0.00, 'P'),
(570, 2, NULL, 2, 'AMGOORIE', 'BOP', 'C285', '2023-09-28', '4926-5112', 25, 30, 350, 311.00, 0.00, 0.00, 0.00, 'P'),
(571, 2, NULL, 2, 'AMGOORIE', 'BOP', 'C286', '2023-09-29', '4926-5113', 25, 30, 350, 311.00, 0.00, 0.00, 0.00, 'P'),
(572, 2, NULL, 2, 'AMGOORIE', 'BOP', 'C287', '2023-09-30', '4926-5114', 25, 30, 350, 311.00, 0.00, 0.00, 0.00, 'P'),
(573, 2, NULL, 2, 'AMGOORIE', 'BOP', 'C288', '2023-10-01', '4926-5115', 25, 30, 350, 311.00, 0.00, 0.00, 0.00, 'P'),
(574, 2, NULL, 2, 'AMGOORIE', 'BOP', 'C289', '2023-10-02', '4926-5116', 25, 30, 350, 311.00, 0.00, 0.00, 0.00, 'P'),
(575, 2, NULL, 2, 'AMGOORIE', 'BOP', 'C290', '2023-10-03', '4926-5117', 25, 30, 350, 311.00, 0.00, 0.00, 0.00, 'P'),
(576, 2, NULL, 2, 'AMGOORIE', 'BOP', 'C291', '2023-10-04', '4926-5118', 25, 30, 350, 311.00, 0.00, 0.00, 0.00, 'P'),
(577, 2, NULL, 2, 'AMGOORIE', 'BOP', 'C292', '2023-10-05', '4926-5119', 25, 30, 350, 311.00, 0.00, 0.00, 0.00, 'P'),
(578, 2, NULL, 2, 'AMGOORIE', 'BOP', 'C293', '2023-10-06', '4926-5120', 25, 30, 350, 311.00, 0.00, 0.00, 0.00, 'P'),
(579, 2, NULL, 2, 'AMGOORIE', 'BOP', 'C294', '2023-10-07', '4926-5121', 25, 30, 350, 311.00, 0.00, 0.00, 0.00, 'P'),
(580, 2, NULL, 2, 'AMGOORIE', 'BOP', 'C295', '2023-10-08', '4926-5122', 25, 30, 350, 311.00, 0.00, 0.00, 0.00, 'P'),
(581, 2, NULL, 2, 'AMGOORIE', 'BOP', 'C296', '2023-10-09', '4926-5123', 25, 30, 350, 311.00, 0.00, 0.00, 0.00, 'P'),
(582, 2, NULL, 2, 'AMGOORIE', 'BOP', 'C297', '2023-10-10', '4926-5124', 25, 30, 350, 311.00, 0.00, 0.00, 0.00, 'P'),
(583, 2, NULL, 2, 'AMGOORIE', 'BOP', 'C298', '2023-10-11', '4926-5125', 25, 30, 350, 311.00, 0.00, 0.00, 0.00, 'P'),
(584, 2, NULL, 2, 'AMGOORIE', 'BOP', 'C299', '2023-10-12', '4926-5126', 25, 30, 350, 311.00, 0.00, 0.00, 0.00, 'P'),
(585, 2, NULL, 2, 'AMGOORIE', 'BOP', 'C300', '2023-10-13', '4926-5127', 25, 30, 350, 311.00, 0.00, 0.00, 0.00, 'P'),
(586, 2, NULL, 2, 'AMGOORIE', 'BOP', 'C301', '2023-10-14', '4926-5128', 25, 30, 350, 311.00, 0.00, 0.00, 0.00, 'P'),
(587, 2, NULL, 2, 'AMGOORIE', 'BOP', 'C302', '2023-10-15', '4926-5129', 25, 30, 350, 311.00, 0.00, 0.00, 0.00, 'P'),
(588, 2, NULL, 2, 'AMGOORIE', 'BOP', 'C303', '2023-10-16', '4926-5130', 25, 30, 350, 311.00, 0.00, 0.00, 0.00, 'P'),
(589, 2, NULL, 2, 'AMGOORIE', 'BOP', 'C304', '2023-10-17', '4926-5131', 25, 30, 350, 311.00, 0.00, 0.00, 0.00, 'P'),
(590, 2, NULL, 2, 'AMGOORIE', 'BOP', 'C305', '2023-10-18', '4926-5132', 25, 30, 350, 311.00, 0.00, 0.00, 0.00, 'P'),
(591, 2, NULL, 2, 'AMGOORIE', 'BOP', 'C306', '2023-10-19', '4926-5133', 25, 30, 350, 311.00, 0.00, 0.00, 0.00, 'P'),
(592, 2, NULL, 2, 'AMGOORIE', 'BOP', 'C307', '2023-10-20', '4926-5134', 25, 30, 350, 311.00, 0.00, 0.00, 0.00, 'P'),
(593, 2, NULL, 2, 'AMGOORIE', 'BOP', 'C308', '2023-10-21', '4926-5135', 25, 30, 350, 311.00, 0.00, 0.00, 0.00, 'P'),
(594, 2, NULL, 2, 'AMGOORIE', 'BOP', 'C309', '2023-10-22', '4926-5136', 25, 30, 350, 311.00, 0.00, 0.00, 0.00, 'P'),
(595, 2, NULL, 2, 'AMGOORIE', 'BOP', 'C310', '2023-10-23', '4926-5137', 25, 30, 350, 311.00, 0.00, 0.00, 0.00, 'P'),
(596, 2, NULL, 2, 'AMGOORIE', 'BOP', 'C311', '2023-10-24', '4926-5138', 25, 30, 350, 311.00, 0.00, 0.00, 0.00, 'P'),
(597, 2, NULL, 2, 'AMGOORIE', 'BOP', 'C312', '2023-10-25', '4926-5139', 25, 30, 350, 311.00, 0.00, 0.00, 0.00, 'P'),
(598, 2, NULL, 2, 'AMGOORIE', 'BOP', 'C313', '2023-10-26', '4926-5140', 25, 30, 350, 311.00, 0.00, 0.00, 0.00, 'P'),
(599, 2, NULL, 2, 'AMGOORIE', 'BOP', 'C314', '2023-10-27', '4926-5141', 25, 30, 350, 311.00, 0.00, 0.00, 0.00, 'P'),
(600, 2, NULL, 2, 'AMGOORIE', 'BOP', 'C315', '2023-10-28', '4926-5142', 25, 30, 350, 311.00, 0.00, 0.00, 0.00, 'P'),
(601, 2, NULL, 2, 'AMGOORIE', 'BOP', 'C316', '2023-10-29', '4926-5143', 25, 30, 350, 311.00, 0.00, 0.00, 0.00, 'P'),
(602, 2, NULL, 2, 'AMGOORIE', 'BOP', 'C317', '2023-10-30', '4926-5144', 25, 30, 350, 311.00, 0.00, 0.00, 0.00, 'P'),
(603, 2, NULL, 2, 'AMGOORIE', 'BOP', 'C318', '2023-10-31', '4926-5145', 25, 30, 350, 311.00, 0.00, 0.00, 0.00, 'P'),
(604, 2, NULL, 2, 'AMGOORIE', 'BOP', 'C319', '2023-11-01', '4926-5146', 25, 30, 350, 311.00, 0.00, 0.00, 0.00, 'P'),
(605, 2, NULL, 2, 'AMGOORIE', 'BOP', 'C320', '2023-11-02', '4926-5147', 25, 30, 350, 311.00, 0.00, 0.00, 0.00, 'P'),
(606, 2, NULL, 2, 'AMGOORIE', 'BOP', 'C321', '2023-11-03', '4926-5148', 25, 30, 350, 311.00, 0.00, 0.00, 0.00, 'P'),
(607, 2, NULL, 2, 'AMGOORIE', 'BOP', 'C322', '2023-11-04', '4926-5149', 25, 30, 350, 311.00, 0.00, 0.00, 0.00, 'P'),
(608, 2, NULL, 2, 'AMGOORIE', 'BOP', 'C323', '2023-11-05', '4926-5150', 25, 30, 350, 311.00, 0.00, 0.00, 0.00, 'P'),
(609, 2, NULL, 2, 'AMGOORIE', 'BOP', 'C324', '2023-11-06', '4926-5151', 25, 30, 350, 311.00, 0.00, 0.00, 0.00, 'P'),
(610, 2, NULL, 2, 'AMGOORIE', 'BOP', 'C325', '2023-11-07', '4926-5152', 25, 30, 350, 311.00, 0.00, 0.00, 0.00, 'P'),
(611, 2, NULL, 2, 'AMGOORIE', 'BOP', 'C326', '2023-11-08', '4926-5153', 25, 30, 350, 311.00, 0.00, 0.00, 0.00, 'P'),
(612, 2, NULL, 2, 'AMGOORIE', 'BOP', 'C327', '2023-11-09', '4926-5154', 25, 30, 350, 311.00, 0.00, 0.00, 0.00, 'P'),
(613, 2, NULL, 2, 'AMGOORIE', 'BOP', 'C328', '2023-11-10', '4926-5155', 25, 30, 350, 311.00, 0.00, 0.00, 0.00, 'P'),
(614, 2, NULL, 2, 'AMGOORIE', 'BOP', 'C329', '2023-11-11', '4926-5156', 25, 30, 350, 311.00, 0.00, 0.00, 0.00, 'P'),
(615, 2, NULL, 2, 'AMGOORIE', 'BOP', 'C330', '2023-11-12', '4926-5157', 25, 30, 350, 311.00, 0.00, 0.00, 0.00, 'P'),
(616, 2, NULL, 2, 'AMGOORIE', 'BOP', 'C331', '2023-11-13', '4926-5158', 25, 30, 350, 311.00, 0.00, 0.00, 0.00, 'P'),
(617, 2, NULL, 2, 'AMGOORIE', 'BOP', 'C332', '2023-11-14', '4926-5159', 25, 30, 350, 311.00, 0.00, 0.00, 0.00, 'P'),
(618, 2, NULL, 2, 'AMGOORIE', 'BOP', 'C333', '2023-11-15', '4926-5160', 25, 30, 350, 311.00, 0.00, 0.00, 0.00, 'P'),
(619, 2, NULL, 2, 'AMGOORIE', 'BOP', 'C334', '2023-11-16', '4926-5161', 25, 30, 350, 311.00, 0.00, 0.00, 0.00, 'P'),
(620, 2, NULL, 2, 'AMGOORIE', 'BOP', 'C335', '2023-11-17', '4926-5162', 25, 30, 350, 311.00, 0.00, 0.00, 0.00, 'P'),
(621, 2, NULL, 2, 'AMGOORIE', 'BOP', 'C336', '2023-11-18', '4926-5163', 25, 30, 350, 311.00, 0.00, 0.00, 0.00, 'P'),
(622, 2, NULL, 2, 'AMGOORIE', 'BOP', 'C337', '2023-11-19', '4926-5164', 25, 30, 350, 311.00, 0.00, 0.00, 0.00, 'P'),
(623, 2, NULL, 2, 'AMGOORIE', 'BOP', 'C338', '2023-11-20', '4926-5165', 25, 30, 350, 311.00, 0.00, 0.00, 0.00, 'P'),
(624, 2, NULL, 2, 'AMGOORIE', 'BOP', 'C339', '2023-11-21', '4926-5166', 25, 30, 350, 311.00, 0.00, 0.00, 0.00, 'P'),
(625, 2, NULL, 2, 'AMGOORIE', 'BOP', 'C340', '2023-11-22', '4926-5167', 25, 30, 350, 311.00, 0.00, 0.00, 0.00, 'P'),
(626, 2, NULL, 2, 'AMGOORIE', 'BOP', 'C341', '2023-11-23', '4926-5168', 25, 30, 350, 311.00, 0.00, 0.00, 0.00, 'P'),
(627, 2, NULL, 2, 'AMGOORIE', 'BOP', 'C342', '2023-11-24', '4926-5169', 25, 30, 350, 311.00, 0.00, 0.00, 0.00, 'P'),
(628, 2, NULL, 2, 'AMGOORIE', 'BOP', 'C343', '2023-11-25', '4926-5170', 25, 30, 350, 311.00, 0.00, 0.00, 0.00, 'P'),
(629, 2, NULL, 2, 'AMGOORIE', 'BOP', 'C344', '2023-11-26', '4926-5171', 25, 30, 350, 311.00, 0.00, 0.00, 0.00, 'P'),
(630, 2, NULL, 2, 'AMGOORIE', 'BOP', 'C345', '2023-11-27', '4926-5172', 25, 30, 350, 311.00, 0.00, 0.00, 0.00, 'P'),
(631, 2, NULL, 2, 'AMGOORIE', 'BOP', 'C346', '2023-11-28', '4926-5173', 25, 30, 350, 311.00, 0.00, 0.00, 0.00, 'P'),
(632, 2, NULL, 2, 'AMGOORIE', 'BOP', 'C347', '2023-11-29', '4926-5174', 25, 30, 350, 311.00, 0.00, 0.00, 0.00, 'P'),
(633, 2, NULL, 2, 'AMGOORIE', 'BOP', 'C348', '2023-11-30', '4926-5175', 25, 30, 350, 311.00, 0.00, 0.00, 0.00, 'P'),
(634, 2, NULL, 2, 'AMGOORIE', 'BOP', 'C349', '2023-12-01', '4926-5176', 25, 30, 350, 311.00, 0.00, 0.00, 0.00, 'P'),
(635, 2, NULL, 2, 'AMGOORIE', 'BOP', 'C350', '2023-12-02', '4926-5177', 25, 30, 350, 311.00, 0.00, 0.00, 0.00, 'P'),
(636, 2, NULL, 2, 'AMGOORIE', 'BOP', 'C351', '2023-12-03', '4926-5178', 25, 30, 350, 311.00, 0.00, 0.00, 0.00, 'P'),
(637, 2, NULL, 2, 'AMGOORIE', 'BOP', 'C352', '2023-12-04', '4926-5179', 25, 30, 350, 311.00, 0.00, 0.00, 0.00, 'P'),
(638, 2, NULL, 2, 'AMGOORIE', 'BOP', 'C353', '2023-12-05', '4926-5180', 25, 30, 350, 311.00, 0.00, 0.00, 0.00, 'P'),
(639, 2, NULL, 2, 'AMGOORIE', 'BOP', 'C354', '2023-12-06', '4926-5181', 25, 30, 350, 311.00, 0.00, 0.00, 0.00, 'P'),
(640, 2, NULL, 2, 'AMGOORIE', 'BOP', 'C355', '2023-12-07', '4926-5182', 25, 30, 350, 311.00, 0.00, 0.00, 0.00, 'P'),
(641, 2, NULL, 2, 'AMGOORIE', 'BOP', 'C356', '2023-12-08', '4926-5183', 25, 30, 350, 311.00, 0.00, 0.00, 0.00, 'P'),
(642, 2, NULL, 2, 'AMGOORIE', 'BOP', 'C357', '2023-12-09', '4926-5184', 25, 30, 350, 311.00, 0.00, 0.00, 0.00, 'P'),
(643, 2, NULL, 2, 'AMGOORIE', 'BOP', 'C358', '2023-12-10', '4926-5185', 25, 30, 350, 311.00, 0.00, 0.00, 0.00, 'P'),
(644, 2, NULL, 2, 'AMGOORIE', 'BOP', 'C359', '2023-12-11', '4926-5186', 25, 30, 350, 311.00, 0.00, 0.00, 0.00, 'P'),
(645, 2, NULL, 2, 'AMGOORIE', 'BOP', 'C360', '2023-12-12', '4926-5187', 25, 30, 350, 311.00, 0.00, 0.00, 0.00, 'P'),
(646, 2, NULL, 2, 'AMGOORIE', 'BOP', 'C361', '2023-12-13', '4926-5188', 25, 30, 350, 311.00, 0.00, 0.00, 0.00, 'P'),
(647, 2, NULL, 2, 'AMGOORIE', 'BOP', 'C362', '2023-12-14', '4926-5189', 25, 30, 350, 311.00, 0.00, 0.00, 0.00, 'P'),
(648, 2, NULL, 2, 'AMGOORIE', 'BOP', 'C363', '2023-12-15', '4926-5190', 25, 30, 350, 311.00, 0.00, 0.00, 0.00, 'P'),
(649, 2, NULL, 2, 'AMGOORIE', 'BOP', 'C364', '2023-12-16', '4926-5191', 25, 30, 350, 311.00, 0.00, 0.00, 0.00, 'P'),
(650, 2, NULL, 2, 'AMGOORIE', 'BOP', 'C365', '2023-12-17', '4926-5192', 25, 30, 350, 311.00, 0.00, 0.00, 0.00, 'P'),
(651, 2, NULL, 2, 'AMGOORIE', 'BOP', 'C366', '2023-12-18', '4926-5193', 25, 30, 350, 311.00, 0.00, 0.00, 0.00, 'P'),
(652, 2, NULL, 2, 'AMGOORIE', 'BOP', 'C367', '2023-12-19', '4926-5194', 25, 30, 350, 311.00, 0.00, 0.00, 0.00, 'P'),
(653, 2, NULL, 2, 'AMGOORIE', 'BOP', 'C368', '2023-12-20', '4926-5195', 25, 30, 350, 311.00, 0.00, 0.00, 0.00, 'P'),
(654, 2, NULL, 2, 'AMGOORIE', 'BOP', 'C369', '2023-12-21', '4926-5196', 25, 30, 350, 311.00, 0.00, 0.00, 0.00, 'P'),
(655, 2, NULL, 2, 'AMGOORIE', 'BOP', 'C370', '2023-12-22', '4926-5197', 25, 30, 350, 311.00, 0.00, 0.00, 0.00, 'P'),
(656, 2, NULL, 2, 'AMGOORIE', 'BOP', 'C371', '2023-12-23', '4926-5198', 25, 30, 350, 311.00, 0.00, 0.00, 0.00, 'P'),
(657, 2, NULL, 2, 'AMGOORIE', 'BOP', 'C372', '2023-12-24', '4926-5199', 25, 30, 350, 311.00, 0.00, 0.00, 0.00, 'P'),
(658, 2, NULL, 2, 'AMGOORIE', 'BOP', 'C373', '2023-12-25', '4926-5200', 25, 30, 350, 311.00, 0.00, 0.00, 0.00, 'P'),
(659, 2, NULL, 2, 'AMGOORIE', 'BOP', 'C374', '2023-12-26', '4926-5201', 25, 30, 350, 311.00, 0.00, 0.00, 0.00, 'P'),
(660, 2, NULL, 2, 'AMGOORIE', 'BOP', 'C375', '2023-12-27', '4926-5202', 25, 30, 350, 311.00, 0.00, 0.00, 0.00, 'P'),
(661, 2, NULL, 2, 'AMGOORIE', 'BOP', 'C376', '2023-12-28', '4926-5203', 25, 30, 350, 311.00, 0.00, 0.00, 0.00, 'P'),
(662, 2, NULL, 2, 'AMGOORIE', 'BOP', 'C377', '2023-12-29', '4926-5204', 25, 30, 350, 311.00, 0.00, 0.00, 0.00, 'P'),
(663, 2, NULL, 2, 'AMGOORIE', 'BOP', 'C378', '2023-12-30', '4926-5205', 25, 30, 350, 311.00, 0.00, 0.00, 0.00, 'P'),
(664, 2, NULL, 2, 'AMGOORIE', 'BOP', 'C379', '2023-12-31', '4926-5206', 25, 30, 350, 311.00, 0.00, 0.00, 0.00, 'P'),
(665, 2, NULL, 2, 'AMGOORIE', 'BOP', 'C380', '2024-01-01', '4926-5207', 25, 30, 350, 311.00, 0.00, 0.00, 0.00, 'P'),
(666, 2, NULL, 2, 'AMGOORIE', 'BOP', 'C381', '2024-01-02', '4926-5208', 25, 30, 350, 311.00, 0.00, 0.00, 0.00, 'P'),
(667, 2, NULL, 2, 'AMGOORIE', 'BOP', 'C382', '2024-01-03', '4926-5209', 25, 30, 350, 311.00, 0.00, 0.00, 0.00, 'P'),
(668, 2, NULL, 2, 'AMGOORIE', 'BOP', 'C383', '2024-01-04', '4926-5210', 25, 30, 350, 311.00, 0.00, 0.00, 0.00, 'P'),
(669, 2, NULL, 2, 'AMGOORIE', 'BOP', 'C384', '2024-01-05', '4926-5211', 25, 30, 350, 311.00, 0.00, 0.00, 0.00, 'P'),
(670, 2, NULL, 2, 'AMGOORIE', 'BOP', 'C385', '2024-01-06', '4926-5212', 25, 30, 350, 311.00, 0.00, 0.00, 0.00, 'P'),
(671, 2, NULL, 2, 'AMGOORIE', 'BOP', 'C386', '2024-01-07', '4926-5213', 25, 30, 350, 311.00, 0.00, 0.00, 0.00, 'P'),
(672, 2, NULL, 2, 'AMGOORIE', 'BOP', 'C387', '2024-01-08', '4926-5214', 25, 30, 350, 311.00, 0.00, 0.00, 0.00, 'P'),
(673, 2, NULL, 2, 'AMGOORIE', 'BOP', 'C388', '2024-01-09', '4926-5215', 25, 30, 350, 311.00, 0.00, 0.00, 0.00, 'P'),
(674, 2, NULL, 2, 'AMGOORIE', 'BOP', 'C389', '2024-01-10', '4926-5216', 25, 30, 350, 311.00, 0.00, 0.00, 0.00, 'P'),
(675, 2, NULL, 2, 'AMGOORIE', 'BOP', 'C390', '2024-01-11', '4926-5217', 25, 30, 350, 311.00, 0.00, 0.00, 0.00, 'P'),
(676, 2, NULL, 2, 'AMGOORIE', 'BOP', 'C391', '2024-01-12', '4926-5218', 25, 30, 350, 311.00, 0.00, 0.00, 0.00, 'P'),
(677, 2, NULL, 2, 'AMGOORIE', 'BOP', 'C392', '2024-01-13', '4926-5219', 25, 30, 350, 311.00, 0.00, 0.00, 0.00, 'P'),
(678, 2, NULL, 2, 'AMGOORIE', 'BOP', 'C393', '2024-01-14', '4926-5220', 25, 30, 350, 311.00, 0.00, 0.00, 0.00, 'P'),
(679, 2, NULL, 2, 'AMGOORIE', 'BOP', 'C394', '2024-01-15', '4926-5221', 25, 30, 350, 311.00, 0.00, 0.00, 0.00, 'P'),
(680, 2, NULL, 2, 'AMGOORIE', 'BOP', 'C395', '2024-01-16', '4926-5222', 25, 30, 350, 311.00, 0.00, 0.00, 0.00, 'P'),
(681, 2, NULL, 2, 'AMGOORIE', 'BOP', 'C396', '2024-01-17', '4926-5223', 25, 30, 350, 311.00, 0.00, 0.00, 0.00, 'P'),
(682, 2, NULL, 2, 'AMGOORIE', 'BOP', 'C397', '2024-01-18', '4926-5224', 25, 30, 350, 311.00, 0.00, 0.00, 0.00, 'P'),
(683, 2, NULL, 2, 'AMGOORIE', 'BOP', 'C398', '2024-01-19', '4926-5225', 25, 30, 350, 311.00, 0.00, 0.00, 0.00, 'P'),
(684, 2, NULL, 2, 'AMGOORIE', 'BOP', 'C399', '2024-01-20', '4926-5226', 25, 30, 350, 311.00, 0.00, 0.00, 0.00, 'P'),
(685, 2, NULL, 2, 'AMGOORIE', 'BOP', 'C400', '2024-01-21', '4926-5227', 25, 30, 350, 311.00, 0.00, 0.00, 0.00, 'P'),
(686, 2, NULL, 2, 'AMGOORIE', 'BOP', 'C401', '2024-01-22', '4926-5228', 25, 30, 350, 311.00, 0.00, 0.00, 0.00, 'P'),
(687, 2, NULL, 2, 'AMGOORIE', 'BOP', 'C402', '2024-01-23', '4926-5229', 25, 30, 350, 311.00, 0.00, 0.00, 0.00, 'P'),
(688, 2, NULL, 2, 'AMGOORIE', 'BOP', 'C403', '2024-01-24', '4926-5230', 25, 30, 350, 311.00, 0.00, 0.00, 0.00, 'P'),
(689, 2, NULL, 2, 'AMGOORIE', 'BOP', 'C404', '2024-01-25', '4926-5231', 25, 30, 350, 311.00, 0.00, 0.00, 0.00, 'P'),
(690, 2, NULL, 2, 'AMGOORIE', 'BOP', 'C405', '2024-01-26', '4926-5232', 25, 30, 350, 311.00, 0.00, 0.00, 0.00, 'P'),
(691, 2, NULL, 2, 'AMGOORIE', 'BOP', 'C406', '2024-01-27', '4926-5233', 25, 30, 350, 311.00, 0.00, 0.00, 0.00, 'P'),
(692, 2, NULL, 2, 'AMGOORIE', 'BOP', 'C407', '2024-01-28', '4926-5234', 25, 30, 350, 311.00, 0.00, 0.00, 0.00, 'P'),
(693, 2, NULL, 2, 'AMGOORIE', 'BOP', 'C408', '2024-01-29', '4926-5235', 25, 30, 350, 311.00, 0.00, 0.00, 0.00, 'P'),
(694, 2, NULL, 2, 'AMGOORIE', 'BOP', 'C409', '2024-01-30', '4926-5236', 25, 30, 350, 311.00, 0.00, 0.00, 0.00, 'P'),
(695, 2, NULL, 2, 'AMGOORIE', 'BOP', 'C410', '2024-01-31', '4926-5237', 25, 30, 350, 311.00, 0.00, 0.00, 0.00, 'P'),
(696, 2, NULL, 2, 'AMGOORIE', 'BOP', 'C411', '2024-02-01', '4926-5238', 25, 30, 350, 311.00, 0.00, 0.00, 0.00, 'P'),
(697, 2, NULL, 2, 'AMGOORIE', 'BOP', 'C412', '2024-02-02', '4926-5239', 25, 30, 350, 311.00, 0.00, 0.00, 0.00, 'P'),
(698, 2, NULL, 2, 'AMGOORIE', 'BOP', 'C413', '2024-02-03', '4926-5240', 25, 30, 350, 311.00, 0.00, 0.00, 0.00, 'P'),
(699, 2, NULL, 2, 'AMGOORIE', 'BOP', 'C414', '2024-02-04', '4926-5241', 25, 30, 350, 311.00, 0.00, 0.00, 0.00, 'P'),
(700, 2, NULL, 2, 'AMGOORIE', 'BOP', 'C415', '2024-02-05', '4926-5242', 25, 30, 350, 311.00, 0.00, 0.00, 0.00, 'P'),
(701, 2, NULL, 2, 'AMGOORIE', 'BOP', 'C416', '2024-02-06', '4926-5243', 25, 30, 350, 311.00, 0.00, 0.00, 0.00, 'P'),
(702, 2, NULL, 2, 'AMGOORIE', 'BOP', 'C417', '2024-02-07', '4926-5244', 25, 30, 350, 311.00, 0.00, 0.00, 0.00, 'P'),
(703, 2, NULL, 2, 'AMGOORIE', 'BOP', 'C418', '2024-02-08', '4926-5245', 25, 30, 350, 311.00, 0.00, 0.00, 0.00, 'P'),
(704, 2, NULL, 2, 'AMGOORIE', 'BOP', 'C419', '2024-02-09', '4926-5246', 25, 30, 350, 311.00, 0.00, 0.00, 0.00, 'P'),
(705, 2, NULL, 2, 'AMGOORIE', 'BOP', 'C420', '2024-02-10', '4926-5247', 25, 30, 350, 311.00, 0.00, 0.00, 0.00, 'P'),
(706, 2, NULL, 2, 'AMGOORIE', 'BOP', 'C421', '2024-02-11', '4926-5248', 25, 30, 350, 311.00, 0.00, 0.00, 0.00, 'P'),
(707, 2, NULL, 2, 'AMGOORIE', 'BOP', 'C422', '2024-02-12', '4926-5249', 25, 30, 350, 311.00, 0.00, 0.00, 0.00, 'P'),
(708, 2, NULL, 2, 'AMGOORIE', 'BOP', 'C423', '2024-02-13', '4926-5250', 25, 30, 350, 311.00, 0.00, 0.00, 0.00, 'P'),
(709, 2, NULL, 2, 'AMGOORIE', 'BOP', 'C424', '2024-02-14', '4926-5251', 25, 30, 350, 311.00, 0.00, 0.00, 0.00, 'P'),
(710, 2, NULL, 2, 'AMGOORIE', 'BOP', 'C425', '2024-02-15', '4926-5252', 25, 30, 350, 311.00, 0.00, 0.00, 0.00, 'P'),
(711, 2, NULL, 2, 'AMGOORIE', 'BOP', 'C426', '2024-02-16', '4926-5253', 25, 30, 350, 311.00, 0.00, 0.00, 0.00, 'P'),
(712, 2, NULL, 2, 'AMGOORIE', 'BOP', 'C427', '2024-02-17', '4926-5254', 25, 30, 350, 311.00, 0.00, 0.00, 0.00, 'P'),
(713, 2, NULL, 2, 'AMGOORIE', 'BOP', 'C428', '2024-02-18', '4926-5255', 25, 30, 350, 311.00, 0.00, 0.00, 0.00, 'P'),
(714, 2, NULL, 2, 'AMGOORIE', 'BOP', 'C429', '2024-02-19', '4926-5256', 25, 30, 350, 311.00, 0.00, 0.00, 0.00, 'P'),
(715, 2, NULL, 2, 'AMGOORIE', 'BOP', 'C430', '2024-02-20', '4926-5257', 25, 30, 350, 311.00, 0.00, 0.00, 0.00, 'P'),
(716, 2, NULL, 2, 'AMGOORIE', 'BOP', 'C431', '2024-02-21', '4926-5258', 25, 30, 350, 311.00, 0.00, 0.00, 0.00, 'P'),
(717, 2, NULL, 2, 'AMGOORIE', 'BOP', 'C432', '2024-02-22', '4926-5259', 25, 30, 350, 311.00, 0.00, 0.00, 0.00, 'P'),
(718, 2, NULL, 2, 'AMGOORIE', 'BOP', 'C433', '2024-02-23', '4926-5260', 25, 30, 350, 311.00, 0.00, 0.00, 0.00, 'P'),
(719, 2, NULL, 2, 'AMGOORIE', 'BOP', 'C434', '2024-02-24', '4926-5261', 25, 30, 350, 311.00, 0.00, 0.00, 0.00, 'P'),
(720, 2, NULL, 2, 'AMGOORIE', 'BOP', 'C435', '2024-02-25', '4926-5262', 25, 30, 350, 311.00, 0.00, 0.00, 0.00, 'P'),
(721, 2, NULL, 2, 'AMGOORIE', 'BOP', 'C436', '2024-02-26', '4926-5263', 25, 30, 350, 311.00, 0.00, 0.00, 0.00, 'P'),
(722, 2, NULL, 2, 'AMGOORIE', 'BOP', 'C437', '2024-02-27', '4926-5264', 25, 30, 350, 311.00, 0.00, 0.00, 0.00, 'P'),
(723, 2, NULL, 2, 'AMGOORIE', 'BOP', 'C438', '2024-02-28', '4926-5265', 25, 30, 350, 311.00, 0.00, 0.00, 0.00, 'P'),
(724, 2, NULL, 2, 'AMGOORIE', 'BOP', 'C439', '2024-02-29', '4926-5266', 25, 30, 350, 311.00, 0.00, 0.00, 0.00, 'P'),
(725, 2, NULL, 2, 'AMGOORIE', 'BOP', 'C440', '2024-03-01', '4926-5267', 25, 30, 350, 311.00, 0.00, 0.00, 0.00, 'P'),
(726, 2, NULL, 2, 'AMGOORIE', 'BOP', 'C441', '2024-03-02', '4926-5268', 25, 30, 350, 311.00, 0.00, 0.00, 0.00, 'P'),
(727, 2, NULL, 2, 'AMGOORIE', 'BOP', 'C442', '2024-03-03', '4926-5269', 25, 30, 350, 311.00, 0.00, 0.00, 0.00, 'P'),
(728, 2, NULL, 2, 'AMGOORIE', 'BOP', 'C443', '2024-03-04', '4926-5270', 25, 30, 350, 311.00, 0.00, 0.00, 0.00, 'P'),
(729, 2, NULL, 2, 'AMGOORIE', 'BOP', 'C444', '2024-03-05', '4926-5271', 25, 30, 350, 311.00, 0.00, 0.00, 0.00, 'P'),
(730, 2, NULL, 2, 'AMGOORIE', 'BOP', 'C445', '2024-03-06', '4926-5272', 25, 30, 350, 311.00, 0.00, 0.00, 0.00, 'P'),
(731, 2, NULL, 2, 'AMGOORIE', 'BOP', 'C446', '2024-03-07', '4926-5273', 25, 30, 350, 311.00, 0.00, 0.00, 0.00, 'P'),
(732, 2, NULL, 2, 'AMGOORIE', 'BOP', 'C447', '2024-03-08', '4926-5274', 25, 30, 350, 311.00, 0.00, 0.00, 0.00, 'P'),
(733, 2, NULL, 2, 'AMGOORIE', 'BOP', 'C448', '2024-03-09', '4926-5275', 25, 30, 350, 311.00, 0.00, 0.00, 0.00, 'P'),
(734, 2, NULL, 2, 'AMGOORIE', 'BOP', 'C449', '2024-03-10', '4926-5276', 25, 30, 350, 311.00, 0.00, 0.00, 0.00, 'P'),
(735, 2, NULL, 2, 'AMGOORIE', 'BOP', 'C450', '2024-03-11', '4926-5277', 25, 30, 350, 311.00, 0.00, 0.00, 0.00, 'P'),
(736, 2, NULL, 2, 'AMGOORIE', 'BOP', 'C451', '2024-03-12', '4926-5278', 25, 30, 350, 311.00, 0.00, 0.00, 0.00, 'P'),
(737, 2, NULL, 2, 'AMGOORIE', 'BOP', 'C452', '2024-03-13', '4926-5279', 25, 30, 350, 311.00, 0.00, 0.00, 0.00, 'P'),
(738, 2, NULL, 2, 'AMGOORIE', 'BOP', 'C453', '2024-03-14', '4926-5280', 25, 30, 350, 311.00, 0.00, 0.00, 0.00, 'P'),
(739, 2, NULL, 2, 'AMGOORIE', 'BOP', 'C454', '2024-03-15', '4926-5281', 25, 30, 350, 311.00, 0.00, 0.00, 0.00, 'P'),
(740, 2, NULL, 2, 'AMGOORIE', 'BOP', 'C455', '2024-03-16', '4926-5282', 25, 30, 350, 311.00, 0.00, 0.00, 0.00, 'P'),
(741, 2, NULL, 2, 'AMGOORIE', 'BOP', 'C456', '2024-03-17', '4926-5283', 25, 30, 350, 311.00, 0.00, 0.00, 0.00, 'P'),
(742, 2, NULL, 2, 'AMGOORIE', 'BOP', 'C457', '2024-03-18', '4926-5284', 25, 30, 350, 311.00, 0.00, 0.00, 0.00, 'P'),
(743, 2, NULL, 2, 'AMGOORIE', 'BOP', 'C458', '2024-03-19', '4926-5285', 25, 30, 350, 311.00, 0.00, 0.00, 0.00, 'P'),
(744, 2, NULL, 2, 'AMGOORIE', 'BOP', 'C459', '2024-03-20', '4926-5286', 25, 30, 350, 311.00, 0.00, 0.00, 0.00, 'P'),
(745, 2, NULL, 2, 'AMGOORIE', 'BOP', 'C460', '2024-03-21', '4926-5287', 25, 30, 350, 311.00, 0.00, 0.00, 0.00, 'P'),
(746, 2, NULL, 2, 'AMGOORIE', 'BOP', 'C461', '2024-03-22', '4926-5288', 25, 30, 350, 311.00, 0.00, 0.00, 0.00, 'P'),
(747, 2, NULL, 2, 'AMGOORIE', 'BOP', 'C462', '2024-03-23', '4926-5289', 25, 30, 350, 311.00, 0.00, 0.00, 0.00, 'P'),
(748, 2, NULL, 2, 'AMGOORIE', 'BOP', 'C463', '2024-03-24', '4926-5290', 25, 30, 350, 311.00, 0.00, 0.00, 0.00, 'P'),
(749, 2, NULL, 2, 'AMGOORIE', 'BOP', 'C464', '2024-03-25', '4926-5291', 25, 30, 350, 311.00, 0.00, 0.00, 0.00, 'P'),
(750, 2, NULL, 2, 'AMGOORIE', 'BOP', 'C465', '2024-03-26', '4926-5292', 25, 30, 350, 311.00, 0.00, 0.00, 0.00, 'P'),
(751, 2, NULL, 2, 'AMGOORIE', 'BOP', 'C466', '2024-03-27', '4926-5293', 25, 30, 350, 311.00, 0.00, 0.00, 0.00, 'P'),
(752, 2, NULL, 2, 'AMGOORIE', 'BOP', 'C467', '2024-03-28', '4926-5294', 25, 30, 350, 311.00, 0.00, 0.00, 0.00, 'P'),
(753, 2, NULL, 2, 'AMGOORIE', 'BOP', 'C468', '2024-03-29', '4926-5295', 25, 30, 350, 311.00, 0.00, 0.00, 0.00, 'P'),
(754, 2, NULL, 2, 'AMGOORIE', 'BOP', 'C469', '2024-03-30', '4926-5296', 25, 30, 350, 311.00, 0.00, 0.00, 0.00, 'P'),
(755, 2, NULL, 2, 'AMGOORIE', 'BOP', 'C470', '2024-03-31', '4926-5297', 25, 30, 350, 311.00, 0.00, 0.00, 0.00, 'P'),
(756, 2, NULL, 2, 'AMGOORIE', 'BOP', 'C471', '2024-04-01', '4926-5298', 25, 30, 350, 311.00, 0.00, 0.00, 0.00, 'P'),
(757, 2, NULL, 2, 'AMGOORIE', 'BOP', 'C472', '2024-04-02', '4926-5299', 25, 30, 350, 311.00, 0.00, 0.00, 0.00, 'P'),
(758, 2, NULL, 2, 'AMGOORIE', 'BOP', 'C473', '2024-04-03', '4926-5300', 25, 30, 350, 311.00, 0.00, 0.00, 0.00, 'P'),
(759, 2, NULL, 2, 'AMGOORIE', 'BOP', 'C474', '2024-04-04', '4926-5301', 25, 30, 350, 311.00, 0.00, 0.00, 0.00, 'P'),
(760, 2, NULL, 2, 'AMGOORIE', 'BOP', 'C475', '2024-04-05', '4926-5302', 25, 30, 350, 311.00, 0.00, 0.00, 0.00, 'P'),
(761, 2, NULL, 2, 'AMGOORIE', 'BOP', 'C476', '2024-04-06', '4926-5303', 25, 30, 350, 311.00, 0.00, 0.00, 0.00, 'P'),
(762, 2, NULL, 2, 'AMGOORIE', 'BOP', 'C477', '2024-04-07', '4926-5304', 25, 30, 350, 311.00, 0.00, 0.00, 0.00, 'P'),
(763, 2, NULL, 2, 'AMGOORIE', 'BOP', 'C478', '2024-04-08', '4926-5305', 25, 30, 350, 311.00, 0.00, 0.00, 0.00, 'P'),
(764, 2, NULL, 2, 'AMGOORIE', 'BOP', 'C479', '2024-04-09', '4926-5306', 25, 30, 350, 311.00, 0.00, 0.00, 0.00, 'P'),
(765, 2, NULL, 2, 'AMGOORIE', 'BOP', 'C480', '2024-04-10', '4926-5307', 25, 30, 350, 311.00, 0.00, 0.00, 0.00, 'P'),
(766, 2, NULL, 2, 'AMGOORIE', 'BOP', 'C481', '2024-04-11', '4926-5308', 25, 30, 350, 311.00, 0.00, 0.00, 0.00, 'P'),
(767, 2, NULL, 2, 'AMGOORIE', 'BOP', 'C482', '2024-04-12', '4926-5309', 25, 30, 350, 311.00, 0.00, 0.00, 0.00, 'P'),
(768, 2, NULL, 2, 'AMGOORIE', 'BOP', 'C483', '2024-04-13', '4926-5310', 25, 30, 350, 311.00, 0.00, 0.00, 0.00, 'P'),
(769, 2, NULL, 2, 'AMGOORIE', 'BOP', 'C484', '2024-04-14', '4926-5311', 25, 30, 350, 311.00, 0.00, 0.00, 0.00, 'P'),
(770, 2, NULL, 2, 'AMGOORIE', 'BOP', 'C485', '2024-04-15', '4926-5312', 25, 30, 350, 311.00, 0.00, 0.00, 0.00, 'P'),
(771, 2, NULL, 2, 'AMGOORIE', 'BOP', 'C486', '2024-04-16', '4926-5313', 25, 30, 350, 311.00, 0.00, 0.00, 0.00, 'P'),
(772, 2, NULL, 2, 'AMGOORIE', 'BOP', 'C487', '2024-04-17', '4926-5314', 25, 30, 350, 311.00, 0.00, 0.00, 0.00, 'P'),
(773, 2, NULL, 2, 'AMGOORIE', 'BOP', 'C488', '2024-04-18', '4926-5315', 25, 30, 350, 311.00, 0.00, 0.00, 0.00, 'P'),
(774, 2, NULL, 2, 'AMGOORIE', 'BOP', 'C489', '2024-04-19', '4926-5316', 25, 30, 350, 311.00, 0.00, 0.00, 0.00, 'P'),
(775, 2, NULL, 2, 'AMGOORIE', 'BOP', 'C490', '2024-04-20', '4926-5317', 25, 30, 350, 311.00, 0.00, 0.00, 0.00, 'P'),
(776, 2, NULL, 2, 'AMGOORIE', 'BOP', 'C491', '2024-04-21', '4926-5318', 25, 30, 350, 311.00, 0.00, 0.00, 0.00, 'P'),
(777, 2, NULL, 2, 'AMGOORIE', 'BOP', 'C492', '2024-04-22', '4926-5319', 25, 30, 350, 311.00, 0.00, 0.00, 0.00, 'P'),
(778, 2, NULL, 2, 'AMGOORIE', 'BOP', 'C493', '2024-04-23', '4926-5320', 25, 30, 350, 311.00, 0.00, 0.00, 0.00, 'P'),
(779, 2, NULL, 2, 'AMGOORIE', 'BOP', 'C494', '2024-04-24', '4926-5321', 25, 30, 350, 311.00, 0.00, 0.00, 0.00, 'P'),
(780, 2, NULL, 2, 'AMGOORIE', 'BOP', 'C495', '2024-04-25', '4926-5322', 25, 30, 350, 311.00, 0.00, 0.00, 0.00, 'P'),
(781, 2, NULL, 2, 'AMGOORIE', 'BOP', 'C496', '2024-04-26', '4926-5323', 25, 30, 350, 311.00, 0.00, 0.00, 0.00, 'P'),
(782, 2, NULL, 2, 'AMGOORIE', 'BOP', 'C497', '2024-04-27', '4926-5324', 25, 30, 350, 311.00, 0.00, 0.00, 0.00, 'P'),
(783, 2, NULL, 2, 'AMGOORIE', 'BOP', 'C498', '2024-04-28', '4926-5325', 25, 30, 350, 311.00, 0.00, 0.00, 0.00, 'P'),
(784, 2, NULL, 2, 'AMGOORIE', 'BOP', 'C499', '2024-04-29', '4926-5326', 25, 30, 350, 311.00, 0.00, 0.00, 0.00, 'P'),
(785, 2, NULL, 2, 'AMGOORIE', 'BOP', 'C500', '2024-04-30', '4926-5327', 25, 30, 350, 311.00, 0.00, 0.00, 0.00, 'P'),
(786, 2, NULL, 2, 'AMGOORIE', 'BOP', 'C501', '2024-05-01', '4926-5328', 25, 30, 350, 311.00, 0.00, 0.00, 0.00, 'P'),
(787, 2, NULL, 2, 'AMGOORIE', 'BOP', 'C502', '2024-05-02', '4926-5329', 25, 30, 350, 311.00, 0.00, 0.00, 0.00, 'P'),
(788, 2, NULL, 2, 'AMGOORIE', 'BOP', 'C503', '2024-05-03', '4926-5330', 25, 30, 350, 311.00, 0.00, 0.00, 0.00, 'P'),
(789, 2, NULL, 2, 'AMGOORIE', 'BOP', 'C504', '2024-05-04', '4926-5331', 25, 30, 350, 311.00, 0.00, 0.00, 0.00, 'P'),
(790, 2, NULL, 2, 'AMGOORIE', 'BOP', 'C505', '2024-05-05', '4926-5332', 25, 30, 350, 311.00, 0.00, 0.00, 0.00, 'P'),
(791, 2, NULL, 2, 'AMGOORIE', 'BOP', 'C506', '2024-05-06', '4926-5333', 25, 30, 350, 311.00, 0.00, 0.00, 0.00, 'P'),
(792, 2, NULL, 2, 'AMGOORIE', 'BOP', 'C507', '2024-05-07', '4926-5334', 25, 30, 350, 311.00, 0.00, 0.00, 0.00, 'P'),
(793, 2, NULL, 2, 'AMGOORIE', 'BOP', 'C508', '2024-05-08', '4926-5335', 25, 30, 350, 311.00, 0.00, 0.00, 0.00, 'P'),
(794, 2, NULL, 2, 'AMGOORIE', 'BOP', 'C509', '2024-05-09', '4926-5336', 25, 30, 350, 311.00, 0.00, 0.00, 0.00, 'P'),
(795, 2, NULL, 2, 'AMGOORIE', 'BOP', 'C510', '2024-05-10', '4926-5337', 25, 30, 350, 311.00, 0.00, 0.00, 0.00, 'P'),
(796, 2, NULL, 2, 'AMGOORIE', 'BOP', 'C511', '2024-05-11', '4926-5338', 25, 30, 350, 311.00, 0.00, 0.00, 0.00, 'P'),
(797, 2, NULL, 2, 'AMGOORIE', 'BOP', 'C512', '2024-05-12', '4926-5339', 25, 30, 350, 311.00, 0.00, 0.00, 0.00, 'P'),
(798, 2, NULL, 2, 'AMGOORIE', 'BOP', 'C513', '2024-05-13', '4926-5340', 25, 30, 350, 311.00, 0.00, 0.00, 0.00, 'P'),
(799, 2, NULL, 2, 'AMGOORIE', 'BOP', 'C514', '2024-05-14', '4926-5341', 25, 30, 350, 311.00, 0.00, 0.00, 0.00, 'P'),
(800, 2, NULL, 2, 'AMGOORIE', 'BOP', 'C515', '2024-05-15', '4926-5342', 25, 30, 350, 311.00, 0.00, 0.00, 0.00, 'P'),
(801, 2, NULL, 2, 'AMGOORIE', 'BOP', 'C516', '2024-05-16', '4926-5343', 25, 30, 350, 311.00, 0.00, 0.00, 0.00, 'P'),
(802, 2, NULL, 2, 'AMGOORIE', 'BOP', 'C517', '2024-05-17', '4926-5344', 25, 30, 350, 311.00, 0.00, 0.00, 0.00, 'P'),
(803, 2, NULL, 2, 'AMGOORIE', 'BOP', 'C518', '2024-05-18', '4926-5345', 25, 30, 350, 311.00, 0.00, 0.00, 0.00, 'P'),
(804, 2, NULL, 2, 'AMGOORIE', 'BOP', 'C519', '2024-05-19', '4926-5346', 25, 30, 350, 311.00, 0.00, 0.00, 0.00, 'P'),
(805, 2, NULL, 2, 'AMGOORIE', 'BOP', 'C520', '2024-05-20', '4926-5347', 25, 30, 350, 311.00, 0.00, 0.00, 0.00, 'P'),
(806, 2, NULL, 2, 'AMGOORIE', 'BOP', 'C521', '2024-05-21', '4926-5348', 25, 30, 350, 311.00, 0.00, 0.00, 0.00, 'P'),
(807, 2, NULL, 2, 'AMGOORIE', 'BOP', 'C522', '2024-05-22', '4926-5349', 25, 30, 350, 311.00, 0.00, 0.00, 0.00, 'P'),
(808, 2, NULL, 2, 'AMGOORIE', 'BOP', 'C523', '2024-05-23', '4926-5350', 25, 30, 350, 311.00, 0.00, 0.00, 0.00, 'P'),
(809, 2, NULL, 2, 'AMGOORIE', 'BOP', 'C524', '2024-05-24', '4926-5351', 25, 30, 350, 311.00, 0.00, 0.00, 0.00, 'P'),
(810, 2, NULL, 2, 'AMGOORIE', 'BOP', 'C525', '2024-05-25', '4926-5352', 25, 30, 350, 311.00, 0.00, 0.00, 0.00, 'P'),
(811, 2, NULL, 2, 'AMGOORIE', 'BOP', 'C526', '2024-05-26', '4926-5353', 25, 30, 350, 311.00, 0.00, 0.00, 0.00, 'P'),
(812, 2, NULL, 2, 'AMGOORIE', 'BOP', 'C527', '2024-05-27', '4926-5354', 25, 30, 350, 311.00, 0.00, 0.00, 0.00, 'P'),
(813, 2, NULL, 2, 'AMGOORIE', 'BOP', 'C528', '2024-05-28', '4926-5355', 25, 30, 350, 311.00, 0.00, 0.00, 0.00, 'P'),
(814, 2, NULL, 2, 'AMGOORIE', 'BOP', 'C529', '2024-05-29', '4926-5356', 25, 30, 350, 311.00, 0.00, 0.00, 0.00, 'P'),
(815, 3, NULL, 1, 'AMGOORIE', 'BOP', 'C158', '2023-05-06', '6366-6395', 25, 30, 350, 340.00, 0.00, 0.00, 0.00, 'P'),
(816, 3, NULL, 2, 'AMGOORIE', 'BOP', 'C128', '2023-04-24', '4926-4955', 25, 30, 350, 311.00, 0.00, 0.00, 0.00, 'P'),
(817, 3, NULL, 1, 'AMGOORIE', 'BOP', 'C158', '2023-05-06', '6366-6395', 25, 30, 350, 340.00, 0.00, 0.00, 0.00, 'P'),
(818, 3, NULL, 2, 'AMGOORIE', 'BOP', 'C128', '2023-04-24', '4926-4955', 25, 30, 350, 311.00, 0.00, 0.00, 0.00, 'P'),
(819, 3, NULL, 1, 'AMGOORIE', 'BOP', 'C158', '2023-05-06', '6366-6395', 25, 30, 350, 340.00, 0.00, 0.00, 0.00, 'P'),
(820, 3, NULL, 2, 'AMGOORIE', 'BOP', 'C128', '2023-04-24', '4926-4955', 25, 30, 350, 311.00, 0.00, 0.00, 0.00, 'P'),
(821, 3, NULL, 2, 'AMGOORIE', 'BOP', 'C129', '2023-04-25', '4926-4956', 25, 30, 350, 311.00, 0.00, 0.00, 0.00, 'P'),
(822, 3, NULL, 2, 'AMGOORIE', 'BOP', 'C130', '2023-04-26', '4926-4957', 25, 30, 350, 311.00, 0.00, 0.00, 0.00, 'P'),
(823, 3, NULL, 2, 'AMGOORIE', 'BOP', 'C131', '2023-04-27', '4926-4958', 25, 30, 350, 311.00, 0.00, 0.00, 0.00, 'P'),
(824, 3, NULL, 2, 'AMGOORIE', 'BOP', 'C132', '2023-04-28', '4926-4959', 25, 30, 350, 311.00, 0.00, 0.00, 0.00, 'P'),
(825, 3, NULL, 2, 'AMGOORIE', 'BOP', 'C133', '2023-04-29', '4926-4960', 25, 30, 350, 311.00, 0.00, 0.00, 0.00, 'P'),
(826, 3, NULL, 2, 'AMGOORIE', 'BOP', 'C134', '2023-04-30', '4926-4961', 25, 30, 350, 311.00, 0.00, 0.00, 0.00, 'P'),
(827, 3, NULL, 2, 'AMGOORIE', 'BOP', 'C135', '2023-05-01', '4926-4962', 25, 30, 350, 311.00, 0.00, 0.00, 0.00, 'P'),
(828, 3, NULL, 2, 'AMGOORIE', 'BOP', 'C136', '2023-05-02', '4926-4963', 25, 30, 350, 311.00, 0.00, 0.00, 0.00, 'P'),
(829, 3, NULL, 2, 'AMGOORIE', 'BOP', 'C137', '2023-05-03', '4926-4964', 25, 30, 350, 311.00, 0.00, 0.00, 0.00, 'P'),
(830, 3, NULL, 2, 'AMGOORIE', 'BOP', 'C138', '2023-05-04', '4926-4965', 25, 30, 350, 311.00, 0.00, 0.00, 0.00, 'P'),
(831, 3, NULL, 2, 'AMGOORIE', 'BOP', 'C139', '2023-05-05', '4926-4966', 25, 30, 350, 311.00, 0.00, 0.00, 0.00, 'P'),
(832, 3, NULL, 2, 'AMGOORIE', 'BOP', 'C140', '2023-05-06', '4926-4967', 25, 30, 350, 311.00, 0.00, 0.00, 0.00, 'P'),
(833, 3, NULL, 2, 'AMGOORIE', 'BOP', 'C141', '2023-05-07', '4926-4968', 25, 30, 350, 311.00, 0.00, 0.00, 0.00, 'P'),
(834, 3, NULL, 2, 'AMGOORIE', 'BOP', 'C142', '2023-05-08', '4926-4969', 25, 30, 350, 311.00, 0.00, 0.00, 0.00, 'P'),
(835, 3, NULL, 2, 'AMGOORIE', 'BOP', 'C143', '2023-05-09', '4926-4970', 25, 30, 350, 311.00, 0.00, 0.00, 0.00, 'P'),
(836, 3, NULL, 2, 'AMGOORIE', 'BOP', 'C144', '2023-05-10', '4926-4971', 25, 30, 350, 311.00, 0.00, 0.00, 0.00, 'P'),
(837, 3, NULL, 2, 'AMGOORIE', 'BOP', 'C145', '2023-05-11', '4926-4972', 25, 30, 350, 311.00, 0.00, 0.00, 0.00, 'P'),
(838, 3, NULL, 2, 'AMGOORIE', 'BOP', 'C146', '2023-05-12', '4926-4973', 25, 30, 350, 311.00, 0.00, 0.00, 0.00, 'P'),
(839, 3, NULL, 2, 'AMGOORIE', 'BOP', 'C147', '2023-05-13', '4926-4974', 25, 30, 350, 311.00, 0.00, 0.00, 0.00, 'P'),
(840, 3, NULL, 2, 'AMGOORIE', 'BOP', 'C148', '2023-05-14', '4926-4975', 25, 30, 350, 311.00, 0.00, 0.00, 0.00, 'P'),
(841, 3, NULL, 2, 'AMGOORIE', 'BOP', 'C149', '2023-05-15', '4926-4976', 25, 30, 350, 311.00, 0.00, 0.00, 0.00, 'P'),
(842, 3, NULL, 2, 'AMGOORIE', 'BOP', 'C150', '2023-05-16', '4926-4977', 25, 30, 350, 311.00, 0.00, 0.00, 0.00, 'P'),
(843, 3, NULL, 2, 'AMGOORIE', 'BOP', 'C151', '2023-05-17', '4926-4978', 25, 30, 350, 311.00, 0.00, 0.00, 0.00, 'P'),
(844, 3, NULL, 2, 'AMGOORIE', 'BOP', 'C152', '2023-05-18', '4926-4979', 25, 30, 350, 311.00, 0.00, 0.00, 0.00, 'P'),
(845, 3, NULL, 2, 'AMGOORIE', 'BOP', 'C153', '2023-05-19', '4926-4980', 25, 30, 350, 311.00, 0.00, 0.00, 0.00, 'P'),
(846, 3, NULL, 2, 'AMGOORIE', 'BOP', 'C154', '2023-05-20', '4926-4981', 25, 30, 350, 311.00, 0.00, 0.00, 0.00, 'P'),
(847, 3, NULL, 2, 'AMGOORIE', 'BOP', 'C155', '2023-05-21', '4926-4982', 25, 30, 350, 311.00, 0.00, 0.00, 0.00, 'P'),
(848, 3, NULL, 2, 'AMGOORIE', 'BOP', 'C156', '2023-05-22', '4926-4983', 25, 30, 350, 311.00, 0.00, 0.00, 0.00, 'P'),
(849, 3, NULL, 2, 'AMGOORIE', 'BOP', 'C157', '2023-05-23', '4926-4984', 25, 30, 350, 311.00, 0.00, 0.00, 0.00, 'P'),
(850, 3, NULL, 2, 'AMGOORIE', 'BOP', 'C158', '2023-05-24', '4926-4985', 25, 30, 350, 311.00, 0.00, 0.00, 0.00, 'P'),
(851, 3, NULL, 2, 'AMGOORIE', 'BOP', 'C159', '2023-05-25', '4926-4986', 25, 30, 350, 311.00, 0.00, 0.00, 0.00, 'P'),
(852, 3, NULL, 2, 'AMGOORIE', 'BOP', 'C160', '2023-05-26', '4926-4987', 25, 30, 350, 311.00, 0.00, 0.00, 0.00, 'P'),
(853, 3, NULL, 2, 'AMGOORIE', 'BOP', 'C161', '2023-05-27', '4926-4988', 25, 30, 350, 311.00, 0.00, 0.00, 0.00, 'P'),
(854, 3, NULL, 2, 'AMGOORIE', 'BOP', 'C162', '2023-05-28', '4926-4989', 25, 30, 350, 311.00, 0.00, 0.00, 0.00, 'P'),
(855, 3, NULL, 2, 'AMGOORIE', 'BOP', 'C163', '2023-05-29', '4926-4990', 25, 30, 350, 311.00, 0.00, 0.00, 0.00, 'P'),
(856, 3, NULL, 2, 'AMGOORIE', 'BOP', 'C164', '2023-05-30', '4926-4991', 25, 30, 350, 311.00, 0.00, 0.00, 0.00, 'P'),
(857, 3, NULL, 2, 'AMGOORIE', 'BOP', 'C165', '2023-05-31', '4926-4992', 25, 30, 350, 311.00, 0.00, 0.00, 0.00, 'P'),
(858, 3, NULL, 2, 'AMGOORIE', 'BOP', 'C166', '2023-06-01', '4926-4993', 25, 30, 350, 311.00, 0.00, 0.00, 0.00, 'P'),
(859, 3, NULL, 2, 'AMGOORIE', 'BOP', 'C167', '2023-06-02', '4926-4994', 25, 30, 350, 311.00, 0.00, 0.00, 0.00, 'P'),
(860, 3, NULL, 2, 'AMGOORIE', 'BOP', 'C168', '2023-06-03', '4926-4995', 25, 30, 350, 311.00, 0.00, 0.00, 0.00, 'P'),
(861, 3, NULL, 2, 'AMGOORIE', 'BOP', 'C169', '2023-06-04', '4926-4996', 25, 30, 350, 311.00, 0.00, 0.00, 0.00, 'P'),
(862, 3, NULL, 2, 'AMGOORIE', 'BOP', 'C170', '2023-06-05', '4926-4997', 25, 30, 350, 311.00, 0.00, 0.00, 0.00, 'P'),
(863, 3, NULL, 2, 'AMGOORIE', 'BOP', 'C171', '2023-06-06', '4926-4998', 25, 30, 350, 311.00, 0.00, 0.00, 0.00, 'P'),
(864, 3, NULL, 2, 'AMGOORIE', 'BOP', 'C172', '2023-06-07', '4926-4999', 25, 30, 350, 311.00, 0.00, 0.00, 0.00, 'P'),
(865, 3, NULL, 2, 'AMGOORIE', 'BOP', 'C173', '2023-06-08', '4926-5000', 25, 30, 350, 311.00, 0.00, 0.00, 0.00, 'P'),
(866, 3, NULL, 2, 'AMGOORIE', 'BOP', 'C174', '2023-06-09', '4926-5001', 25, 30, 350, 311.00, 0.00, 0.00, 0.00, 'P'),
(867, 3, NULL, 2, 'AMGOORIE', 'BOP', 'C175', '2023-06-10', '4926-5002', 25, 30, 350, 311.00, 0.00, 0.00, 0.00, 'P'),
(868, 3, NULL, 2, 'AMGOORIE', 'BOP', 'C176', '2023-06-11', '4926-5003', 25, 30, 350, 311.00, 0.00, 0.00, 0.00, 'P');
INSERT INTO `auction_dtl` (`acd_id`, `auc_id`, `jap_id`, `lot_no`, `garden_nm`, `grade`, `invoice_no`, `gp_date`, `chest`, `net`, `pkgs`, `valu_kg`, `base_price`, `msp`, `bid_price`, `bidder_id`, `auc_status`) VALUES
(869, 3, NULL, 2, 'AMGOORIE', 'BOP', 'C177', '2023-06-12', '4926-5004', 25, 30, 350, 311.00, 0.00, 0.00, 0.00, 'P'),
(870, 3, NULL, 2, 'AMGOORIE', 'BOP', 'C178', '2023-06-13', '4926-5005', 25, 30, 350, 311.00, 0.00, 0.00, 0.00, 'P'),
(871, 3, NULL, 2, 'AMGOORIE', 'BOP', 'C179', '2023-06-14', '4926-5006', 25, 30, 350, 311.00, 0.00, 0.00, 0.00, 'P'),
(872, 3, NULL, 2, 'AMGOORIE', 'BOP', 'C180', '2023-06-15', '4926-5007', 25, 30, 350, 311.00, 0.00, 0.00, 0.00, 'P'),
(873, 3, NULL, 2, 'AMGOORIE', 'BOP', 'C181', '2023-06-16', '4926-5008', 25, 30, 350, 311.00, 0.00, 0.00, 0.00, 'P'),
(874, 3, NULL, 2, 'AMGOORIE', 'BOP', 'C182', '2023-06-17', '4926-5009', 25, 30, 350, 311.00, 0.00, 0.00, 0.00, 'P'),
(875, 3, NULL, 2, 'AMGOORIE', 'BOP', 'C183', '2023-06-18', '4926-5010', 25, 30, 350, 311.00, 0.00, 0.00, 0.00, 'P'),
(876, 3, NULL, 2, 'AMGOORIE', 'BOP', 'C184', '2023-06-19', '4926-5011', 25, 30, 350, 311.00, 0.00, 0.00, 0.00, 'P'),
(877, 3, NULL, 2, 'AMGOORIE', 'BOP', 'C185', '2023-06-20', '4926-5012', 25, 30, 350, 311.00, 0.00, 0.00, 0.00, 'P'),
(878, 3, NULL, 2, 'AMGOORIE', 'BOP', 'C186', '2023-06-21', '4926-5013', 25, 30, 350, 311.00, 0.00, 0.00, 0.00, 'P'),
(879, 3, NULL, 2, 'AMGOORIE', 'BOP', 'C187', '2023-06-22', '4926-5014', 25, 30, 350, 311.00, 0.00, 0.00, 0.00, 'P'),
(880, 3, NULL, 2, 'AMGOORIE', 'BOP', 'C188', '2023-06-23', '4926-5015', 25, 30, 350, 311.00, 0.00, 0.00, 0.00, 'P'),
(881, 3, NULL, 2, 'AMGOORIE', 'BOP', 'C189', '2023-06-24', '4926-5016', 25, 30, 350, 311.00, 0.00, 0.00, 0.00, 'P'),
(882, 3, NULL, 2, 'AMGOORIE', 'BOP', 'C190', '2023-06-25', '4926-5017', 25, 30, 350, 311.00, 0.00, 0.00, 0.00, 'P'),
(883, 3, NULL, 2, 'AMGOORIE', 'BOP', 'C191', '2023-06-26', '4926-5018', 25, 30, 350, 311.00, 0.00, 0.00, 0.00, 'P'),
(884, 3, NULL, 2, 'AMGOORIE', 'BOP', 'C192', '2023-06-27', '4926-5019', 25, 30, 350, 311.00, 0.00, 0.00, 0.00, 'P'),
(885, 3, NULL, 2, 'AMGOORIE', 'BOP', 'C193', '2023-06-28', '4926-5020', 25, 30, 350, 311.00, 0.00, 0.00, 0.00, 'P'),
(886, 3, NULL, 2, 'AMGOORIE', 'BOP', 'C194', '2023-06-29', '4926-5021', 25, 30, 350, 311.00, 0.00, 0.00, 0.00, 'P'),
(887, 3, NULL, 2, 'AMGOORIE', 'BOP', 'C195', '2023-06-30', '4926-5022', 25, 30, 350, 311.00, 0.00, 0.00, 0.00, 'P'),
(888, 3, NULL, 2, 'AMGOORIE', 'BOP', 'C196', '2023-07-01', '4926-5023', 25, 30, 350, 311.00, 0.00, 0.00, 0.00, 'P'),
(889, 3, NULL, 2, 'AMGOORIE', 'BOP', 'C197', '2023-07-02', '4926-5024', 25, 30, 350, 311.00, 0.00, 0.00, 0.00, 'P'),
(890, 3, NULL, 2, 'AMGOORIE', 'BOP', 'C198', '2023-07-03', '4926-5025', 25, 30, 350, 311.00, 0.00, 0.00, 0.00, 'P'),
(891, 3, NULL, 2, 'AMGOORIE', 'BOP', 'C199', '2023-07-04', '4926-5026', 25, 30, 350, 311.00, 0.00, 0.00, 0.00, 'P'),
(892, 3, NULL, 2, 'AMGOORIE', 'BOP', 'C200', '2023-07-05', '4926-5027', 25, 30, 350, 311.00, 0.00, 0.00, 0.00, 'P'),
(893, 3, NULL, 2, 'AMGOORIE', 'BOP', 'C201', '2023-07-06', '4926-5028', 25, 30, 350, 311.00, 0.00, 0.00, 0.00, 'P'),
(894, 3, NULL, 2, 'AMGOORIE', 'BOP', 'C202', '2023-07-07', '4926-5029', 25, 30, 350, 311.00, 0.00, 0.00, 0.00, 'P'),
(895, 3, NULL, 2, 'AMGOORIE', 'BOP', 'C203', '2023-07-08', '4926-5030', 25, 30, 350, 311.00, 0.00, 0.00, 0.00, 'P'),
(896, 3, NULL, 2, 'AMGOORIE', 'BOP', 'C204', '2023-07-09', '4926-5031', 25, 30, 350, 311.00, 0.00, 0.00, 0.00, 'P'),
(897, 3, NULL, 2, 'AMGOORIE', 'BOP', 'C205', '2023-07-10', '4926-5032', 25, 30, 350, 311.00, 0.00, 0.00, 0.00, 'P'),
(898, 3, NULL, 2, 'AMGOORIE', 'BOP', 'C206', '2023-07-11', '4926-5033', 25, 30, 350, 311.00, 0.00, 0.00, 0.00, 'P'),
(899, 3, NULL, 2, 'AMGOORIE', 'BOP', 'C207', '2023-07-12', '4926-5034', 25, 30, 350, 311.00, 0.00, 0.00, 0.00, 'P'),
(900, 3, NULL, 2, 'AMGOORIE', 'BOP', 'C208', '2023-07-13', '4926-5035', 25, 30, 350, 311.00, 0.00, 0.00, 0.00, 'P'),
(901, 3, NULL, 2, 'AMGOORIE', 'BOP', 'C209', '2023-07-14', '4926-5036', 25, 30, 350, 311.00, 0.00, 0.00, 0.00, 'P'),
(902, 3, NULL, 2, 'AMGOORIE', 'BOP', 'C210', '2023-07-15', '4926-5037', 25, 30, 350, 311.00, 0.00, 0.00, 0.00, 'P'),
(903, 3, NULL, 2, 'AMGOORIE', 'BOP', 'C211', '2023-07-16', '4926-5038', 25, 30, 350, 311.00, 0.00, 0.00, 0.00, 'P'),
(904, 3, NULL, 2, 'AMGOORIE', 'BOP', 'C212', '2023-07-17', '4926-5039', 25, 30, 350, 311.00, 0.00, 0.00, 0.00, 'P'),
(905, 3, NULL, 2, 'AMGOORIE', 'BOP', 'C213', '2023-07-18', '4926-5040', 25, 30, 350, 311.00, 0.00, 0.00, 0.00, 'P'),
(906, 3, NULL, 2, 'AMGOORIE', 'BOP', 'C214', '2023-07-19', '4926-5041', 25, 30, 350, 311.00, 0.00, 0.00, 0.00, 'P'),
(907, 3, NULL, 2, 'AMGOORIE', 'BOP', 'C215', '2023-07-20', '4926-5042', 25, 30, 350, 311.00, 0.00, 0.00, 0.00, 'P'),
(908, 3, NULL, 2, 'AMGOORIE', 'BOP', 'C216', '2023-07-21', '4926-5043', 25, 30, 350, 311.00, 0.00, 0.00, 0.00, 'P'),
(909, 3, NULL, 2, 'AMGOORIE', 'BOP', 'C217', '2023-07-22', '4926-5044', 25, 30, 350, 311.00, 0.00, 0.00, 0.00, 'P'),
(910, 3, NULL, 2, 'AMGOORIE', 'BOP', 'C218', '2023-07-23', '4926-5045', 25, 30, 350, 311.00, 0.00, 0.00, 0.00, 'P'),
(911, 3, NULL, 2, 'AMGOORIE', 'BOP', 'C219', '2023-07-24', '4926-5046', 25, 30, 350, 311.00, 0.00, 0.00, 0.00, 'P'),
(912, 3, NULL, 2, 'AMGOORIE', 'BOP', 'C220', '2023-07-25', '4926-5047', 25, 30, 350, 311.00, 0.00, 0.00, 0.00, 'P'),
(913, 3, NULL, 2, 'AMGOORIE', 'BOP', 'C221', '2023-07-26', '4926-5048', 25, 30, 350, 311.00, 0.00, 0.00, 0.00, 'P'),
(914, 3, NULL, 2, 'AMGOORIE', 'BOP', 'C222', '2023-07-27', '4926-5049', 25, 30, 350, 311.00, 0.00, 0.00, 0.00, 'P'),
(915, 3, NULL, 2, 'AMGOORIE', 'BOP', 'C223', '2023-07-28', '4926-5050', 25, 30, 350, 311.00, 0.00, 0.00, 0.00, 'P'),
(916, 3, NULL, 2, 'AMGOORIE', 'BOP', 'C224', '2023-07-29', '4926-5051', 25, 30, 350, 311.00, 0.00, 0.00, 0.00, 'P'),
(917, 3, NULL, 2, 'AMGOORIE', 'BOP', 'C225', '2023-07-30', '4926-5052', 25, 30, 350, 311.00, 0.00, 0.00, 0.00, 'P'),
(918, 3, NULL, 2, 'AMGOORIE', 'BOP', 'C226', '2023-07-31', '4926-5053', 25, 30, 350, 311.00, 0.00, 0.00, 0.00, 'P'),
(919, 3, NULL, 2, 'AMGOORIE', 'BOP', 'C227', '2023-08-01', '4926-5054', 25, 30, 350, 311.00, 0.00, 0.00, 0.00, 'P'),
(920, 3, NULL, 2, 'AMGOORIE', 'BOP', 'C228', '2023-08-02', '4926-5055', 25, 30, 350, 311.00, 0.00, 0.00, 0.00, 'P'),
(921, 3, NULL, 2, 'AMGOORIE', 'BOP', 'C229', '2023-08-03', '4926-5056', 25, 30, 350, 311.00, 0.00, 0.00, 0.00, 'P'),
(922, 3, NULL, 2, 'AMGOORIE', 'BOP', 'C230', '2023-08-04', '4926-5057', 25, 30, 350, 311.00, 0.00, 0.00, 0.00, 'P'),
(923, 3, NULL, 2, 'AMGOORIE', 'BOP', 'C231', '2023-08-05', '4926-5058', 25, 30, 350, 311.00, 0.00, 0.00, 0.00, 'P'),
(924, 3, NULL, 2, 'AMGOORIE', 'BOP', 'C232', '2023-08-06', '4926-5059', 25, 30, 350, 311.00, 0.00, 0.00, 0.00, 'P'),
(925, 3, NULL, 2, 'AMGOORIE', 'BOP', 'C233', '2023-08-07', '4926-5060', 25, 30, 350, 311.00, 0.00, 0.00, 0.00, 'P'),
(926, 3, NULL, 2, 'AMGOORIE', 'BOP', 'C234', '2023-08-08', '4926-5061', 25, 30, 350, 311.00, 0.00, 0.00, 0.00, 'P'),
(927, 3, NULL, 2, 'AMGOORIE', 'BOP', 'C235', '2023-08-09', '4926-5062', 25, 30, 350, 311.00, 0.00, 0.00, 0.00, 'P'),
(928, 3, NULL, 2, 'AMGOORIE', 'BOP', 'C236', '2023-08-10', '4926-5063', 25, 30, 350, 311.00, 0.00, 0.00, 0.00, 'P'),
(929, 3, NULL, 2, 'AMGOORIE', 'BOP', 'C237', '2023-08-11', '4926-5064', 25, 30, 350, 311.00, 0.00, 0.00, 0.00, 'P'),
(930, 3, NULL, 2, 'AMGOORIE', 'BOP', 'C238', '2023-08-12', '4926-5065', 25, 30, 350, 311.00, 0.00, 0.00, 0.00, 'P'),
(931, 3, NULL, 2, 'AMGOORIE', 'BOP', 'C239', '2023-08-13', '4926-5066', 25, 30, 350, 311.00, 0.00, 0.00, 0.00, 'P'),
(932, 3, NULL, 2, 'AMGOORIE', 'BOP', 'C240', '2023-08-14', '4926-5067', 25, 30, 350, 311.00, 0.00, 0.00, 0.00, 'P'),
(933, 3, NULL, 2, 'AMGOORIE', 'BOP', 'C241', '2023-08-15', '4926-5068', 25, 30, 350, 311.00, 0.00, 0.00, 0.00, 'P'),
(934, 3, NULL, 2, 'AMGOORIE', 'BOP', 'C242', '2023-08-16', '4926-5069', 25, 30, 350, 311.00, 0.00, 0.00, 0.00, 'P'),
(935, 3, NULL, 2, 'AMGOORIE', 'BOP', 'C243', '2023-08-17', '4926-5070', 25, 30, 350, 311.00, 0.00, 0.00, 0.00, 'P'),
(936, 3, NULL, 2, 'AMGOORIE', 'BOP', 'C244', '2023-08-18', '4926-5071', 25, 30, 350, 311.00, 0.00, 0.00, 0.00, 'P'),
(937, 3, NULL, 2, 'AMGOORIE', 'BOP', 'C245', '2023-08-19', '4926-5072', 25, 30, 350, 311.00, 0.00, 0.00, 0.00, 'P'),
(938, 3, NULL, 2, 'AMGOORIE', 'BOP', 'C246', '2023-08-20', '4926-5073', 25, 30, 350, 311.00, 0.00, 0.00, 0.00, 'P'),
(939, 3, NULL, 2, 'AMGOORIE', 'BOP', 'C247', '2023-08-21', '4926-5074', 25, 30, 350, 311.00, 0.00, 0.00, 0.00, 'P'),
(940, 3, NULL, 2, 'AMGOORIE', 'BOP', 'C248', '2023-08-22', '4926-5075', 25, 30, 350, 311.00, 0.00, 0.00, 0.00, 'P'),
(941, 3, NULL, 2, 'AMGOORIE', 'BOP', 'C249', '2023-08-23', '4926-5076', 25, 30, 350, 311.00, 0.00, 0.00, 0.00, 'P'),
(942, 3, NULL, 2, 'AMGOORIE', 'BOP', 'C250', '2023-08-24', '4926-5077', 25, 30, 350, 311.00, 0.00, 0.00, 0.00, 'P'),
(943, 3, NULL, 2, 'AMGOORIE', 'BOP', 'C251', '2023-08-25', '4926-5078', 25, 30, 350, 311.00, 0.00, 0.00, 0.00, 'P'),
(944, 3, NULL, 2, 'AMGOORIE', 'BOP', 'C252', '2023-08-26', '4926-5079', 25, 30, 350, 311.00, 0.00, 0.00, 0.00, 'P'),
(945, 3, NULL, 2, 'AMGOORIE', 'BOP', 'C253', '2023-08-27', '4926-5080', 25, 30, 350, 311.00, 0.00, 0.00, 0.00, 'P'),
(946, 3, NULL, 2, 'AMGOORIE', 'BOP', 'C254', '2023-08-28', '4926-5081', 25, 30, 350, 311.00, 0.00, 0.00, 0.00, 'P'),
(947, 3, NULL, 2, 'AMGOORIE', 'BOP', 'C255', '2023-08-29', '4926-5082', 25, 30, 350, 311.00, 0.00, 0.00, 0.00, 'P'),
(948, 3, NULL, 2, 'AMGOORIE', 'BOP', 'C256', '2023-08-30', '4926-5083', 25, 30, 350, 311.00, 0.00, 0.00, 0.00, 'P'),
(949, 3, NULL, 2, 'AMGOORIE', 'BOP', 'C257', '2023-08-31', '4926-5084', 25, 30, 350, 311.00, 0.00, 0.00, 0.00, 'P'),
(950, 3, NULL, 2, 'AMGOORIE', 'BOP', 'C258', '2023-09-01', '4926-5085', 25, 30, 350, 311.00, 0.00, 0.00, 0.00, 'P'),
(951, 3, NULL, 2, 'AMGOORIE', 'BOP', 'C259', '2023-09-02', '4926-5086', 25, 30, 350, 311.00, 0.00, 0.00, 0.00, 'P'),
(952, 3, NULL, 2, 'AMGOORIE', 'BOP', 'C260', '2023-09-03', '4926-5087', 25, 30, 350, 311.00, 0.00, 0.00, 0.00, 'P'),
(953, 3, NULL, 2, 'AMGOORIE', 'BOP', 'C261', '2023-09-04', '4926-5088', 25, 30, 350, 311.00, 0.00, 0.00, 0.00, 'P'),
(954, 3, NULL, 2, 'AMGOORIE', 'BOP', 'C262', '2023-09-05', '4926-5089', 25, 30, 350, 311.00, 0.00, 0.00, 0.00, 'P'),
(955, 3, NULL, 2, 'AMGOORIE', 'BOP', 'C263', '2023-09-06', '4926-5090', 25, 30, 350, 311.00, 0.00, 0.00, 0.00, 'P'),
(956, 3, NULL, 2, 'AMGOORIE', 'BOP', 'C264', '2023-09-07', '4926-5091', 25, 30, 350, 311.00, 0.00, 0.00, 0.00, 'P'),
(957, 3, NULL, 2, 'AMGOORIE', 'BOP', 'C265', '2023-09-08', '4926-5092', 25, 30, 350, 311.00, 0.00, 0.00, 0.00, 'P'),
(958, 3, NULL, 2, 'AMGOORIE', 'BOP', 'C266', '2023-09-09', '4926-5093', 25, 30, 350, 311.00, 0.00, 0.00, 0.00, 'P'),
(959, 3, NULL, 2, 'AMGOORIE', 'BOP', 'C267', '2023-09-10', '4926-5094', 25, 30, 350, 311.00, 0.00, 0.00, 0.00, 'P'),
(960, 3, NULL, 2, 'AMGOORIE', 'BOP', 'C268', '2023-09-11', '4926-5095', 25, 30, 350, 311.00, 0.00, 0.00, 0.00, 'P'),
(961, 3, NULL, 2, 'AMGOORIE', 'BOP', 'C269', '2023-09-12', '4926-5096', 25, 30, 350, 311.00, 0.00, 0.00, 0.00, 'P'),
(962, 3, NULL, 2, 'AMGOORIE', 'BOP', 'C270', '2023-09-13', '4926-5097', 25, 30, 350, 311.00, 0.00, 0.00, 0.00, 'P'),
(963, 3, NULL, 2, 'AMGOORIE', 'BOP', 'C271', '2023-09-14', '4926-5098', 25, 30, 350, 311.00, 0.00, 0.00, 0.00, 'P'),
(964, 3, NULL, 2, 'AMGOORIE', 'BOP', 'C272', '2023-09-15', '4926-5099', 25, 30, 350, 311.00, 0.00, 0.00, 0.00, 'P'),
(965, 3, NULL, 2, 'AMGOORIE', 'BOP', 'C273', '2023-09-16', '4926-5100', 25, 30, 350, 311.00, 0.00, 0.00, 0.00, 'P'),
(966, 3, NULL, 2, 'AMGOORIE', 'BOP', 'C274', '2023-09-17', '4926-5101', 25, 30, 350, 311.00, 0.00, 0.00, 0.00, 'P'),
(967, 3, NULL, 2, 'AMGOORIE', 'BOP', 'C275', '2023-09-18', '4926-5102', 25, 30, 350, 311.00, 0.00, 0.00, 0.00, 'P'),
(968, 3, NULL, 2, 'AMGOORIE', 'BOP', 'C276', '2023-09-19', '4926-5103', 25, 30, 350, 311.00, 0.00, 0.00, 0.00, 'P'),
(969, 3, NULL, 2, 'AMGOORIE', 'BOP', 'C277', '2023-09-20', '4926-5104', 25, 30, 350, 311.00, 0.00, 0.00, 0.00, 'P'),
(970, 3, NULL, 2, 'AMGOORIE', 'BOP', 'C278', '2023-09-21', '4926-5105', 25, 30, 350, 311.00, 0.00, 0.00, 0.00, 'P'),
(971, 3, NULL, 2, 'AMGOORIE', 'BOP', 'C279', '2023-09-22', '4926-5106', 25, 30, 350, 311.00, 0.00, 0.00, 0.00, 'P'),
(972, 3, NULL, 2, 'AMGOORIE', 'BOP', 'C280', '2023-09-23', '4926-5107', 25, 30, 350, 311.00, 0.00, 0.00, 0.00, 'P'),
(973, 3, NULL, 2, 'AMGOORIE', 'BOP', 'C281', '2023-09-24', '4926-5108', 25, 30, 350, 311.00, 0.00, 0.00, 0.00, 'P'),
(974, 3, NULL, 2, 'AMGOORIE', 'BOP', 'C282', '2023-09-25', '4926-5109', 25, 30, 350, 311.00, 0.00, 0.00, 0.00, 'P'),
(975, 3, NULL, 2, 'AMGOORIE', 'BOP', 'C283', '2023-09-26', '4926-5110', 25, 30, 350, 311.00, 0.00, 0.00, 0.00, 'P'),
(976, 3, NULL, 2, 'AMGOORIE', 'BOP', 'C284', '2023-09-27', '4926-5111', 25, 30, 350, 311.00, 0.00, 0.00, 0.00, 'P'),
(977, 3, NULL, 2, 'AMGOORIE', 'BOP', 'C285', '2023-09-28', '4926-5112', 25, 30, 350, 311.00, 0.00, 0.00, 0.00, 'P'),
(978, 3, NULL, 2, 'AMGOORIE', 'BOP', 'C286', '2023-09-29', '4926-5113', 25, 30, 350, 311.00, 0.00, 0.00, 0.00, 'P'),
(979, 3, NULL, 2, 'AMGOORIE', 'BOP', 'C287', '2023-09-30', '4926-5114', 25, 30, 350, 311.00, 0.00, 0.00, 0.00, 'P'),
(980, 3, NULL, 2, 'AMGOORIE', 'BOP', 'C288', '2023-10-01', '4926-5115', 25, 30, 350, 311.00, 0.00, 0.00, 0.00, 'P'),
(981, 3, NULL, 2, 'AMGOORIE', 'BOP', 'C289', '2023-10-02', '4926-5116', 25, 30, 350, 311.00, 0.00, 0.00, 0.00, 'P'),
(982, 3, NULL, 2, 'AMGOORIE', 'BOP', 'C290', '2023-10-03', '4926-5117', 25, 30, 350, 311.00, 0.00, 0.00, 0.00, 'P'),
(983, 3, NULL, 2, 'AMGOORIE', 'BOP', 'C291', '2023-10-04', '4926-5118', 25, 30, 350, 311.00, 0.00, 0.00, 0.00, 'P'),
(984, 3, NULL, 2, 'AMGOORIE', 'BOP', 'C292', '2023-10-05', '4926-5119', 25, 30, 350, 311.00, 0.00, 0.00, 0.00, 'P'),
(985, 3, NULL, 2, 'AMGOORIE', 'BOP', 'C293', '2023-10-06', '4926-5120', 25, 30, 350, 311.00, 0.00, 0.00, 0.00, 'P'),
(986, 3, NULL, 2, 'AMGOORIE', 'BOP', 'C294', '2023-10-07', '4926-5121', 25, 30, 350, 311.00, 0.00, 0.00, 0.00, 'P'),
(987, 3, NULL, 2, 'AMGOORIE', 'BOP', 'C295', '2023-10-08', '4926-5122', 25, 30, 350, 311.00, 0.00, 0.00, 0.00, 'P'),
(988, 3, NULL, 2, 'AMGOORIE', 'BOP', 'C296', '2023-10-09', '4926-5123', 25, 30, 350, 311.00, 0.00, 0.00, 0.00, 'P'),
(989, 3, NULL, 2, 'AMGOORIE', 'BOP', 'C297', '2023-10-10', '4926-5124', 25, 30, 350, 311.00, 0.00, 0.00, 0.00, 'P'),
(990, 3, NULL, 2, 'AMGOORIE', 'BOP', 'C298', '2023-10-11', '4926-5125', 25, 30, 350, 311.00, 0.00, 0.00, 0.00, 'P'),
(991, 3, NULL, 2, 'AMGOORIE', 'BOP', 'C299', '2023-10-12', '4926-5126', 25, 30, 350, 311.00, 0.00, 0.00, 0.00, 'P'),
(992, 3, NULL, 2, 'AMGOORIE', 'BOP', 'C300', '2023-10-13', '4926-5127', 25, 30, 350, 311.00, 0.00, 0.00, 0.00, 'P'),
(993, 3, NULL, 2, 'AMGOORIE', 'BOP', 'C301', '2023-10-14', '4926-5128', 25, 30, 350, 311.00, 0.00, 0.00, 0.00, 'P'),
(994, 3, NULL, 2, 'AMGOORIE', 'BOP', 'C302', '2023-10-15', '4926-5129', 25, 30, 350, 311.00, 0.00, 0.00, 0.00, 'P'),
(995, 3, NULL, 2, 'AMGOORIE', 'BOP', 'C303', '2023-10-16', '4926-5130', 25, 30, 350, 311.00, 0.00, 0.00, 0.00, 'P'),
(996, 3, NULL, 2, 'AMGOORIE', 'BOP', 'C304', '2023-10-17', '4926-5131', 25, 30, 350, 311.00, 0.00, 0.00, 0.00, 'P'),
(997, 3, NULL, 2, 'AMGOORIE', 'BOP', 'C305', '2023-10-18', '4926-5132', 25, 30, 350, 311.00, 0.00, 0.00, 0.00, 'P'),
(998, 3, NULL, 2, 'AMGOORIE', 'BOP', 'C306', '2023-10-19', '4926-5133', 25, 30, 350, 311.00, 0.00, 0.00, 0.00, 'P'),
(999, 3, NULL, 2, 'AMGOORIE', 'BOP', 'C307', '2023-10-20', '4926-5134', 25, 30, 350, 311.00, 0.00, 0.00, 0.00, 'P'),
(1000, 3, NULL, 2, 'AMGOORIE', 'BOP', 'C308', '2023-10-21', '4926-5135', 25, 30, 350, 311.00, 0.00, 0.00, 0.00, 'P'),
(1001, 3, NULL, 2, 'AMGOORIE', 'BOP', 'C309', '2023-10-22', '4926-5136', 25, 30, 350, 311.00, 0.00, 0.00, 0.00, 'P'),
(1002, 3, NULL, 2, 'AMGOORIE', 'BOP', 'C310', '2023-10-23', '4926-5137', 25, 30, 350, 311.00, 0.00, 0.00, 0.00, 'P'),
(1003, 3, NULL, 2, 'AMGOORIE', 'BOP', 'C311', '2023-10-24', '4926-5138', 25, 30, 350, 311.00, 0.00, 0.00, 0.00, 'P'),
(1004, 3, NULL, 2, 'AMGOORIE', 'BOP', 'C312', '2023-10-25', '4926-5139', 25, 30, 350, 311.00, 0.00, 0.00, 0.00, 'P'),
(1005, 3, NULL, 2, 'AMGOORIE', 'BOP', 'C313', '2023-10-26', '4926-5140', 25, 30, 350, 311.00, 0.00, 0.00, 0.00, 'P'),
(1006, 3, NULL, 2, 'AMGOORIE', 'BOP', 'C314', '2023-10-27', '4926-5141', 25, 30, 350, 311.00, 0.00, 0.00, 0.00, 'P'),
(1007, 3, NULL, 2, 'AMGOORIE', 'BOP', 'C315', '2023-10-28', '4926-5142', 25, 30, 350, 311.00, 0.00, 0.00, 0.00, 'P'),
(1008, 3, NULL, 2, 'AMGOORIE', 'BOP', 'C316', '2023-10-29', '4926-5143', 25, 30, 350, 311.00, 0.00, 0.00, 0.00, 'P'),
(1009, 3, NULL, 2, 'AMGOORIE', 'BOP', 'C317', '2023-10-30', '4926-5144', 25, 30, 350, 311.00, 0.00, 0.00, 0.00, 'P'),
(1010, 3, NULL, 2, 'AMGOORIE', 'BOP', 'C318', '2023-10-31', '4926-5145', 25, 30, 350, 311.00, 0.00, 0.00, 0.00, 'P'),
(1011, 3, NULL, 2, 'AMGOORIE', 'BOP', 'C319', '2023-11-01', '4926-5146', 25, 30, 350, 311.00, 0.00, 0.00, 0.00, 'P'),
(1012, 3, NULL, 2, 'AMGOORIE', 'BOP', 'C320', '2023-11-02', '4926-5147', 25, 30, 350, 311.00, 0.00, 0.00, 0.00, 'P'),
(1013, 3, NULL, 2, 'AMGOORIE', 'BOP', 'C321', '2023-11-03', '4926-5148', 25, 30, 350, 311.00, 0.00, 0.00, 0.00, 'P'),
(1014, 3, NULL, 2, 'AMGOORIE', 'BOP', 'C322', '2023-11-04', '4926-5149', 25, 30, 350, 311.00, 0.00, 0.00, 0.00, 'P'),
(1015, 3, NULL, 2, 'AMGOORIE', 'BOP', 'C323', '2023-11-05', '4926-5150', 25, 30, 350, 311.00, 0.00, 0.00, 0.00, 'P'),
(1016, 3, NULL, 2, 'AMGOORIE', 'BOP', 'C324', '2023-11-06', '4926-5151', 25, 30, 350, 311.00, 0.00, 0.00, 0.00, 'P'),
(1017, 3, NULL, 2, 'AMGOORIE', 'BOP', 'C325', '2023-11-07', '4926-5152', 25, 30, 350, 311.00, 0.00, 0.00, 0.00, 'P'),
(1018, 3, NULL, 2, 'AMGOORIE', 'BOP', 'C326', '2023-11-08', '4926-5153', 25, 30, 350, 311.00, 0.00, 0.00, 0.00, 'P'),
(1019, 3, NULL, 2, 'AMGOORIE', 'BOP', 'C327', '2023-11-09', '4926-5154', 25, 30, 350, 311.00, 0.00, 0.00, 0.00, 'P'),
(1020, 3, NULL, 2, 'AMGOORIE', 'BOP', 'C328', '2023-11-10', '4926-5155', 25, 30, 350, 311.00, 0.00, 0.00, 0.00, 'P'),
(1021, 3, NULL, 2, 'AMGOORIE', 'BOP', 'C329', '2023-11-11', '4926-5156', 25, 30, 350, 311.00, 0.00, 0.00, 0.00, 'P'),
(1022, 3, NULL, 2, 'AMGOORIE', 'BOP', 'C330', '2023-11-12', '4926-5157', 25, 30, 350, 311.00, 0.00, 0.00, 0.00, 'P'),
(1023, 3, NULL, 2, 'AMGOORIE', 'BOP', 'C331', '2023-11-13', '4926-5158', 25, 30, 350, 311.00, 0.00, 0.00, 0.00, 'P'),
(1024, 3, NULL, 2, 'AMGOORIE', 'BOP', 'C332', '2023-11-14', '4926-5159', 25, 30, 350, 311.00, 0.00, 0.00, 0.00, 'P'),
(1025, 3, NULL, 2, 'AMGOORIE', 'BOP', 'C333', '2023-11-15', '4926-5160', 25, 30, 350, 311.00, 0.00, 0.00, 0.00, 'P'),
(1026, 3, NULL, 2, 'AMGOORIE', 'BOP', 'C334', '2023-11-16', '4926-5161', 25, 30, 350, 311.00, 0.00, 0.00, 0.00, 'P'),
(1027, 3, NULL, 2, 'AMGOORIE', 'BOP', 'C335', '2023-11-17', '4926-5162', 25, 30, 350, 311.00, 0.00, 0.00, 0.00, 'P'),
(1028, 3, NULL, 2, 'AMGOORIE', 'BOP', 'C336', '2023-11-18', '4926-5163', 25, 30, 350, 311.00, 0.00, 0.00, 0.00, 'P'),
(1029, 3, NULL, 2, 'AMGOORIE', 'BOP', 'C337', '2023-11-19', '4926-5164', 25, 30, 350, 311.00, 0.00, 0.00, 0.00, 'P'),
(1030, 3, NULL, 2, 'AMGOORIE', 'BOP', 'C338', '2023-11-20', '4926-5165', 25, 30, 350, 311.00, 0.00, 0.00, 0.00, 'P'),
(1031, 3, NULL, 2, 'AMGOORIE', 'BOP', 'C339', '2023-11-21', '4926-5166', 25, 30, 350, 311.00, 0.00, 0.00, 0.00, 'P'),
(1032, 3, NULL, 2, 'AMGOORIE', 'BOP', 'C340', '2023-11-22', '4926-5167', 25, 30, 350, 311.00, 0.00, 0.00, 0.00, 'P'),
(1033, 3, NULL, 2, 'AMGOORIE', 'BOP', 'C341', '2023-11-23', '4926-5168', 25, 30, 350, 311.00, 0.00, 0.00, 0.00, 'P'),
(1034, 3, NULL, 2, 'AMGOORIE', 'BOP', 'C342', '2023-11-24', '4926-5169', 25, 30, 350, 311.00, 0.00, 0.00, 0.00, 'P'),
(1035, 3, NULL, 2, 'AMGOORIE', 'BOP', 'C343', '2023-11-25', '4926-5170', 25, 30, 350, 311.00, 0.00, 0.00, 0.00, 'P'),
(1036, 3, NULL, 2, 'AMGOORIE', 'BOP', 'C344', '2023-11-26', '4926-5171', 25, 30, 350, 311.00, 0.00, 0.00, 0.00, 'P'),
(1037, 3, NULL, 2, 'AMGOORIE', 'BOP', 'C345', '2023-11-27', '4926-5172', 25, 30, 350, 311.00, 0.00, 0.00, 0.00, 'P'),
(1038, 3, NULL, 2, 'AMGOORIE', 'BOP', 'C346', '2023-11-28', '4926-5173', 25, 30, 350, 311.00, 0.00, 0.00, 0.00, 'P'),
(1039, 3, NULL, 2, 'AMGOORIE', 'BOP', 'C347', '2023-11-29', '4926-5174', 25, 30, 350, 311.00, 0.00, 0.00, 0.00, 'P'),
(1040, 3, NULL, 2, 'AMGOORIE', 'BOP', 'C348', '2023-11-30', '4926-5175', 25, 30, 350, 311.00, 0.00, 0.00, 0.00, 'P'),
(1041, 3, NULL, 2, 'AMGOORIE', 'BOP', 'C349', '2023-12-01', '4926-5176', 25, 30, 350, 311.00, 0.00, 0.00, 0.00, 'P'),
(1042, 3, NULL, 2, 'AMGOORIE', 'BOP', 'C350', '2023-12-02', '4926-5177', 25, 30, 350, 311.00, 0.00, 0.00, 0.00, 'P'),
(1043, 3, NULL, 2, 'AMGOORIE', 'BOP', 'C351', '2023-12-03', '4926-5178', 25, 30, 350, 311.00, 0.00, 0.00, 0.00, 'P'),
(1044, 3, NULL, 2, 'AMGOORIE', 'BOP', 'C352', '2023-12-04', '4926-5179', 25, 30, 350, 311.00, 0.00, 0.00, 0.00, 'P'),
(1045, 3, NULL, 2, 'AMGOORIE', 'BOP', 'C353', '2023-12-05', '4926-5180', 25, 30, 350, 311.00, 0.00, 0.00, 0.00, 'P'),
(1046, 3, NULL, 2, 'AMGOORIE', 'BOP', 'C354', '2023-12-06', '4926-5181', 25, 30, 350, 311.00, 0.00, 0.00, 0.00, 'P'),
(1047, 3, NULL, 2, 'AMGOORIE', 'BOP', 'C355', '2023-12-07', '4926-5182', 25, 30, 350, 311.00, 0.00, 0.00, 0.00, 'P'),
(1048, 3, NULL, 2, 'AMGOORIE', 'BOP', 'C356', '2023-12-08', '4926-5183', 25, 30, 350, 311.00, 0.00, 0.00, 0.00, 'P'),
(1049, 3, NULL, 2, 'AMGOORIE', 'BOP', 'C357', '2023-12-09', '4926-5184', 25, 30, 350, 311.00, 0.00, 0.00, 0.00, 'P'),
(1050, 3, NULL, 2, 'AMGOORIE', 'BOP', 'C358', '2023-12-10', '4926-5185', 25, 30, 350, 311.00, 0.00, 0.00, 0.00, 'P'),
(1051, 3, NULL, 2, 'AMGOORIE', 'BOP', 'C359', '2023-12-11', '4926-5186', 25, 30, 350, 311.00, 0.00, 0.00, 0.00, 'P'),
(1052, 3, NULL, 2, 'AMGOORIE', 'BOP', 'C360', '2023-12-12', '4926-5187', 25, 30, 350, 311.00, 0.00, 0.00, 0.00, 'P'),
(1053, 3, NULL, 2, 'AMGOORIE', 'BOP', 'C361', '2023-12-13', '4926-5188', 25, 30, 350, 311.00, 0.00, 0.00, 0.00, 'P'),
(1054, 3, NULL, 2, 'AMGOORIE', 'BOP', 'C362', '2023-12-14', '4926-5189', 25, 30, 350, 311.00, 0.00, 0.00, 0.00, 'P'),
(1055, 3, NULL, 2, 'AMGOORIE', 'BOP', 'C363', '2023-12-15', '4926-5190', 25, 30, 350, 311.00, 0.00, 0.00, 0.00, 'P'),
(1056, 3, NULL, 2, 'AMGOORIE', 'BOP', 'C364', '2023-12-16', '4926-5191', 25, 30, 350, 311.00, 0.00, 0.00, 0.00, 'P'),
(1057, 3, NULL, 2, 'AMGOORIE', 'BOP', 'C365', '2023-12-17', '4926-5192', 25, 30, 350, 311.00, 0.00, 0.00, 0.00, 'P'),
(1058, 3, NULL, 2, 'AMGOORIE', 'BOP', 'C366', '2023-12-18', '4926-5193', 25, 30, 350, 311.00, 0.00, 0.00, 0.00, 'P'),
(1059, 3, NULL, 2, 'AMGOORIE', 'BOP', 'C367', '2023-12-19', '4926-5194', 25, 30, 350, 311.00, 0.00, 0.00, 0.00, 'P'),
(1060, 3, NULL, 2, 'AMGOORIE', 'BOP', 'C368', '2023-12-20', '4926-5195', 25, 30, 350, 311.00, 0.00, 0.00, 0.00, 'P'),
(1061, 3, NULL, 2, 'AMGOORIE', 'BOP', 'C369', '2023-12-21', '4926-5196', 25, 30, 350, 311.00, 0.00, 0.00, 0.00, 'P'),
(1062, 3, NULL, 2, 'AMGOORIE', 'BOP', 'C370', '2023-12-22', '4926-5197', 25, 30, 350, 311.00, 0.00, 0.00, 0.00, 'P'),
(1063, 3, NULL, 2, 'AMGOORIE', 'BOP', 'C371', '2023-12-23', '4926-5198', 25, 30, 350, 311.00, 0.00, 0.00, 0.00, 'P'),
(1064, 3, NULL, 2, 'AMGOORIE', 'BOP', 'C372', '2023-12-24', '4926-5199', 25, 30, 350, 311.00, 0.00, 0.00, 0.00, 'P'),
(1065, 3, NULL, 2, 'AMGOORIE', 'BOP', 'C373', '2023-12-25', '4926-5200', 25, 30, 350, 311.00, 0.00, 0.00, 0.00, 'P'),
(1066, 3, NULL, 2, 'AMGOORIE', 'BOP', 'C374', '2023-12-26', '4926-5201', 25, 30, 350, 311.00, 0.00, 0.00, 0.00, 'P'),
(1067, 3, NULL, 2, 'AMGOORIE', 'BOP', 'C375', '2023-12-27', '4926-5202', 25, 30, 350, 311.00, 0.00, 0.00, 0.00, 'P'),
(1068, 3, NULL, 2, 'AMGOORIE', 'BOP', 'C376', '2023-12-28', '4926-5203', 25, 30, 350, 311.00, 0.00, 0.00, 0.00, 'P'),
(1069, 3, NULL, 2, 'AMGOORIE', 'BOP', 'C377', '2023-12-29', '4926-5204', 25, 30, 350, 311.00, 0.00, 0.00, 0.00, 'P'),
(1070, 3, NULL, 2, 'AMGOORIE', 'BOP', 'C378', '2023-12-30', '4926-5205', 25, 30, 350, 311.00, 0.00, 0.00, 0.00, 'P'),
(1071, 3, NULL, 2, 'AMGOORIE', 'BOP', 'C379', '2023-12-31', '4926-5206', 25, 30, 350, 311.00, 0.00, 0.00, 0.00, 'P'),
(1072, 3, NULL, 2, 'AMGOORIE', 'BOP', 'C380', '2024-01-01', '4926-5207', 25, 30, 350, 311.00, 0.00, 0.00, 0.00, 'P'),
(1073, 3, NULL, 2, 'AMGOORIE', 'BOP', 'C381', '2024-01-02', '4926-5208', 25, 30, 350, 311.00, 0.00, 0.00, 0.00, 'P'),
(1074, 3, NULL, 2, 'AMGOORIE', 'BOP', 'C382', '2024-01-03', '4926-5209', 25, 30, 350, 311.00, 0.00, 0.00, 0.00, 'P'),
(1075, 3, NULL, 2, 'AMGOORIE', 'BOP', 'C383', '2024-01-04', '4926-5210', 25, 30, 350, 311.00, 0.00, 0.00, 0.00, 'P'),
(1076, 3, NULL, 2, 'AMGOORIE', 'BOP', 'C384', '2024-01-05', '4926-5211', 25, 30, 350, 311.00, 0.00, 0.00, 0.00, 'P'),
(1077, 3, NULL, 2, 'AMGOORIE', 'BOP', 'C385', '2024-01-06', '4926-5212', 25, 30, 350, 311.00, 0.00, 0.00, 0.00, 'P'),
(1078, 3, NULL, 2, 'AMGOORIE', 'BOP', 'C386', '2024-01-07', '4926-5213', 25, 30, 350, 311.00, 0.00, 0.00, 0.00, 'P'),
(1079, 3, NULL, 2, 'AMGOORIE', 'BOP', 'C387', '2024-01-08', '4926-5214', 25, 30, 350, 311.00, 0.00, 0.00, 0.00, 'P'),
(1080, 3, NULL, 2, 'AMGOORIE', 'BOP', 'C388', '2024-01-09', '4926-5215', 25, 30, 350, 311.00, 0.00, 0.00, 0.00, 'P'),
(1081, 3, NULL, 2, 'AMGOORIE', 'BOP', 'C389', '2024-01-10', '4926-5216', 25, 30, 350, 311.00, 0.00, 0.00, 0.00, 'P'),
(1082, 3, NULL, 2, 'AMGOORIE', 'BOP', 'C390', '2024-01-11', '4926-5217', 25, 30, 350, 311.00, 0.00, 0.00, 0.00, 'P'),
(1083, 3, NULL, 2, 'AMGOORIE', 'BOP', 'C391', '2024-01-12', '4926-5218', 25, 30, 350, 311.00, 0.00, 0.00, 0.00, 'P'),
(1084, 3, NULL, 2, 'AMGOORIE', 'BOP', 'C392', '2024-01-13', '4926-5219', 25, 30, 350, 311.00, 0.00, 0.00, 0.00, 'P'),
(1085, 3, NULL, 2, 'AMGOORIE', 'BOP', 'C393', '2024-01-14', '4926-5220', 25, 30, 350, 311.00, 0.00, 0.00, 0.00, 'P'),
(1086, 3, NULL, 2, 'AMGOORIE', 'BOP', 'C394', '2024-01-15', '4926-5221', 25, 30, 350, 311.00, 0.00, 0.00, 0.00, 'P'),
(1087, 3, NULL, 2, 'AMGOORIE', 'BOP', 'C395', '2024-01-16', '4926-5222', 25, 30, 350, 311.00, 0.00, 0.00, 0.00, 'P'),
(1088, 3, NULL, 2, 'AMGOORIE', 'BOP', 'C396', '2024-01-17', '4926-5223', 25, 30, 350, 311.00, 0.00, 0.00, 0.00, 'P'),
(1089, 3, NULL, 2, 'AMGOORIE', 'BOP', 'C397', '2024-01-18', '4926-5224', 25, 30, 350, 311.00, 0.00, 0.00, 0.00, 'P'),
(1090, 3, NULL, 2, 'AMGOORIE', 'BOP', 'C398', '2024-01-19', '4926-5225', 25, 30, 350, 311.00, 0.00, 0.00, 0.00, 'P'),
(1091, 3, NULL, 2, 'AMGOORIE', 'BOP', 'C399', '2024-01-20', '4926-5226', 25, 30, 350, 311.00, 0.00, 0.00, 0.00, 'P'),
(1092, 3, NULL, 2, 'AMGOORIE', 'BOP', 'C400', '2024-01-21', '4926-5227', 25, 30, 350, 311.00, 0.00, 0.00, 0.00, 'P'),
(1093, 3, NULL, 2, 'AMGOORIE', 'BOP', 'C401', '2024-01-22', '4926-5228', 25, 30, 350, 311.00, 0.00, 0.00, 0.00, 'P'),
(1094, 3, NULL, 2, 'AMGOORIE', 'BOP', 'C402', '2024-01-23', '4926-5229', 25, 30, 350, 311.00, 0.00, 0.00, 0.00, 'P'),
(1095, 3, NULL, 2, 'AMGOORIE', 'BOP', 'C403', '2024-01-24', '4926-5230', 25, 30, 350, 311.00, 0.00, 0.00, 0.00, 'P'),
(1096, 3, NULL, 2, 'AMGOORIE', 'BOP', 'C404', '2024-01-25', '4926-5231', 25, 30, 350, 311.00, 0.00, 0.00, 0.00, 'P'),
(1097, 3, NULL, 2, 'AMGOORIE', 'BOP', 'C405', '2024-01-26', '4926-5232', 25, 30, 350, 311.00, 0.00, 0.00, 0.00, 'P'),
(1098, 3, NULL, 2, 'AMGOORIE', 'BOP', 'C406', '2024-01-27', '4926-5233', 25, 30, 350, 311.00, 0.00, 0.00, 0.00, 'P'),
(1099, 3, NULL, 2, 'AMGOORIE', 'BOP', 'C407', '2024-01-28', '4926-5234', 25, 30, 350, 311.00, 0.00, 0.00, 0.00, 'P'),
(1100, 3, NULL, 2, 'AMGOORIE', 'BOP', 'C408', '2024-01-29', '4926-5235', 25, 30, 350, 311.00, 0.00, 0.00, 0.00, 'P'),
(1101, 3, NULL, 2, 'AMGOORIE', 'BOP', 'C409', '2024-01-30', '4926-5236', 25, 30, 350, 311.00, 0.00, 0.00, 0.00, 'P'),
(1102, 3, NULL, 2, 'AMGOORIE', 'BOP', 'C410', '2024-01-31', '4926-5237', 25, 30, 350, 311.00, 0.00, 0.00, 0.00, 'P'),
(1103, 3, NULL, 2, 'AMGOORIE', 'BOP', 'C411', '2024-02-01', '4926-5238', 25, 30, 350, 311.00, 0.00, 0.00, 0.00, 'P'),
(1104, 3, NULL, 2, 'AMGOORIE', 'BOP', 'C412', '2024-02-02', '4926-5239', 25, 30, 350, 311.00, 0.00, 0.00, 0.00, 'P'),
(1105, 3, NULL, 2, 'AMGOORIE', 'BOP', 'C413', '2024-02-03', '4926-5240', 25, 30, 350, 311.00, 0.00, 0.00, 0.00, 'P'),
(1106, 3, NULL, 2, 'AMGOORIE', 'BOP', 'C414', '2024-02-04', '4926-5241', 25, 30, 350, 311.00, 0.00, 0.00, 0.00, 'P'),
(1107, 3, NULL, 2, 'AMGOORIE', 'BOP', 'C415', '2024-02-05', '4926-5242', 25, 30, 350, 311.00, 0.00, 0.00, 0.00, 'P'),
(1108, 3, NULL, 2, 'AMGOORIE', 'BOP', 'C416', '2024-02-06', '4926-5243', 25, 30, 350, 311.00, 0.00, 0.00, 0.00, 'P'),
(1109, 3, NULL, 2, 'AMGOORIE', 'BOP', 'C417', '2024-02-07', '4926-5244', 25, 30, 350, 311.00, 0.00, 0.00, 0.00, 'P'),
(1110, 3, NULL, 2, 'AMGOORIE', 'BOP', 'C418', '2024-02-08', '4926-5245', 25, 30, 350, 311.00, 0.00, 0.00, 0.00, 'P'),
(1111, 3, NULL, 2, 'AMGOORIE', 'BOP', 'C419', '2024-02-09', '4926-5246', 25, 30, 350, 311.00, 0.00, 0.00, 0.00, 'P'),
(1112, 3, NULL, 2, 'AMGOORIE', 'BOP', 'C420', '2024-02-10', '4926-5247', 25, 30, 350, 311.00, 0.00, 0.00, 0.00, 'P'),
(1113, 3, NULL, 2, 'AMGOORIE', 'BOP', 'C421', '2024-02-11', '4926-5248', 25, 30, 350, 311.00, 0.00, 0.00, 0.00, 'P'),
(1114, 3, NULL, 2, 'AMGOORIE', 'BOP', 'C422', '2024-02-12', '4926-5249', 25, 30, 350, 311.00, 0.00, 0.00, 0.00, 'P'),
(1115, 3, NULL, 2, 'AMGOORIE', 'BOP', 'C423', '2024-02-13', '4926-5250', 25, 30, 350, 311.00, 0.00, 0.00, 0.00, 'P'),
(1116, 3, NULL, 2, 'AMGOORIE', 'BOP', 'C424', '2024-02-14', '4926-5251', 25, 30, 350, 311.00, 0.00, 0.00, 0.00, 'P'),
(1117, 3, NULL, 2, 'AMGOORIE', 'BOP', 'C425', '2024-02-15', '4926-5252', 25, 30, 350, 311.00, 0.00, 0.00, 0.00, 'P'),
(1118, 3, NULL, 2, 'AMGOORIE', 'BOP', 'C426', '2024-02-16', '4926-5253', 25, 30, 350, 311.00, 0.00, 0.00, 0.00, 'P'),
(1119, 3, NULL, 2, 'AMGOORIE', 'BOP', 'C427', '2024-02-17', '4926-5254', 25, 30, 350, 311.00, 0.00, 0.00, 0.00, 'P'),
(1120, 3, NULL, 2, 'AMGOORIE', 'BOP', 'C428', '2024-02-18', '4926-5255', 25, 30, 350, 311.00, 0.00, 0.00, 0.00, 'P'),
(1121, 3, NULL, 2, 'AMGOORIE', 'BOP', 'C429', '2024-02-19', '4926-5256', 25, 30, 350, 311.00, 0.00, 0.00, 0.00, 'P'),
(1122, 3, NULL, 2, 'AMGOORIE', 'BOP', 'C430', '2024-02-20', '4926-5257', 25, 30, 350, 311.00, 0.00, 0.00, 0.00, 'P'),
(1123, 3, NULL, 2, 'AMGOORIE', 'BOP', 'C431', '2024-02-21', '4926-5258', 25, 30, 350, 311.00, 0.00, 0.00, 0.00, 'P'),
(1124, 3, NULL, 2, 'AMGOORIE', 'BOP', 'C432', '2024-02-22', '4926-5259', 25, 30, 350, 311.00, 0.00, 0.00, 0.00, 'P'),
(1125, 3, NULL, 2, 'AMGOORIE', 'BOP', 'C433', '2024-02-23', '4926-5260', 25, 30, 350, 311.00, 0.00, 0.00, 0.00, 'P'),
(1126, 3, NULL, 2, 'AMGOORIE', 'BOP', 'C434', '2024-02-24', '4926-5261', 25, 30, 350, 311.00, 0.00, 0.00, 0.00, 'P'),
(1127, 3, NULL, 2, 'AMGOORIE', 'BOP', 'C435', '2024-02-25', '4926-5262', 25, 30, 350, 311.00, 0.00, 0.00, 0.00, 'P'),
(1128, 3, NULL, 2, 'AMGOORIE', 'BOP', 'C436', '2024-02-26', '4926-5263', 25, 30, 350, 311.00, 0.00, 0.00, 0.00, 'P'),
(1129, 3, NULL, 2, 'AMGOORIE', 'BOP', 'C437', '2024-02-27', '4926-5264', 25, 30, 350, 311.00, 0.00, 0.00, 0.00, 'P'),
(1130, 3, NULL, 2, 'AMGOORIE', 'BOP', 'C438', '2024-02-28', '4926-5265', 25, 30, 350, 311.00, 0.00, 0.00, 0.00, 'P'),
(1131, 3, NULL, 2, 'AMGOORIE', 'BOP', 'C439', '2024-02-29', '4926-5266', 25, 30, 350, 311.00, 0.00, 0.00, 0.00, 'P'),
(1132, 3, NULL, 2, 'AMGOORIE', 'BOP', 'C440', '2024-03-01', '4926-5267', 25, 30, 350, 311.00, 0.00, 0.00, 0.00, 'P'),
(1133, 3, NULL, 2, 'AMGOORIE', 'BOP', 'C441', '2024-03-02', '4926-5268', 25, 30, 350, 311.00, 0.00, 0.00, 0.00, 'P'),
(1134, 3, NULL, 2, 'AMGOORIE', 'BOP', 'C442', '2024-03-03', '4926-5269', 25, 30, 350, 311.00, 0.00, 0.00, 0.00, 'P'),
(1135, 3, NULL, 2, 'AMGOORIE', 'BOP', 'C443', '2024-03-04', '4926-5270', 25, 30, 350, 311.00, 0.00, 0.00, 0.00, 'P'),
(1136, 3, NULL, 2, 'AMGOORIE', 'BOP', 'C444', '2024-03-05', '4926-5271', 25, 30, 350, 311.00, 0.00, 0.00, 0.00, 'P'),
(1137, 3, NULL, 2, 'AMGOORIE', 'BOP', 'C445', '2024-03-06', '4926-5272', 25, 30, 350, 311.00, 0.00, 0.00, 0.00, 'P'),
(1138, 3, NULL, 2, 'AMGOORIE', 'BOP', 'C446', '2024-03-07', '4926-5273', 25, 30, 350, 311.00, 0.00, 0.00, 0.00, 'P'),
(1139, 3, NULL, 2, 'AMGOORIE', 'BOP', 'C447', '2024-03-08', '4926-5274', 25, 30, 350, 311.00, 0.00, 0.00, 0.00, 'P'),
(1140, 3, NULL, 2, 'AMGOORIE', 'BOP', 'C448', '2024-03-09', '4926-5275', 25, 30, 350, 311.00, 0.00, 0.00, 0.00, 'P'),
(1141, 3, NULL, 2, 'AMGOORIE', 'BOP', 'C449', '2024-03-10', '4926-5276', 25, 30, 350, 311.00, 0.00, 0.00, 0.00, 'P'),
(1142, 3, NULL, 2, 'AMGOORIE', 'BOP', 'C450', '2024-03-11', '4926-5277', 25, 30, 350, 311.00, 0.00, 0.00, 0.00, 'P'),
(1143, 3, NULL, 2, 'AMGOORIE', 'BOP', 'C451', '2024-03-12', '4926-5278', 25, 30, 350, 311.00, 0.00, 0.00, 0.00, 'P'),
(1144, 3, NULL, 2, 'AMGOORIE', 'BOP', 'C452', '2024-03-13', '4926-5279', 25, 30, 350, 311.00, 0.00, 0.00, 0.00, 'P'),
(1145, 3, NULL, 2, 'AMGOORIE', 'BOP', 'C453', '2024-03-14', '4926-5280', 25, 30, 350, 311.00, 0.00, 0.00, 0.00, 'P'),
(1146, 3, NULL, 2, 'AMGOORIE', 'BOP', 'C454', '2024-03-15', '4926-5281', 25, 30, 350, 311.00, 0.00, 0.00, 0.00, 'P'),
(1147, 3, NULL, 2, 'AMGOORIE', 'BOP', 'C455', '2024-03-16', '4926-5282', 25, 30, 350, 311.00, 0.00, 0.00, 0.00, 'P'),
(1148, 3, NULL, 2, 'AMGOORIE', 'BOP', 'C456', '2024-03-17', '4926-5283', 25, 30, 350, 311.00, 0.00, 0.00, 0.00, 'P'),
(1149, 3, NULL, 2, 'AMGOORIE', 'BOP', 'C457', '2024-03-18', '4926-5284', 25, 30, 350, 311.00, 0.00, 0.00, 0.00, 'P'),
(1150, 3, NULL, 2, 'AMGOORIE', 'BOP', 'C458', '2024-03-19', '4926-5285', 25, 30, 350, 311.00, 0.00, 0.00, 0.00, 'P'),
(1151, 3, NULL, 2, 'AMGOORIE', 'BOP', 'C459', '2024-03-20', '4926-5286', 25, 30, 350, 311.00, 0.00, 0.00, 0.00, 'P'),
(1152, 3, NULL, 2, 'AMGOORIE', 'BOP', 'C460', '2024-03-21', '4926-5287', 25, 30, 350, 311.00, 0.00, 0.00, 0.00, 'P'),
(1153, 3, NULL, 2, 'AMGOORIE', 'BOP', 'C461', '2024-03-22', '4926-5288', 25, 30, 350, 311.00, 0.00, 0.00, 0.00, 'P'),
(1154, 3, NULL, 2, 'AMGOORIE', 'BOP', 'C462', '2024-03-23', '4926-5289', 25, 30, 350, 311.00, 0.00, 0.00, 0.00, 'P'),
(1155, 3, NULL, 2, 'AMGOORIE', 'BOP', 'C463', '2024-03-24', '4926-5290', 25, 30, 350, 311.00, 0.00, 0.00, 0.00, 'P'),
(1156, 3, NULL, 2, 'AMGOORIE', 'BOP', 'C464', '2024-03-25', '4926-5291', 25, 30, 350, 311.00, 0.00, 0.00, 0.00, 'P'),
(1157, 3, NULL, 2, 'AMGOORIE', 'BOP', 'C465', '2024-03-26', '4926-5292', 25, 30, 350, 311.00, 0.00, 0.00, 0.00, 'P'),
(1158, 3, NULL, 2, 'AMGOORIE', 'BOP', 'C466', '2024-03-27', '4926-5293', 25, 30, 350, 311.00, 0.00, 0.00, 0.00, 'P'),
(1159, 3, NULL, 2, 'AMGOORIE', 'BOP', 'C467', '2024-03-28', '4926-5294', 25, 30, 350, 311.00, 0.00, 0.00, 0.00, 'P'),
(1160, 3, NULL, 2, 'AMGOORIE', 'BOP', 'C468', '2024-03-29', '4926-5295', 25, 30, 350, 311.00, 0.00, 0.00, 0.00, 'P'),
(1161, 3, NULL, 2, 'AMGOORIE', 'BOP', 'C469', '2024-03-30', '4926-5296', 25, 30, 350, 311.00, 0.00, 0.00, 0.00, 'P'),
(1162, 3, NULL, 2, 'AMGOORIE', 'BOP', 'C470', '2024-03-31', '4926-5297', 25, 30, 350, 311.00, 0.00, 0.00, 0.00, 'P'),
(1163, 3, NULL, 2, 'AMGOORIE', 'BOP', 'C471', '2024-04-01', '4926-5298', 25, 30, 350, 311.00, 0.00, 0.00, 0.00, 'P'),
(1164, 3, NULL, 2, 'AMGOORIE', 'BOP', 'C472', '2024-04-02', '4926-5299', 25, 30, 350, 311.00, 0.00, 0.00, 0.00, 'P'),
(1165, 3, NULL, 2, 'AMGOORIE', 'BOP', 'C473', '2024-04-03', '4926-5300', 25, 30, 350, 311.00, 0.00, 0.00, 0.00, 'P'),
(1166, 3, NULL, 2, 'AMGOORIE', 'BOP', 'C474', '2024-04-04', '4926-5301', 25, 30, 350, 311.00, 0.00, 0.00, 0.00, 'P'),
(1167, 3, NULL, 2, 'AMGOORIE', 'BOP', 'C475', '2024-04-05', '4926-5302', 25, 30, 350, 311.00, 0.00, 0.00, 0.00, 'P'),
(1168, 3, NULL, 2, 'AMGOORIE', 'BOP', 'C476', '2024-04-06', '4926-5303', 25, 30, 350, 311.00, 0.00, 0.00, 0.00, 'P'),
(1169, 3, NULL, 2, 'AMGOORIE', 'BOP', 'C477', '2024-04-07', '4926-5304', 25, 30, 350, 311.00, 0.00, 0.00, 0.00, 'P'),
(1170, 3, NULL, 2, 'AMGOORIE', 'BOP', 'C478', '2024-04-08', '4926-5305', 25, 30, 350, 311.00, 0.00, 0.00, 0.00, 'P'),
(1171, 3, NULL, 2, 'AMGOORIE', 'BOP', 'C479', '2024-04-09', '4926-5306', 25, 30, 350, 311.00, 0.00, 0.00, 0.00, 'P'),
(1172, 3, NULL, 2, 'AMGOORIE', 'BOP', 'C480', '2024-04-10', '4926-5307', 25, 30, 350, 311.00, 0.00, 0.00, 0.00, 'P'),
(1173, 3, NULL, 2, 'AMGOORIE', 'BOP', 'C481', '2024-04-11', '4926-5308', 25, 30, 350, 311.00, 0.00, 0.00, 0.00, 'P'),
(1174, 3, NULL, 2, 'AMGOORIE', 'BOP', 'C482', '2024-04-12', '4926-5309', 25, 30, 350, 311.00, 0.00, 0.00, 0.00, 'P'),
(1175, 3, NULL, 2, 'AMGOORIE', 'BOP', 'C483', '2024-04-13', '4926-5310', 25, 30, 350, 311.00, 0.00, 0.00, 0.00, 'P'),
(1176, 3, NULL, 2, 'AMGOORIE', 'BOP', 'C484', '2024-04-14', '4926-5311', 25, 30, 350, 311.00, 0.00, 0.00, 0.00, 'P'),
(1177, 3, NULL, 2, 'AMGOORIE', 'BOP', 'C485', '2024-04-15', '4926-5312', 25, 30, 350, 311.00, 0.00, 0.00, 0.00, 'P'),
(1178, 3, NULL, 2, 'AMGOORIE', 'BOP', 'C486', '2024-04-16', '4926-5313', 25, 30, 350, 311.00, 0.00, 0.00, 0.00, 'P'),
(1179, 3, NULL, 2, 'AMGOORIE', 'BOP', 'C487', '2024-04-17', '4926-5314', 25, 30, 350, 311.00, 0.00, 0.00, 0.00, 'P'),
(1180, 3, NULL, 2, 'AMGOORIE', 'BOP', 'C488', '2024-04-18', '4926-5315', 25, 30, 350, 311.00, 0.00, 0.00, 0.00, 'P'),
(1181, 3, NULL, 2, 'AMGOORIE', 'BOP', 'C489', '2024-04-19', '4926-5316', 25, 30, 350, 311.00, 0.00, 0.00, 0.00, 'P'),
(1182, 3, NULL, 2, 'AMGOORIE', 'BOP', 'C490', '2024-04-20', '4926-5317', 25, 30, 350, 311.00, 0.00, 0.00, 0.00, 'P'),
(1183, 3, NULL, 2, 'AMGOORIE', 'BOP', 'C491', '2024-04-21', '4926-5318', 25, 30, 350, 311.00, 0.00, 0.00, 0.00, 'P'),
(1184, 3, NULL, 2, 'AMGOORIE', 'BOP', 'C492', '2024-04-22', '4926-5319', 25, 30, 350, 311.00, 0.00, 0.00, 0.00, 'P'),
(1185, 3, NULL, 2, 'AMGOORIE', 'BOP', 'C493', '2024-04-23', '4926-5320', 25, 30, 350, 311.00, 0.00, 0.00, 0.00, 'P'),
(1186, 3, NULL, 2, 'AMGOORIE', 'BOP', 'C494', '2024-04-24', '4926-5321', 25, 30, 350, 311.00, 0.00, 0.00, 0.00, 'P'),
(1187, 3, NULL, 2, 'AMGOORIE', 'BOP', 'C495', '2024-04-25', '4926-5322', 25, 30, 350, 311.00, 0.00, 0.00, 0.00, 'P'),
(1188, 3, NULL, 2, 'AMGOORIE', 'BOP', 'C496', '2024-04-26', '4926-5323', 25, 30, 350, 311.00, 0.00, 0.00, 0.00, 'P'),
(1189, 3, NULL, 2, 'AMGOORIE', 'BOP', 'C497', '2024-04-27', '4926-5324', 25, 30, 350, 311.00, 0.00, 0.00, 0.00, 'P'),
(1190, 3, NULL, 2, 'AMGOORIE', 'BOP', 'C498', '2024-04-28', '4926-5325', 25, 30, 350, 311.00, 0.00, 0.00, 0.00, 'P'),
(1191, 3, NULL, 2, 'AMGOORIE', 'BOP', 'C499', '2024-04-29', '4926-5326', 25, 30, 350, 311.00, 0.00, 0.00, 0.00, 'P'),
(1192, 3, NULL, 2, 'AMGOORIE', 'BOP', 'C500', '2024-04-30', '4926-5327', 25, 30, 350, 311.00, 0.00, 0.00, 0.00, 'P'),
(1193, 3, NULL, 2, 'AMGOORIE', 'BOP', 'C501', '2024-05-01', '4926-5328', 25, 30, 350, 311.00, 0.00, 0.00, 0.00, 'P'),
(1194, 3, NULL, 2, 'AMGOORIE', 'BOP', 'C502', '2024-05-02', '4926-5329', 25, 30, 350, 311.00, 0.00, 0.00, 0.00, 'P'),
(1195, 3, NULL, 2, 'AMGOORIE', 'BOP', 'C503', '2024-05-03', '4926-5330', 25, 30, 350, 311.00, 0.00, 0.00, 0.00, 'P'),
(1196, 3, NULL, 2, 'AMGOORIE', 'BOP', 'C504', '2024-05-04', '4926-5331', 25, 30, 350, 311.00, 0.00, 0.00, 0.00, 'P'),
(1197, 3, NULL, 2, 'AMGOORIE', 'BOP', 'C505', '2024-05-05', '4926-5332', 25, 30, 350, 311.00, 0.00, 0.00, 0.00, 'P'),
(1198, 3, NULL, 2, 'AMGOORIE', 'BOP', 'C506', '2024-05-06', '4926-5333', 25, 30, 350, 311.00, 0.00, 0.00, 0.00, 'P'),
(1199, 3, NULL, 2, 'AMGOORIE', 'BOP', 'C507', '2024-05-07', '4926-5334', 25, 30, 350, 311.00, 0.00, 0.00, 0.00, 'P'),
(1200, 3, NULL, 2, 'AMGOORIE', 'BOP', 'C508', '2024-05-08', '4926-5335', 25, 30, 350, 311.00, 0.00, 0.00, 0.00, 'P'),
(1201, 3, NULL, 2, 'AMGOORIE', 'BOP', 'C509', '2024-05-09', '4926-5336', 25, 30, 350, 311.00, 0.00, 0.00, 0.00, 'P'),
(1202, 3, NULL, 2, 'AMGOORIE', 'BOP', 'C510', '2024-05-10', '4926-5337', 25, 30, 350, 311.00, 0.00, 0.00, 0.00, 'P'),
(1203, 3, NULL, 2, 'AMGOORIE', 'BOP', 'C511', '2024-05-11', '4926-5338', 25, 30, 350, 311.00, 0.00, 0.00, 0.00, 'P'),
(1204, 3, NULL, 2, 'AMGOORIE', 'BOP', 'C512', '2024-05-12', '4926-5339', 25, 30, 350, 311.00, 0.00, 0.00, 0.00, 'P'),
(1205, 3, NULL, 2, 'AMGOORIE', 'BOP', 'C513', '2024-05-13', '4926-5340', 25, 30, 350, 311.00, 0.00, 0.00, 0.00, 'P'),
(1206, 3, NULL, 2, 'AMGOORIE', 'BOP', 'C514', '2024-05-14', '4926-5341', 25, 30, 350, 311.00, 0.00, 0.00, 0.00, 'P'),
(1207, 3, NULL, 2, 'AMGOORIE', 'BOP', 'C515', '2024-05-15', '4926-5342', 25, 30, 350, 311.00, 0.00, 0.00, 0.00, 'P'),
(1208, 3, NULL, 2, 'AMGOORIE', 'BOP', 'C516', '2024-05-16', '4926-5343', 25, 30, 350, 311.00, 0.00, 0.00, 0.00, 'P'),
(1209, 3, NULL, 2, 'AMGOORIE', 'BOP', 'C517', '2024-05-17', '4926-5344', 25, 30, 350, 311.00, 0.00, 0.00, 0.00, 'P'),
(1210, 3, NULL, 2, 'AMGOORIE', 'BOP', 'C518', '2024-05-18', '4926-5345', 25, 30, 350, 311.00, 0.00, 0.00, 0.00, 'P'),
(1211, 3, NULL, 2, 'AMGOORIE', 'BOP', 'C519', '2024-05-19', '4926-5346', 25, 30, 350, 311.00, 0.00, 0.00, 0.00, 'P'),
(1212, 3, NULL, 2, 'AMGOORIE', 'BOP', 'C520', '2024-05-20', '4926-5347', 25, 30, 350, 311.00, 0.00, 0.00, 0.00, 'P'),
(1213, 3, NULL, 2, 'AMGOORIE', 'BOP', 'C521', '2024-05-21', '4926-5348', 25, 30, 350, 311.00, 0.00, 0.00, 0.00, 'P'),
(1214, 3, NULL, 2, 'AMGOORIE', 'BOP', 'C522', '2024-05-22', '4926-5349', 25, 30, 350, 311.00, 0.00, 0.00, 0.00, 'P'),
(1215, 3, NULL, 2, 'AMGOORIE', 'BOP', 'C523', '2024-05-23', '4926-5350', 25, 30, 350, 311.00, 0.00, 0.00, 0.00, 'P'),
(1216, 3, NULL, 2, 'AMGOORIE', 'BOP', 'C524', '2024-05-24', '4926-5351', 25, 30, 350, 311.00, 0.00, 0.00, 0.00, 'P'),
(1217, 3, NULL, 2, 'AMGOORIE', 'BOP', 'C525', '2024-05-25', '4926-5352', 25, 30, 350, 311.00, 0.00, 0.00, 0.00, 'P'),
(1218, 3, NULL, 2, 'AMGOORIE', 'BOP', 'C526', '2024-05-26', '4926-5353', 25, 30, 350, 311.00, 0.00, 0.00, 0.00, 'P'),
(1219, 3, NULL, 2, 'AMGOORIE', 'BOP', 'C527', '2024-05-27', '4926-5354', 25, 30, 350, 311.00, 0.00, 0.00, 0.00, 'P'),
(1220, 3, NULL, 2, 'AMGOORIE', 'BOP', 'C528', '2024-05-28', '4926-5355', 25, 30, 350, 311.00, 0.00, 0.00, 0.00, 'P'),
(1221, 3, NULL, 2, 'AMGOORIE', 'BOP', 'C529', '2024-05-29', '4926-5356', 25, 30, 350, 311.00, 0.00, 0.00, 0.00, 'P'),
(1222, 4, NULL, 1, 'AMGOORIE', 'BOP', 'C158', '2023-05-06', '6366-6395', 25, 30, 350, 340.00, 0.00, 0.00, 0.00, 'P'),
(1223, 4, NULL, 2, 'AMGOORIE', 'BOP', 'C128', '2023-04-24', '4926-4955', 25, 30, 350, 311.00, 0.00, 0.00, 0.00, 'P'),
(1224, 4, NULL, 1, 'AMGOORIE', 'BOP', 'C158', '2023-05-06', '6366-6395', 25, 30, 350, 340.00, 0.00, 0.00, 0.00, 'P'),
(1225, 4, NULL, 2, 'AMGOORIE', 'BOP', 'C128', '2023-04-24', '4926-4955', 25, 30, 350, 311.00, 0.00, 0.00, 0.00, 'P'),
(1226, 4, NULL, 1, 'AMGOORIE', 'BOP', 'C158', '2023-05-06', '6366-6395', 25, 30, 350, 340.00, 0.00, 0.00, 0.00, 'P'),
(1227, 4, NULL, 2, 'AMGOORIE', 'BOP', 'C128', '2023-04-24', '4926-4955', 25, 30, 350, 311.00, 0.00, 0.00, 0.00, 'P'),
(1228, 4, NULL, 2, 'AMGOORIE', 'BOP', 'C129', '2023-04-25', '4926-4956', 25, 30, 350, 311.00, 0.00, 0.00, 0.00, 'P'),
(1229, 4, NULL, 2, 'AMGOORIE', 'BOP', 'C130', '2023-04-26', '4926-4957', 25, 30, 350, 311.00, 0.00, 0.00, 0.00, 'P'),
(1230, 4, NULL, 2, 'AMGOORIE', 'BOP', 'C131', '2023-04-27', '4926-4958', 25, 30, 350, 311.00, 0.00, 0.00, 0.00, 'P'),
(1231, 4, NULL, 2, 'AMGOORIE', 'BOP', 'C132', '2023-04-28', '4926-4959', 25, 30, 350, 311.00, 0.00, 0.00, 0.00, 'P'),
(1232, 4, NULL, 2, 'AMGOORIE', 'BOP', 'C133', '2023-04-29', '4926-4960', 25, 30, 350, 311.00, 0.00, 0.00, 0.00, 'P'),
(1233, 4, NULL, 2, 'AMGOORIE', 'BOP', 'C134', '2023-04-30', '4926-4961', 25, 30, 350, 311.00, 0.00, 0.00, 0.00, 'P'),
(1234, 4, NULL, 2, 'AMGOORIE', 'BOP', 'C135', '2023-05-01', '4926-4962', 25, 30, 350, 311.00, 0.00, 0.00, 0.00, 'P'),
(1235, 4, NULL, 2, 'AMGOORIE', 'BOP', 'C136', '2023-05-02', '4926-4963', 25, 30, 350, 311.00, 0.00, 0.00, 0.00, 'P'),
(1236, 4, NULL, 2, 'AMGOORIE', 'BOP', 'C137', '2023-05-03', '4926-4964', 25, 30, 350, 311.00, 0.00, 0.00, 0.00, 'P'),
(1237, 4, NULL, 2, 'AMGOORIE', 'BOP', 'C138', '2023-05-04', '4926-4965', 25, 30, 350, 311.00, 0.00, 0.00, 0.00, 'P'),
(1238, 4, NULL, 2, 'AMGOORIE', 'BOP', 'C139', '2023-05-05', '4926-4966', 25, 30, 350, 311.00, 0.00, 0.00, 0.00, 'P'),
(1239, 4, NULL, 2, 'AMGOORIE', 'BOP', 'C140', '2023-05-06', '4926-4967', 25, 30, 350, 311.00, 0.00, 0.00, 0.00, 'P'),
(1240, 4, NULL, 2, 'AMGOORIE', 'BOP', 'C141', '2023-05-07', '4926-4968', 25, 30, 350, 311.00, 0.00, 0.00, 0.00, 'P'),
(1241, 4, NULL, 2, 'AMGOORIE', 'BOP', 'C142', '2023-05-08', '4926-4969', 25, 30, 350, 311.00, 0.00, 0.00, 0.00, 'P'),
(1242, 4, NULL, 2, 'AMGOORIE', 'BOP', 'C143', '2023-05-09', '4926-4970', 25, 30, 350, 311.00, 0.00, 0.00, 0.00, 'P'),
(1243, 4, NULL, 2, 'AMGOORIE', 'BOP', 'C144', '2023-05-10', '4926-4971', 25, 30, 350, 311.00, 0.00, 0.00, 0.00, 'P'),
(1244, 4, NULL, 2, 'AMGOORIE', 'BOP', 'C145', '2023-05-11', '4926-4972', 25, 30, 350, 311.00, 0.00, 0.00, 0.00, 'P'),
(1245, 4, NULL, 2, 'AMGOORIE', 'BOP', 'C146', '2023-05-12', '4926-4973', 25, 30, 350, 311.00, 0.00, 0.00, 0.00, 'P'),
(1246, 4, NULL, 2, 'AMGOORIE', 'BOP', 'C147', '2023-05-13', '4926-4974', 25, 30, 350, 311.00, 0.00, 0.00, 0.00, 'P'),
(1247, 4, NULL, 2, 'AMGOORIE', 'BOP', 'C148', '2023-05-14', '4926-4975', 25, 30, 350, 311.00, 0.00, 0.00, 0.00, 'P'),
(1248, 4, NULL, 2, 'AMGOORIE', 'BOP', 'C149', '2023-05-15', '4926-4976', 25, 30, 350, 311.00, 0.00, 0.00, 0.00, 'P'),
(1249, 4, NULL, 2, 'AMGOORIE', 'BOP', 'C150', '2023-05-16', '4926-4977', 25, 30, 350, 311.00, 0.00, 0.00, 0.00, 'P'),
(1250, 4, NULL, 2, 'AMGOORIE', 'BOP', 'C151', '2023-05-17', '4926-4978', 25, 30, 350, 311.00, 0.00, 0.00, 0.00, 'P'),
(1251, 4, NULL, 2, 'AMGOORIE', 'BOP', 'C152', '2023-05-18', '4926-4979', 25, 30, 350, 311.00, 0.00, 0.00, 0.00, 'P'),
(1252, 4, NULL, 2, 'AMGOORIE', 'BOP', 'C153', '2023-05-19', '4926-4980', 25, 30, 350, 311.00, 0.00, 0.00, 0.00, 'P'),
(1253, 4, NULL, 2, 'AMGOORIE', 'BOP', 'C154', '2023-05-20', '4926-4981', 25, 30, 350, 311.00, 0.00, 0.00, 0.00, 'P'),
(1254, 4, NULL, 2, 'AMGOORIE', 'BOP', 'C155', '2023-05-21', '4926-4982', 25, 30, 350, 311.00, 0.00, 0.00, 0.00, 'P'),
(1255, 4, NULL, 2, 'AMGOORIE', 'BOP', 'C156', '2023-05-22', '4926-4983', 25, 30, 350, 311.00, 0.00, 0.00, 0.00, 'P'),
(1256, 4, NULL, 2, 'AMGOORIE', 'BOP', 'C157', '2023-05-23', '4926-4984', 25, 30, 350, 311.00, 0.00, 0.00, 0.00, 'P'),
(1257, 4, NULL, 2, 'AMGOORIE', 'BOP', 'C158', '2023-05-24', '4926-4985', 25, 30, 350, 311.00, 0.00, 0.00, 0.00, 'P'),
(1258, 4, NULL, 2, 'AMGOORIE', 'BOP', 'C159', '2023-05-25', '4926-4986', 25, 30, 350, 311.00, 0.00, 0.00, 0.00, 'P'),
(1259, 4, NULL, 2, 'AMGOORIE', 'BOP', 'C160', '2023-05-26', '4926-4987', 25, 30, 350, 311.00, 0.00, 0.00, 0.00, 'P'),
(1260, 4, NULL, 2, 'AMGOORIE', 'BOP', 'C161', '2023-05-27', '4926-4988', 25, 30, 350, 311.00, 0.00, 0.00, 0.00, 'P'),
(1261, 4, NULL, 2, 'AMGOORIE', 'BOP', 'C162', '2023-05-28', '4926-4989', 25, 30, 350, 311.00, 0.00, 0.00, 0.00, 'P'),
(1262, 4, NULL, 2, 'AMGOORIE', 'BOP', 'C163', '2023-05-29', '4926-4990', 25, 30, 350, 311.00, 0.00, 0.00, 0.00, 'P'),
(1263, 4, NULL, 2, 'AMGOORIE', 'BOP', 'C164', '2023-05-30', '4926-4991', 25, 30, 350, 311.00, 0.00, 0.00, 0.00, 'P'),
(1264, 4, NULL, 2, 'AMGOORIE', 'BOP', 'C165', '2023-05-31', '4926-4992', 25, 30, 350, 311.00, 0.00, 0.00, 0.00, 'P'),
(1265, 4, NULL, 2, 'AMGOORIE', 'BOP', 'C166', '2023-06-01', '4926-4993', 25, 30, 350, 311.00, 0.00, 0.00, 0.00, 'P'),
(1266, 4, NULL, 2, 'AMGOORIE', 'BOP', 'C167', '2023-06-02', '4926-4994', 25, 30, 350, 311.00, 0.00, 0.00, 0.00, 'P'),
(1267, 4, NULL, 2, 'AMGOORIE', 'BOP', 'C168', '2023-06-03', '4926-4995', 25, 30, 350, 311.00, 0.00, 0.00, 0.00, 'P'),
(1268, 4, NULL, 2, 'AMGOORIE', 'BOP', 'C169', '2023-06-04', '4926-4996', 25, 30, 350, 311.00, 0.00, 0.00, 0.00, 'P'),
(1269, 4, NULL, 2, 'AMGOORIE', 'BOP', 'C170', '2023-06-05', '4926-4997', 25, 30, 350, 311.00, 0.00, 0.00, 0.00, 'P'),
(1270, 4, NULL, 2, 'AMGOORIE', 'BOP', 'C171', '2023-06-06', '4926-4998', 25, 30, 350, 311.00, 0.00, 0.00, 0.00, 'P'),
(1271, 4, NULL, 2, 'AMGOORIE', 'BOP', 'C172', '2023-06-07', '4926-4999', 25, 30, 350, 311.00, 0.00, 0.00, 0.00, 'P'),
(1272, 4, NULL, 2, 'AMGOORIE', 'BOP', 'C173', '2023-06-08', '4926-5000', 25, 30, 350, 311.00, 0.00, 0.00, 0.00, 'P'),
(1273, 4, NULL, 2, 'AMGOORIE', 'BOP', 'C174', '2023-06-09', '4926-5001', 25, 30, 350, 311.00, 0.00, 0.00, 0.00, 'P'),
(1274, 4, NULL, 2, 'AMGOORIE', 'BOP', 'C175', '2023-06-10', '4926-5002', 25, 30, 350, 311.00, 0.00, 0.00, 0.00, 'P'),
(1275, 4, NULL, 2, 'AMGOORIE', 'BOP', 'C176', '2023-06-11', '4926-5003', 25, 30, 350, 311.00, 0.00, 0.00, 0.00, 'P'),
(1276, 4, NULL, 2, 'AMGOORIE', 'BOP', 'C177', '2023-06-12', '4926-5004', 25, 30, 350, 311.00, 0.00, 0.00, 0.00, 'P'),
(1277, 4, NULL, 2, 'AMGOORIE', 'BOP', 'C178', '2023-06-13', '4926-5005', 25, 30, 350, 311.00, 0.00, 0.00, 0.00, 'P'),
(1278, 4, NULL, 2, 'AMGOORIE', 'BOP', 'C179', '2023-06-14', '4926-5006', 25, 30, 350, 311.00, 0.00, 0.00, 0.00, 'P'),
(1279, 4, NULL, 2, 'AMGOORIE', 'BOP', 'C180', '2023-06-15', '4926-5007', 25, 30, 350, 311.00, 0.00, 0.00, 0.00, 'P'),
(1280, 4, NULL, 2, 'AMGOORIE', 'BOP', 'C181', '2023-06-16', '4926-5008', 25, 30, 350, 311.00, 0.00, 0.00, 0.00, 'P'),
(1281, 4, NULL, 2, 'AMGOORIE', 'BOP', 'C182', '2023-06-17', '4926-5009', 25, 30, 350, 311.00, 0.00, 0.00, 0.00, 'P'),
(1282, 4, NULL, 2, 'AMGOORIE', 'BOP', 'C183', '2023-06-18', '4926-5010', 25, 30, 350, 311.00, 0.00, 0.00, 0.00, 'P'),
(1283, 4, NULL, 2, 'AMGOORIE', 'BOP', 'C184', '2023-06-19', '4926-5011', 25, 30, 350, 311.00, 0.00, 0.00, 0.00, 'P'),
(1284, 4, NULL, 2, 'AMGOORIE', 'BOP', 'C185', '2023-06-20', '4926-5012', 25, 30, 350, 311.00, 0.00, 0.00, 0.00, 'P'),
(1285, 4, NULL, 2, 'AMGOORIE', 'BOP', 'C186', '2023-06-21', '4926-5013', 25, 30, 350, 311.00, 0.00, 0.00, 0.00, 'P'),
(1286, 4, NULL, 2, 'AMGOORIE', 'BOP', 'C187', '2023-06-22', '4926-5014', 25, 30, 350, 311.00, 0.00, 0.00, 0.00, 'P'),
(1287, 4, NULL, 2, 'AMGOORIE', 'BOP', 'C188', '2023-06-23', '4926-5015', 25, 30, 350, 311.00, 0.00, 0.00, 0.00, 'P'),
(1288, 4, NULL, 2, 'AMGOORIE', 'BOP', 'C189', '2023-06-24', '4926-5016', 25, 30, 350, 311.00, 0.00, 0.00, 0.00, 'P'),
(1289, 4, NULL, 2, 'AMGOORIE', 'BOP', 'C190', '2023-06-25', '4926-5017', 25, 30, 350, 311.00, 0.00, 0.00, 0.00, 'P'),
(1290, 4, NULL, 2, 'AMGOORIE', 'BOP', 'C191', '2023-06-26', '4926-5018', 25, 30, 350, 311.00, 0.00, 0.00, 0.00, 'P'),
(1291, 4, NULL, 2, 'AMGOORIE', 'BOP', 'C192', '2023-06-27', '4926-5019', 25, 30, 350, 311.00, 0.00, 0.00, 0.00, 'P'),
(1292, 4, NULL, 2, 'AMGOORIE', 'BOP', 'C193', '2023-06-28', '4926-5020', 25, 30, 350, 311.00, 0.00, 0.00, 0.00, 'P'),
(1293, 4, NULL, 2, 'AMGOORIE', 'BOP', 'C194', '2023-06-29', '4926-5021', 25, 30, 350, 311.00, 0.00, 0.00, 0.00, 'P'),
(1294, 4, NULL, 2, 'AMGOORIE', 'BOP', 'C195', '2023-06-30', '4926-5022', 25, 30, 350, 311.00, 0.00, 0.00, 0.00, 'P'),
(1295, 4, NULL, 2, 'AMGOORIE', 'BOP', 'C196', '2023-07-01', '4926-5023', 25, 30, 350, 311.00, 0.00, 0.00, 0.00, 'P'),
(1296, 4, NULL, 2, 'AMGOORIE', 'BOP', 'C197', '2023-07-02', '4926-5024', 25, 30, 350, 311.00, 0.00, 0.00, 0.00, 'P'),
(1297, 4, NULL, 2, 'AMGOORIE', 'BOP', 'C198', '2023-07-03', '4926-5025', 25, 30, 350, 311.00, 0.00, 0.00, 0.00, 'P'),
(1298, 4, NULL, 2, 'AMGOORIE', 'BOP', 'C199', '2023-07-04', '4926-5026', 25, 30, 350, 311.00, 0.00, 0.00, 0.00, 'P');
INSERT INTO `auction_dtl` (`acd_id`, `auc_id`, `jap_id`, `lot_no`, `garden_nm`, `grade`, `invoice_no`, `gp_date`, `chest`, `net`, `pkgs`, `valu_kg`, `base_price`, `msp`, `bid_price`, `bidder_id`, `auc_status`) VALUES
(1299, 4, NULL, 2, 'AMGOORIE', 'BOP', 'C200', '2023-07-05', '4926-5027', 25, 30, 350, 311.00, 0.00, 0.00, 0.00, 'P'),
(1300, 4, NULL, 2, 'AMGOORIE', 'BOP', 'C201', '2023-07-06', '4926-5028', 25, 30, 350, 311.00, 0.00, 0.00, 0.00, 'P'),
(1301, 4, NULL, 2, 'AMGOORIE', 'BOP', 'C202', '2023-07-07', '4926-5029', 25, 30, 350, 311.00, 0.00, 0.00, 0.00, 'P'),
(1302, 4, NULL, 2, 'AMGOORIE', 'BOP', 'C203', '2023-07-08', '4926-5030', 25, 30, 350, 311.00, 0.00, 0.00, 0.00, 'P'),
(1303, 4, NULL, 2, 'AMGOORIE', 'BOP', 'C204', '2023-07-09', '4926-5031', 25, 30, 350, 311.00, 0.00, 0.00, 0.00, 'P'),
(1304, 4, NULL, 2, 'AMGOORIE', 'BOP', 'C205', '2023-07-10', '4926-5032', 25, 30, 350, 311.00, 0.00, 0.00, 0.00, 'P'),
(1305, 4, NULL, 2, 'AMGOORIE', 'BOP', 'C206', '2023-07-11', '4926-5033', 25, 30, 350, 311.00, 0.00, 0.00, 0.00, 'P'),
(1306, 4, NULL, 2, 'AMGOORIE', 'BOP', 'C207', '2023-07-12', '4926-5034', 25, 30, 350, 311.00, 0.00, 0.00, 0.00, 'P'),
(1307, 4, NULL, 2, 'AMGOORIE', 'BOP', 'C208', '2023-07-13', '4926-5035', 25, 30, 350, 311.00, 0.00, 0.00, 0.00, 'P'),
(1308, 4, NULL, 2, 'AMGOORIE', 'BOP', 'C209', '2023-07-14', '4926-5036', 25, 30, 350, 311.00, 0.00, 0.00, 0.00, 'P'),
(1309, 4, NULL, 2, 'AMGOORIE', 'BOP', 'C210', '2023-07-15', '4926-5037', 25, 30, 350, 311.00, 0.00, 0.00, 0.00, 'P'),
(1310, 4, NULL, 2, 'AMGOORIE', 'BOP', 'C211', '2023-07-16', '4926-5038', 25, 30, 350, 311.00, 0.00, 0.00, 0.00, 'P'),
(1311, 4, NULL, 2, 'AMGOORIE', 'BOP', 'C212', '2023-07-17', '4926-5039', 25, 30, 350, 311.00, 0.00, 0.00, 0.00, 'P'),
(1312, 4, NULL, 2, 'AMGOORIE', 'BOP', 'C213', '2023-07-18', '4926-5040', 25, 30, 350, 311.00, 0.00, 0.00, 0.00, 'P'),
(1313, 4, NULL, 2, 'AMGOORIE', 'BOP', 'C214', '2023-07-19', '4926-5041', 25, 30, 350, 311.00, 0.00, 0.00, 0.00, 'P'),
(1314, 4, NULL, 2, 'AMGOORIE', 'BOP', 'C215', '2023-07-20', '4926-5042', 25, 30, 350, 311.00, 0.00, 0.00, 0.00, 'P'),
(1315, 4, NULL, 2, 'AMGOORIE', 'BOP', 'C216', '2023-07-21', '4926-5043', 25, 30, 350, 311.00, 0.00, 0.00, 0.00, 'P'),
(1316, 4, NULL, 2, 'AMGOORIE', 'BOP', 'C217', '2023-07-22', '4926-5044', 25, 30, 350, 311.00, 0.00, 0.00, 0.00, 'P'),
(1317, 4, NULL, 2, 'AMGOORIE', 'BOP', 'C218', '2023-07-23', '4926-5045', 25, 30, 350, 311.00, 0.00, 0.00, 0.00, 'P'),
(1318, 4, NULL, 2, 'AMGOORIE', 'BOP', 'C219', '2023-07-24', '4926-5046', 25, 30, 350, 311.00, 0.00, 0.00, 0.00, 'P'),
(1319, 4, NULL, 2, 'AMGOORIE', 'BOP', 'C220', '2023-07-25', '4926-5047', 25, 30, 350, 311.00, 0.00, 0.00, 0.00, 'P'),
(1320, 4, NULL, 2, 'AMGOORIE', 'BOP', 'C221', '2023-07-26', '4926-5048', 25, 30, 350, 311.00, 0.00, 0.00, 0.00, 'P'),
(1321, 4, NULL, 2, 'AMGOORIE', 'BOP', 'C222', '2023-07-27', '4926-5049', 25, 30, 350, 311.00, 0.00, 0.00, 0.00, 'P'),
(1322, 4, NULL, 2, 'AMGOORIE', 'BOP', 'C223', '2023-07-28', '4926-5050', 25, 30, 350, 311.00, 0.00, 0.00, 0.00, 'P'),
(1323, 4, NULL, 2, 'AMGOORIE', 'BOP', 'C224', '2023-07-29', '4926-5051', 25, 30, 350, 311.00, 0.00, 0.00, 0.00, 'P'),
(1324, 4, NULL, 2, 'AMGOORIE', 'BOP', 'C225', '2023-07-30', '4926-5052', 25, 30, 350, 311.00, 0.00, 0.00, 0.00, 'P'),
(1325, 4, NULL, 2, 'AMGOORIE', 'BOP', 'C226', '2023-07-31', '4926-5053', 25, 30, 350, 311.00, 0.00, 0.00, 0.00, 'P'),
(1326, 4, NULL, 2, 'AMGOORIE', 'BOP', 'C227', '2023-08-01', '4926-5054', 25, 30, 350, 311.00, 0.00, 0.00, 0.00, 'P'),
(1327, 4, NULL, 2, 'AMGOORIE', 'BOP', 'C228', '2023-08-02', '4926-5055', 25, 30, 350, 311.00, 0.00, 0.00, 0.00, 'P'),
(1328, 4, NULL, 2, 'AMGOORIE', 'BOP', 'C229', '2023-08-03', '4926-5056', 25, 30, 350, 311.00, 0.00, 0.00, 0.00, 'P'),
(1329, 4, NULL, 2, 'AMGOORIE', 'BOP', 'C230', '2023-08-04', '4926-5057', 25, 30, 350, 311.00, 0.00, 0.00, 0.00, 'P'),
(1330, 4, NULL, 2, 'AMGOORIE', 'BOP', 'C231', '2023-08-05', '4926-5058', 25, 30, 350, 311.00, 0.00, 0.00, 0.00, 'P'),
(1331, 4, NULL, 2, 'AMGOORIE', 'BOP', 'C232', '2023-08-06', '4926-5059', 25, 30, 350, 311.00, 0.00, 0.00, 0.00, 'P'),
(1332, 4, NULL, 2, 'AMGOORIE', 'BOP', 'C233', '2023-08-07', '4926-5060', 25, 30, 350, 311.00, 0.00, 0.00, 0.00, 'P'),
(1333, 4, NULL, 2, 'AMGOORIE', 'BOP', 'C234', '2023-08-08', '4926-5061', 25, 30, 350, 311.00, 0.00, 0.00, 0.00, 'P'),
(1334, 4, NULL, 2, 'AMGOORIE', 'BOP', 'C235', '2023-08-09', '4926-5062', 25, 30, 350, 311.00, 0.00, 0.00, 0.00, 'P'),
(1335, 4, NULL, 2, 'AMGOORIE', 'BOP', 'C236', '2023-08-10', '4926-5063', 25, 30, 350, 311.00, 0.00, 0.00, 0.00, 'P'),
(1336, 4, NULL, 2, 'AMGOORIE', 'BOP', 'C237', '2023-08-11', '4926-5064', 25, 30, 350, 311.00, 0.00, 0.00, 0.00, 'P'),
(1337, 4, NULL, 2, 'AMGOORIE', 'BOP', 'C238', '2023-08-12', '4926-5065', 25, 30, 350, 311.00, 0.00, 0.00, 0.00, 'P'),
(1338, 4, NULL, 2, 'AMGOORIE', 'BOP', 'C239', '2023-08-13', '4926-5066', 25, 30, 350, 311.00, 0.00, 0.00, 0.00, 'P'),
(1339, 4, NULL, 2, 'AMGOORIE', 'BOP', 'C240', '2023-08-14', '4926-5067', 25, 30, 350, 311.00, 0.00, 0.00, 0.00, 'P'),
(1340, 4, NULL, 2, 'AMGOORIE', 'BOP', 'C241', '2023-08-15', '4926-5068', 25, 30, 350, 311.00, 0.00, 0.00, 0.00, 'P'),
(1341, 4, NULL, 2, 'AMGOORIE', 'BOP', 'C242', '2023-08-16', '4926-5069', 25, 30, 350, 311.00, 0.00, 0.00, 0.00, 'P'),
(1342, 4, NULL, 2, 'AMGOORIE', 'BOP', 'C243', '2023-08-17', '4926-5070', 25, 30, 350, 311.00, 0.00, 0.00, 0.00, 'P'),
(1343, 4, NULL, 2, 'AMGOORIE', 'BOP', 'C244', '2023-08-18', '4926-5071', 25, 30, 350, 311.00, 0.00, 0.00, 0.00, 'P'),
(1344, 4, NULL, 2, 'AMGOORIE', 'BOP', 'C245', '2023-08-19', '4926-5072', 25, 30, 350, 311.00, 0.00, 0.00, 0.00, 'P'),
(1345, 4, NULL, 2, 'AMGOORIE', 'BOP', 'C246', '2023-08-20', '4926-5073', 25, 30, 350, 311.00, 0.00, 0.00, 0.00, 'P'),
(1346, 4, NULL, 2, 'AMGOORIE', 'BOP', 'C247', '2023-08-21', '4926-5074', 25, 30, 350, 311.00, 0.00, 0.00, 0.00, 'P'),
(1347, 4, NULL, 2, 'AMGOORIE', 'BOP', 'C248', '2023-08-22', '4926-5075', 25, 30, 350, 311.00, 0.00, 0.00, 0.00, 'P'),
(1348, 4, NULL, 2, 'AMGOORIE', 'BOP', 'C249', '2023-08-23', '4926-5076', 25, 30, 350, 311.00, 0.00, 0.00, 0.00, 'P'),
(1349, 4, NULL, 2, 'AMGOORIE', 'BOP', 'C250', '2023-08-24', '4926-5077', 25, 30, 350, 311.00, 0.00, 0.00, 0.00, 'P'),
(1350, 4, NULL, 2, 'AMGOORIE', 'BOP', 'C251', '2023-08-25', '4926-5078', 25, 30, 350, 311.00, 0.00, 0.00, 0.00, 'P'),
(1351, 4, NULL, 2, 'AMGOORIE', 'BOP', 'C252', '2023-08-26', '4926-5079', 25, 30, 350, 311.00, 0.00, 0.00, 0.00, 'P'),
(1352, 4, NULL, 2, 'AMGOORIE', 'BOP', 'C253', '2023-08-27', '4926-5080', 25, 30, 350, 311.00, 0.00, 0.00, 0.00, 'P'),
(1353, 4, NULL, 2, 'AMGOORIE', 'BOP', 'C254', '2023-08-28', '4926-5081', 25, 30, 350, 311.00, 0.00, 0.00, 0.00, 'P'),
(1354, 4, NULL, 2, 'AMGOORIE', 'BOP', 'C255', '2023-08-29', '4926-5082', 25, 30, 350, 311.00, 0.00, 0.00, 0.00, 'P'),
(1355, 4, NULL, 2, 'AMGOORIE', 'BOP', 'C256', '2023-08-30', '4926-5083', 25, 30, 350, 311.00, 0.00, 0.00, 0.00, 'P'),
(1356, 4, NULL, 2, 'AMGOORIE', 'BOP', 'C257', '2023-08-31', '4926-5084', 25, 30, 350, 311.00, 0.00, 0.00, 0.00, 'P'),
(1357, 4, NULL, 2, 'AMGOORIE', 'BOP', 'C258', '2023-09-01', '4926-5085', 25, 30, 350, 311.00, 0.00, 0.00, 0.00, 'P'),
(1358, 4, NULL, 2, 'AMGOORIE', 'BOP', 'C259', '2023-09-02', '4926-5086', 25, 30, 350, 311.00, 0.00, 0.00, 0.00, 'P'),
(1359, 4, NULL, 2, 'AMGOORIE', 'BOP', 'C260', '2023-09-03', '4926-5087', 25, 30, 350, 311.00, 0.00, 0.00, 0.00, 'P'),
(1360, 4, NULL, 2, 'AMGOORIE', 'BOP', 'C261', '2023-09-04', '4926-5088', 25, 30, 350, 311.00, 0.00, 0.00, 0.00, 'P'),
(1361, 4, NULL, 2, 'AMGOORIE', 'BOP', 'C262', '2023-09-05', '4926-5089', 25, 30, 350, 311.00, 0.00, 0.00, 0.00, 'P'),
(1362, 4, NULL, 2, 'AMGOORIE', 'BOP', 'C263', '2023-09-06', '4926-5090', 25, 30, 350, 311.00, 0.00, 0.00, 0.00, 'P'),
(1363, 4, NULL, 2, 'AMGOORIE', 'BOP', 'C264', '2023-09-07', '4926-5091', 25, 30, 350, 311.00, 0.00, 0.00, 0.00, 'P'),
(1364, 4, NULL, 2, 'AMGOORIE', 'BOP', 'C265', '2023-09-08', '4926-5092', 25, 30, 350, 311.00, 0.00, 0.00, 0.00, 'P'),
(1365, 4, NULL, 2, 'AMGOORIE', 'BOP', 'C266', '2023-09-09', '4926-5093', 25, 30, 350, 311.00, 0.00, 0.00, 0.00, 'P'),
(1366, 4, NULL, 2, 'AMGOORIE', 'BOP', 'C267', '2023-09-10', '4926-5094', 25, 30, 350, 311.00, 0.00, 0.00, 0.00, 'P'),
(1367, 4, NULL, 2, 'AMGOORIE', 'BOP', 'C268', '2023-09-11', '4926-5095', 25, 30, 350, 311.00, 0.00, 0.00, 0.00, 'P'),
(1368, 4, NULL, 2, 'AMGOORIE', 'BOP', 'C269', '2023-09-12', '4926-5096', 25, 30, 350, 311.00, 0.00, 0.00, 0.00, 'P'),
(1369, 4, NULL, 2, 'AMGOORIE', 'BOP', 'C270', '2023-09-13', '4926-5097', 25, 30, 350, 311.00, 0.00, 0.00, 0.00, 'P'),
(1370, 4, NULL, 2, 'AMGOORIE', 'BOP', 'C271', '2023-09-14', '4926-5098', 25, 30, 350, 311.00, 0.00, 0.00, 0.00, 'P'),
(1371, 4, NULL, 2, 'AMGOORIE', 'BOP', 'C272', '2023-09-15', '4926-5099', 25, 30, 350, 311.00, 0.00, 0.00, 0.00, 'P'),
(1372, 4, NULL, 2, 'AMGOORIE', 'BOP', 'C273', '2023-09-16', '4926-5100', 25, 30, 350, 311.00, 0.00, 0.00, 0.00, 'P'),
(1373, 4, NULL, 2, 'AMGOORIE', 'BOP', 'C274', '2023-09-17', '4926-5101', 25, 30, 350, 311.00, 0.00, 0.00, 0.00, 'P'),
(1374, 4, NULL, 2, 'AMGOORIE', 'BOP', 'C275', '2023-09-18', '4926-5102', 25, 30, 350, 311.00, 0.00, 0.00, 0.00, 'P'),
(1375, 4, NULL, 2, 'AMGOORIE', 'BOP', 'C276', '2023-09-19', '4926-5103', 25, 30, 350, 311.00, 0.00, 0.00, 0.00, 'P'),
(1376, 4, NULL, 2, 'AMGOORIE', 'BOP', 'C277', '2023-09-20', '4926-5104', 25, 30, 350, 311.00, 0.00, 0.00, 0.00, 'P'),
(1377, 4, NULL, 2, 'AMGOORIE', 'BOP', 'C278', '2023-09-21', '4926-5105', 25, 30, 350, 311.00, 0.00, 0.00, 0.00, 'P'),
(1378, 4, NULL, 2, 'AMGOORIE', 'BOP', 'C279', '2023-09-22', '4926-5106', 25, 30, 350, 311.00, 0.00, 0.00, 0.00, 'P'),
(1379, 4, NULL, 2, 'AMGOORIE', 'BOP', 'C280', '2023-09-23', '4926-5107', 25, 30, 350, 311.00, 0.00, 0.00, 0.00, 'P'),
(1380, 4, NULL, 2, 'AMGOORIE', 'BOP', 'C281', '2023-09-24', '4926-5108', 25, 30, 350, 311.00, 0.00, 0.00, 0.00, 'P'),
(1381, 4, NULL, 2, 'AMGOORIE', 'BOP', 'C282', '2023-09-25', '4926-5109', 25, 30, 350, 311.00, 0.00, 0.00, 0.00, 'P'),
(1382, 4, NULL, 2, 'AMGOORIE', 'BOP', 'C283', '2023-09-26', '4926-5110', 25, 30, 350, 311.00, 0.00, 0.00, 0.00, 'P'),
(1383, 4, NULL, 2, 'AMGOORIE', 'BOP', 'C284', '2023-09-27', '4926-5111', 25, 30, 350, 311.00, 0.00, 0.00, 0.00, 'P'),
(1384, 4, NULL, 2, 'AMGOORIE', 'BOP', 'C285', '2023-09-28', '4926-5112', 25, 30, 350, 311.00, 0.00, 0.00, 0.00, 'P'),
(1385, 4, NULL, 2, 'AMGOORIE', 'BOP', 'C286', '2023-09-29', '4926-5113', 25, 30, 350, 311.00, 0.00, 0.00, 0.00, 'P'),
(1386, 4, NULL, 2, 'AMGOORIE', 'BOP', 'C287', '2023-09-30', '4926-5114', 25, 30, 350, 311.00, 0.00, 0.00, 0.00, 'P'),
(1387, 4, NULL, 2, 'AMGOORIE', 'BOP', 'C288', '2023-10-01', '4926-5115', 25, 30, 350, 311.00, 0.00, 0.00, 0.00, 'P'),
(1388, 4, NULL, 2, 'AMGOORIE', 'BOP', 'C289', '2023-10-02', '4926-5116', 25, 30, 350, 311.00, 0.00, 0.00, 0.00, 'P'),
(1389, 4, NULL, 2, 'AMGOORIE', 'BOP', 'C290', '2023-10-03', '4926-5117', 25, 30, 350, 311.00, 0.00, 0.00, 0.00, 'P'),
(1390, 4, NULL, 2, 'AMGOORIE', 'BOP', 'C291', '2023-10-04', '4926-5118', 25, 30, 350, 311.00, 0.00, 0.00, 0.00, 'P'),
(1391, 4, NULL, 2, 'AMGOORIE', 'BOP', 'C292', '2023-10-05', '4926-5119', 25, 30, 350, 311.00, 0.00, 0.00, 0.00, 'P'),
(1392, 4, NULL, 2, 'AMGOORIE', 'BOP', 'C293', '2023-10-06', '4926-5120', 25, 30, 350, 311.00, 0.00, 0.00, 0.00, 'P'),
(1393, 4, NULL, 2, 'AMGOORIE', 'BOP', 'C294', '2023-10-07', '4926-5121', 25, 30, 350, 311.00, 0.00, 0.00, 0.00, 'P'),
(1394, 5, NULL, 1, 'AMGOORIE', 'BOP', 'C158', '2023-05-06', '6366-6395', 25, 30, 350, 340.00, 0.00, 0.00, 0.00, 'P'),
(1395, 5, NULL, 2, 'AMGOORIE', 'BOP', 'C128', '2023-04-24', '4926-4955', 25, 30, 350, 311.00, 0.00, 0.00, 0.00, 'P'),
(1396, 5, NULL, 3, 'AMGOORIE', 'BOPSM', 'C105', '2023-04-25', '4926-4956', 25, 30, 370, 310.00, 0.00, 0.00, 0.00, 'P'),
(1397, 5, NULL, 4, 'AMGOORIE', 'BOPSM', 'C106', '2023-04-26', '4926-4957', 25, 30, 370, 310.00, 0.00, 0.00, 0.00, 'P'),
(1398, 5, NULL, 5, 'AMGOORIE', 'BOPSM', 'C107', '2023-04-27', '4926-4958', 25, 30, 370, 310.00, 0.00, 0.00, 0.00, 'P'),
(1399, 5, NULL, 6, 'AMGOORIE', 'BOPSM', 'C108', '2023-04-28', '4926-4959', 25, 30, 370, 310.00, 0.00, 0.00, 0.00, 'P'),
(1400, 5, NULL, 7, 'AMGOORIE', 'BOPSM', 'C109', '2023-04-29', '4926-4960', 25, 30, 370, 310.00, 0.00, 0.00, 0.00, 'P'),
(1401, 5, NULL, 8, 'AMGOORIE', 'BOPSM', 'C110', '2023-04-30', '4926-4961', 25, 30, 370, 310.00, 0.00, 0.00, 0.00, 'P'),
(1402, 6, NULL, 1, 'AMGOORIE', 'BOP', 'C158', '2023-05-06', '6366-6395', 25, 30, 350, 340.00, 0.00, 0.00, 0.00, 'P'),
(1403, 6, NULL, 2, 'AMGOORIE', 'BOP', 'C128', '2023-04-24', '4926-4955', 25, 30, 350, 311.00, 0.00, 0.00, 0.00, 'P'),
(1404, 7, NULL, 1, 'AMGOORIE', 'BOP', 'C158', '2023-05-06', '6366-6395', 25, 30, 350, 340.00, 0.00, 0.00, 0.00, 'P'),
(1405, 7, NULL, 2, 'AMGOORIE', 'BOP', 'C128', '2023-04-24', '4926-4955', 25, 30, 350, 311.00, 0.00, 0.00, 0.00, 'P'),
(1406, 8, NULL, 1, 'AMGOORIE', 'BOP', 'C158', '2023-05-06', '6366-6395', 25, 30, 350, 340.00, 0.00, 0.00, 0.00, 'P'),
(1407, 8, NULL, 2, 'AMGOORIE', 'BOP', 'C128', '2023-04-24', '4926-4955', 25, 30, 350, 311.00, 0.00, 0.00, 0.00, 'P'),
(1408, 9, NULL, 1, 'BASMATIA', 'BP', 'C10', '2024-03-15', '6366-6395', 20, 5, 280, 230.00, 0.00, 0.00, 0.00, 'P'),
(1409, 9, NULL, 2, 'BASMATIA', 'PF', 'C06', '2024-03-22', '6366-6395', 20, 5, 350, 300.00, 0.00, 0.00, 0.00, 'P'),
(1410, 9, NULL, 3, 'BASMATIA', 'BOPSM', 'C07', '2024-03-23', '6366-6395', 20, 5, 150, 100.00, 0.00, 0.00, 0.00, 'P'),
(1411, 9, NULL, 4, 'BASMATIA', 'BP', 'C08', '2024-03-23', '6366-6395', 20, 5, 250, 200.00, 0.00, 0.00, 0.00, 'P'),
(1412, 9, NULL, 5, 'BASMATIA', 'BOP', 'C09', '2024-03-23', '6366-6395', 20, 5, 180, 130.00, 0.00, 0.00, 0.00, 'P'),
(1413, 9, NULL, 6, 'BASMATIA', 'BOPSM', 'C14', '2024-03-23', '6366-6395', 20, 5, 300, 250.00, 0.00, 0.00, 0.00, 'P'),
(1414, 9, NULL, 7, 'BASMATIA', 'PF', 'C15', '2024-03-15', '6366-6395', 20, 5, 350, 300.00, 0.00, 0.00, 0.00, 'P'),
(1415, 9, NULL, 8, 'BASMATIA', 'BOPSM', 'C16', '2024-03-22', '6366-6395', 20, 5, 150, 100.00, 0.00, 0.00, 0.00, 'P'),
(1416, 9, NULL, 9, 'BASMATIA', 'BP', 'C17', '2024-03-23', '6366-6395', 20, 5, 250, 200.00, 0.00, 0.00, 0.00, 'P'),
(1417, 9, NULL, 10, 'BASMATIA', 'BOP', 'C18', '2024-03-23', '6366-6395', 20, 5, 180, 130.00, 0.00, 0.00, 0.00, 'P'),
(1418, 9, NULL, 11, 'BASMATIA', 'BOPSM', 'C19', '2025-03-15', '6366-6395', 20, 5, 300, 250.00, 0.00, 0.00, 0.00, 'P'),
(1419, 10, NULL, 1, 'AMGOORIE', 'BOP', 'C158', '2023-05-06', '6366-6395', 25, 30, 350, 340.00, 0.00, 0.00, 0.00, 'P'),
(1420, 10, NULL, 2, 'AMGOORIE', 'BOP', 'C128', '2023-04-24', '4926-4955', 25, 30, 350, 311.00, 0.00, 0.00, 0.00, 'P');

-- --------------------------------------------------------

--
-- Table structure for table `auction_mas`
--

DROP TABLE IF EXISTS `auction_mas`;
CREATE TABLE `auction_mas` (
  `auc_id` int(5) NOT NULL,
  `auc_start_time` datetime DEFAULT NULL,
  `auc_end_time` datetime DEFAULT NULL,
  `knockdown_start` datetime DEFAULT NULL,
  `knockdown_end` datetime DEFAULT NULL,
  `location` varchar(50) DEFAULT NULL,
  `payment_type` varchar(25) DEFAULT NULL,
  `contract_type` varchar(25) DEFAULT NULL,
  `offer_nm` varchar(50) DEFAULT NULL,
  `offer_srl` varchar(30) NOT NULL DEFAULT '0',
  `auc_status` varchar(1) DEFAULT 'P',
  `tea_place` varchar(30) DEFAULT NULL,
  `sale_type` varchar(1) NOT NULL DEFAULT 'E',
  `frequently` int(5) DEFAULT NULL,
  `duration` varchar(3) DEFAULT NULL,
  `offer_srl_id` int(5) DEFAULT NULL
) ENGINE=InnoDB DEFAULT CHARSET=utf8mb4 COLLATE=utf8mb4_general_ci;

--
-- Dumping data for table `auction_mas`
--

INSERT INTO `auction_mas` (`auc_id`, `auc_start_time`, `auc_end_time`, `knockdown_start`, `knockdown_end`, `location`, `payment_type`, `contract_type`, `offer_nm`, `offer_srl`, `auc_status`, `tea_place`, `sale_type`, `frequently`, `duration`, `offer_srl_id`) VALUES
(1, '2024-02-01 12:00:00', '2024-02-02 16:00:00', '2024-02-01 16:00:00', '2024-02-01 17:00:00', 'Ex- Garden', '14 DAYS', 'BSC - 30 DAYS', NULL, 'ASSAM/2024/0006', 'P', NULL, 'E', NULL, NULL, 2),
(2, '2024-02-02 17:00:00', '2024-02-02 17:25:00', '2024-02-02 17:25:00', '2024-02-02 19:00:00', 'Ex- Garden', '14 DAYS', 'BSC - 30 DAYS', NULL, 'ASSAM/2024/0007', 'P', NULL, 'E', NULL, NULL, 2),
(3, '2024-02-03 11:00:00', '2024-02-04 11:00:00', '2024-02-04 12:00:00', '2024-02-04 14:00:00', 'Ex- Garden', '14 DAYS', 'BSC - 30 DAYS', NULL, 'ASSAM/2024/0008', 'P', NULL, 'E', NULL, NULL, 2),
(4, '2024-02-05 12:00:00', '2024-02-05 17:00:00', '2024-02-05 17:00:00', '2024-02-05 18:00:00', 'Ex- Garden', '14 DAYS', 'BSC - 30 DAYS', NULL, 'ASSAM/2024/0009', 'P', NULL, 'E', NULL, NULL, 2),
(5, '2024-02-09 12:00:00', '2024-02-09 17:00:00', '2024-02-09 17:00:00', '2024-02-09 18:00:00', 'Ex- Garden', '14 DAYS', 'BSC - 30 DAYS', NULL, 'ASSAM/2024/0010', 'P', NULL, 'E', NULL, NULL, 2),
(6, '2024-03-10 17:00:00', '2024-03-11 10:00:00', '2024-02-14 17:00:00', '2024-02-14 18:00:00', 'Ex- Garden', '14 DAYS', 'BSC - 30 DAYS', NULL, 'ASSAM/2024/0011', 'P', NULL, 'E', NULL, NULL, 2),
(8, '2024-03-11 10:00:00', '2024-03-12 13:00:00', '2024-03-11 14:00:00', '2024-04-14 22:00:00', 'Ex- Garden', '14 DAYS', 'BSC - 30 DAYS', NULL, 'DARJEELING/2024/0008', 'P', NULL, 'E', NULL, NULL, 1),
(9, '2024-04-16 16:00:00', '2024-04-17 15:00:00', '2024-04-16 16:00:00', '2024-04-16 16:00:00', 'Ex- Garden', '14 DAYS', 'BSC - 30 DAYS', NULL, 'ASSAM/2024/0012', 'P', NULL, 'E', NULL, NULL, 2),
(10, '2024-04-19 18:00:00', '2024-04-20 18:00:00', '2024-04-19 19:00:00', '2024-04-19 19:00:00', 'Ex- Garden', '14 DAYS', 'BSC - 30 DAYS', NULL, 'DARJEELING/2024/0009', 'P', NULL, 'E', NULL, NULL, 1);

-- --------------------------------------------------------

--
-- Table structure for table `auc_bid_dtl`
--

DROP TABLE IF EXISTS `auc_bid_dtl`;
CREATE TABLE `auc_bid_dtl` (
  `abd_id` int(5) NOT NULL,
  `auc_id` int(5) NOT NULL DEFAULT 0,
  `acd_id` int(5) NOT NULL DEFAULT 0,
  `bidder_id` int(5) NOT NULL DEFAULT 0,
  `bid_price` int(5) NOT NULL DEFAULT 0,
  `bid_time` datetime DEFAULT NULL
) ENGINE=InnoDB DEFAULT CHARSET=utf8mb4 COLLATE=utf8mb4_general_ci;

--
-- Dumping data for table `auc_bid_dtl`
--

INSERT INTO `auc_bid_dtl` (`abd_id`, `auc_id`, `acd_id`, `bidder_id`, `bid_price`, `bid_time`) VALUES
(204, 10, 1419, 34, 345, '2024-04-19 22:09:43'),
(224, 10, 1419, 33, 350, '2024-04-20 10:46:48'),
(225, 10, 1419, 34, 356, '2024-04-20 10:46:48'),
(226, 10, 1419, 33, 361, '2024-04-20 10:47:26'),
(227, 10, 1419, 34, 367, '2024-04-20 10:47:26'),
(228, 10, 1419, 33, 372, '2024-04-20 10:47:26'),
(229, 10, 1419, 34, 378, '2024-04-20 10:47:26');

-- --------------------------------------------------------

--
-- Table structure for table `autobid_mas`
--

DROP TABLE IF EXISTS `autobid_mas`;
CREATE TABLE `autobid_mas` (
  `auto_id` int(5) NOT NULL,
  `bidder_id` int(5) DEFAULT NULL,
  `auc_id` int(5) DEFAULT NULL,
  `acd_id` int(5) DEFAULT NULL,
  `autobid_price` decimal(3,0) DEFAULT 0,
  `autbid_maxprice` decimal(4,0) DEFAULT 0
) ENGINE=InnoDB DEFAULT CHARSET=utf8mb4 COLLATE=utf8mb4_general_ci;

--
-- Dumping data for table `autobid_mas`
--

INSERT INTO `autobid_mas` (`auto_id`, `bidder_id`, `auc_id`, `acd_id`, `autobid_price`, `autbid_maxprice`) VALUES
(1, 33, 10, 1419, 5, 380),
(2, 34, 10, 1419, 6, 410);

-- --------------------------------------------------------

--
-- Table structure for table `bidder_mas`
--

DROP TABLE IF EXISTS `bidder_mas`;
CREATE TABLE `bidder_mas` (
  `bidder_id` int(5) NOT NULL,
  `uid` int(5) DEFAULT NULL,
  `name` varchar(75) DEFAULT NULL,
  `addr` text DEFAULT NULL,
  `state_code` varchar(2) DEFAULT NULL,
  `pin` varchar(6) DEFAULT NULL,
  `pan_no` varchar(10) DEFAULT NULL,
  `gst_no` varchar(15) DEFAULT NULL,
  `cont_no1` varchar(10) DEFAULT NULL,
  `cont_no2` varchar(10) DEFAULT NULL,
  `email_id` varchar(75) DEFAULT NULL,
  `bidder_type` varchar(1) NOT NULL DEFAULT 'V',
  `billing_nm` varchar(50) DEFAULT NULL,
  `legal_letter` text DEFAULT NULL,
  `status` varchar(1) NOT NULL DEFAULT 'A'
) ENGINE=InnoDB DEFAULT CHARSET=utf8mb4 COLLATE=utf8mb4_general_ci;

--
-- Dumping data for table `bidder_mas`
--

INSERT INTO `bidder_mas` (`bidder_id`, `uid`, `name`, `addr`, `state_code`, `pin`, `pan_no`, `gst_no`, `cont_no1`, `cont_no2`, `email_id`, `bidder_type`, `billing_nm`, `legal_letter`, `status`) VALUES
(3, NULL, 'AMITABHA BARAT', '29A/1 SANTIRAM RASTA. BALLY, HOWRAH', '19', '711201', 'AHIPN7634G', '19AHIPN7634G1F5', '9830076207', '', 'amitava.barat@gmail.com', 'V', NULL, NULL, 'A'),
(5, NULL, 'DUMMY', 'NA', '19', '711202', 'AXSDF', 'SAFDAF', '9903194887', '', 'jaiswalaakash2020@gmail.com', 'V', NULL, NULL, 'A'),
(7, NULL, 'AMITABHA', '29A/1 SANTIRAM RASTA, BALLY', '19', '711201', 'AHJPN7254G', '19AHJPN7254G1H6', '9433764700', '', 'amitabha@infotechsystems.in', 'A', NULL, NULL, 'A'),
(8, NULL, 'DEMO CO', 'KOLKATA', '19', '711001', 'AHIPJ7645G', '19AHIPJ7645G1G5', '9007363351', '', 'rahulltiwarii0@gmail.com', 'V', NULL, NULL, 'A'),
(9, NULL, 'ABCD', 'KOL', '19', '700001', 'AHIPK6534F', '19AHIPK6534F1U5', '9051844469', '', 'debajit.nag@andrewyule.com', 'V', NULL, NULL, 'A'),
(15, NULL, 'SURAJIT MONDAL', 'HOWRAH', '19', '711303', 'DDDDDDDDDD', 'DDDDDDDDDDDDDDD', '9051530165', '', 'surajit@infotechsystems.in', 'A', 'INFOTECH SYSTEMS', 'legal/PROJECT modification31-01-15-38.pdf', 'A'),
(16, NULL, 'SURAJIT MONDAL', '29A/1 SANTIRAM RASTA, BALLY, HOWRAH', '19', '711201', 'AHIOB7518J', '19AHJID7218J1Z5', '9830076207', '', 'contact@infotechsystems.in', 'V', 'INFOTECH SYSTEMS', NULL, 'A'),
(17, NULL, 'MANOJ MANNA', '32, J. L. NEHRU ROAD, OM TOWER, 4TH FLOOR', '19', '700071', 'AAGCS5300Q', '19AAGCS5300Q1ZX', '9874456712', '7278755731', 'manojmanna@sumranagro.com', 'V', 'SUMARAN PROJECTS PVT. LTD.', NULL, 'A'),
(18, NULL, 'MOHIT JUTHANI', '37 EZRA STREET', '19', '700001', 'AABFD9114H', '19AABFD9114H1ZI', '7022312555', '9051802635', 'dwarkadas07@yahoo.com', 'V', 'DWARKADAS', NULL, 'A'),
(19, NULL, 'GAURAV SHAH', 'FF 11-14 , TEJ COMPLEX, MITHAKHALI , AHMEDABAD', '24', '380009', 'BFIPS1786M', '24BFIPS1786M1ZS', '9428372730', '9727783231', 'info@morakhiagroup.com', 'V', 'KINGS MAHINDRA', NULL, 'A'),
(20, NULL, 'NEHAL SHAH', '40 / D CHAKRABERIA ROAD NORTH\r\nGROUND FLOOR\r\nBHAWANIPORE', '19', '700020', 'AAGFP3513P', '19AAGFP3513P1ZT', '9836922240', '9433364576', 'pratik@pjshah.in', 'V', 'PRANJIVAN J SHAH', NULL, 'A'),
(21, NULL, 'DUNDESH DHANG', 'CHIKODI', '29', '591201', 'AFTPD1919H', '29AFTPD1919H2Z6', '9448111189', '9901189396', 'dundeshdhang83@gmail.com', 'V', 'SANNIDHI TEA ENTERPRISES', NULL, 'A'),
(22, NULL, 'RAKESH BHAGAT', 'A/303 AASTHAN COMPLEX\r\nOPP POLYTECHNIC AMBAWADI', '24', '380015', 'AAFFH6383N', '24AAFFH6383N2ZW', '9825039733', '9825069533', 'rakeshbhagat@newteaco.com', 'V', 'HARSH TEA COMPANY', NULL, 'A'),
(23, NULL, 'VIKAS SINGAL', 'ORCHID BUILDING, 4TH FLOOR,NEAR LIC BUILDING SILIGURI', '19', '734005', 'AFPPS1007M', '19AFPPS1007M1ZZ', '9832190888', '9735956400', 'VIKASHTEA@YAHOO.IN', 'V', 'VIKAS TEA CORPORATION', NULL, 'A'),
(24, NULL, 'DUMMY_UDESHYA', 'XYZ', '10', '110043', 'DGQPK7125G', 'ADADA', '7351766705', '', 'udeshyakmr@gmail.com', 'V', 'UDESHYA', NULL, 'A'),
(25, NULL, 'SUBHATIRTHA KAR', '22/123B, RAJA MANINDRA ROAD, KOLKATA, P.O.-BELGACHIA, P.S.-CHITPUR', '19', '700037', 'CESPK6648L', 'XYZ193', '7449782411', '9903990089', 'ksubhatirtha@gmail.com', 'V', 'SUBHA ENTERPRISE', NULL, 'A'),
(26, NULL, 'PRAVEEN', '8 DR R P SARANI', '19', '700001', 'BQLPK8456N', '19AACCA4245Q1Z9', '8240112945', '', 'praveen.kothari@andrewyule.com', 'V', 'ANDREW YULE', NULL, 'A'),
(27, NULL, 'SOUVIK', 'GSVSB', '19', '712104', 'GSUDJDKSSJ', 'BDJCJCNXJXNXMXN', '7687044580', '8726278283', 'souvikguin06@gmail.com', 'V', 'HDBCXB', NULL, 'A'),
(28, NULL, 'TEATEA', 'KOLKATA', '19', '700001', 'AEDFY2418F', '19AEDFY2418F1JC', '9003183790', '', 'rnp@andrewyule.com', 'V', 'TEATEA', NULL, 'A'),
(29, NULL, 'SHANTANU BORAL', 'ANDREW YULE & CO. LTD', '19', '700094', 'AHOPB3966F', '19AACCA4245Q1Z9', '9831310812', '', 'shantanu.boral@andrewyule.com', 'V', 'ANDREW YULE', NULL, 'A'),
(30, NULL, 'SHUBHANKAR CHAKRABORTY', 'HOOGHLY', '19', '712123', 'AGCPC8666J', 'AA5239', '8638740044', '', 'shubhankar.chakraborty@andrewyule.com', 'V', 'CHAKRABORTY', NULL, 'A'),
(31, NULL, 'SUBHODIP DUTTA', 'KOLKATA', '19', '700144', 'AKH982HDOP', '5728920190', '8420383106', '', 'subhodipdutta003@gmail.com', 'V', 'PILA SHARK PVT LTD', NULL, 'A'),
(32, 35, 'SURAJIT', 'HOWRAH', '19', '1245', 'DDD', '', '2111525215', '', 'sdg@gmail.com', 'A', 'SURAJIT MONDAL', 'legal/EAadhaar_2834090810649620240306113126_26032024183033.pdf', 'A'),
(33, 35, 'SURAJIT', 'HOWRAH', '19', '1245', 'DDD', '', '2111525215', '', 'sdg@gmail.com', 'A', 'ANSHUMAN', 'legal/7368.pdf', 'A'),
(34, 35, 'SURAJIT', 'HOWRAH', '19', '1245', 'DDD', '', '2111525215', '', 'sdg@gmail.com', 'A', 'TEST', 'egal/EAadhaar_2834090810649620240306113126_26032024183033.pdf', 'D');

-- --------------------------------------------------------

--
-- Table structure for table `contract_type_mas`
--

DROP TABLE IF EXISTS `contract_type_mas`;
CREATE TABLE `contract_type_mas` (
  `ct_id` int(5) NOT NULL,
  `ct_desc` varchar(25) DEFAULT NULL
) ENGINE=InnoDB DEFAULT CHARSET=utf8mb4 COLLATE=utf8mb4_general_ci;

--
-- Dumping data for table `contract_type_mas`
--

INSERT INTO `contract_type_mas` (`ct_id`, `ct_desc`) VALUES
(1, 'Cash & Carry'),
(2, 'Against PDC'),
(3, 'BSC - 30 DAYS');

-- --------------------------------------------------------

--
-- Table structure for table `file_send_mas`
--

DROP TABLE IF EXISTS `file_send_mas`;
CREATE TABLE `file_send_mas` (
  `send_id` int(5) NOT NULL,
  `auc_id` int(5) DEFAULT NULL,
  `mail_id` varchar(75) DEFAULT NULL,
  `recv_nm` varchar(30) DEFAULT NULL,
  `excel_path` text DEFAULT NULL,
  `send_time` datetime DEFAULT NULL,
  `status` varchar(1) NOT NULL DEFAULT 'P'
) ENGINE=InnoDB DEFAULT CHARSET=utf8mb4 COLLATE=utf8mb4_general_ci;

--
-- Dumping data for table `file_send_mas`
--

INSERT INTO `file_send_mas` (`send_id`, `auc_id`, `mail_id`, `recv_nm`, `excel_path`, `send_time`, `status`) VALUES
(1, 1, 'surajit@infotechsystems.in', 'Surajit Mondal', 'uploads/ctc22202314-06-27-43.xlsx', NULL, 'P'),
(2, 2, 'surajit@infotechsystems.in', 'Surajit Mondal', 'uploads/ctc22202314-06-34-11.xlsx', NULL, 'P'),
(3, 3, 'surajit@infotechsystems.in', 'Surajit Mondal', 'uploads/ctc22202314-06-46-25.xlsx', NULL, 'P'),
(4, 4, 'surajit@infotechsystems.in', 'Surajit Mondal', 'uploads/english-type-sale29-01-02-28.xlsx', NULL, 'P'),
(5, 5, 'surajit@infotechsystems.in', 'Surajit Mondal', 'uploads/sample-data-sale.xlsx', NULL, 'P'),
(6, 6, 'surajit@infotechsystems.in', 'Surajit Mondal', 'uploads/sample-data-sale30-01-50-18.xlsx', NULL, 'P'),
(7, 1, 'surajit@infotechsystems.in', 'Surajit Mondal', 'uploads/Book1.xlsx', NULL, 'P'),
(8, 2, 'surajit@infotechsystems.in', 'Surajit Mondal', 'uploads/Book102-02-23-26.xlsx', NULL, 'P'),
(9, 3, 'surajit@infotechsystems.in', 'Surajit Mondal', 'uploads/Book103-02-25-53.xlsx', NULL, 'P'),
(10, 4, 'surajit@infotechsystems.in', 'Surajit Mondal', 'uploads/Book105-02-03-35.xlsx', NULL, 'P'),
(11, 5, 'surajit@infotechsystems.in', 'Surajit Mondal', 'uploads/sample-data-sale09-02-59-26.xlsx', NULL, 'P'),
(12, 6, 'surajit@infotechsystems.in', 'Surajit Mondal', 'uploads/sample-data-sale (1).xlsx', NULL, 'P'),
(13, 7, 'surajit@infotechsystems.in', 'Surajit Mondal', 'uploads/sample-data-sale(1).xlsx', NULL, 'P'),
(14, 8, 'surajit@infotechsystems.in', 'Surajit Mondal', 'uploads/sample-data-sale(1)11-03-29-37.xlsx', NULL, 'P'),
(15, 9, 'surajit@infotechsystems.in', 'Surajit Mondal', 'uploads/sample-data-sale (2)16-04-34-59.xlsx', NULL, 'P'),
(16, 10, 'surajit@infotechsystems.in', 'Surajit Mondal', 'uploads/Book119-04-08-26.xlsx', NULL, 'P');

-- --------------------------------------------------------

--
-- Table structure for table `final_auction_dtl`
--

DROP TABLE IF EXISTS `final_auction_dtl`;
CREATE TABLE `final_auction_dtl` (
  `fad_id` int(5) NOT NULL,
  `auc_id` int(5) NOT NULL DEFAULT 0,
  `auc_start_time` datetime DEFAULT NULL,
  `auc_end_time` datetime DEFAULT NULL,
  `knockdown_start` datetime DEFAULT NULL,
  `knockdown_end` datetime DEFAULT NULL,
  `location` varchar(50) DEFAULT NULL,
  `payment_type` varchar(25) DEFAULT NULL,
  `contract_type` varchar(25) DEFAULT NULL,
  `offer_srl` varchar(30) DEFAULT NULL,
  `offer_srl_id` int(11) NOT NULL DEFAULT 0,
  `acd_id` int(11) NOT NULL DEFAULT 0,
  `jap_id` int(11) DEFAULT 0,
  `lot_no` int(11) DEFAULT NULL,
  `garden_nm` varchar(50) DEFAULT NULL,
  `grade` varchar(25) DEFAULT NULL,
  `invoice_no` varchar(12) DEFAULT NULL,
  `gp_date` date DEFAULT NULL,
  `chest` varchar(12) DEFAULT NULL,
  `net` decimal(2,0) NOT NULL DEFAULT 0,
  `pkgs` int(5) NOT NULL DEFAULT 0,
  `valu_kg` int(5) NOT NULL DEFAULT 0,
  `base_price` decimal(12,2) NOT NULL DEFAULT 0.00,
  `msp` decimal(10,2) NOT NULL DEFAULT 0.00,
  `bid_price` decimal(12,2) NOT NULL DEFAULT 0.00,
  `bidder_id` int(5) DEFAULT NULL,
  `auc_status` varchar(1) NOT NULL DEFAULT 'P'
) ENGINE=MyISAM DEFAULT CHARSET=latin1 COLLATE=latin1_swedish_ci;

--
-- Dumping data for table `final_auction_dtl`
--

INSERT INTO `final_auction_dtl` (`fad_id`, `auc_id`, `auc_start_time`, `auc_end_time`, `knockdown_start`, `knockdown_end`, `location`, `payment_type`, `contract_type`, `offer_srl`, `offer_srl_id`, `acd_id`, `jap_id`, `lot_no`, `garden_nm`, `grade`, `invoice_no`, `gp_date`, `chest`, `net`, `pkgs`, `valu_kg`, `base_price`, `msp`, `bid_price`, `bidder_id`, `auc_status`) VALUES
(1, 2, '2024-02-02 17:00:00', '2024-02-02 17:25:00', '2024-02-02 17:25:00', '2024-02-02 19:00:00', 'Ex- Garden', '14 DAYS', 'BSC - 30 DAYS', 'ASSAM/2024/0007', 2, 409, NULL, 2, 'AMGOORIE', 'BOP', 'C128', '2023-04-24', '4926-4955', 25, 30, 350, 311.00, 0.00, 314.00, 15, 'M'),
(2, 2, '2024-02-02 17:00:00', '2024-02-02 17:25:00', '2024-02-02 17:25:00', '2024-02-02 19:00:00', 'Ex- Garden', '14 DAYS', 'BSC - 30 DAYS', 'ASSAM/2024/0007', 2, 410, NULL, 1, 'AMGOORIE', 'BOP', 'C158', '2023-05-06', '6366-6395', 25, 30, 350, 340.00, 0.00, 345.00, 15, 'M'),
(3, 2, '2024-02-02 17:00:00', '2024-02-02 17:25:00', '2024-02-02 17:25:00', '2024-02-02 19:00:00', 'Ex- Garden', '14 DAYS', 'BSC - 30 DAYS', 'ASSAM/2024/0007', 2, 411, NULL, 2, 'AMGOORIE', 'BOP', 'C128', '2023-04-24', '4926-4955', 25, 30, 350, 311.00, 0.00, 361.00, 15, 'M');

-- --------------------------------------------------------

--
-- Table structure for table `fin_auc_bid_dtl`
--

DROP TABLE IF EXISTS `fin_auc_bid_dtl`;
CREATE TABLE `fin_auc_bid_dtl` (
  `fabd_id` int(5) NOT NULL,
  `abd_id` int(5) NOT NULL DEFAULT 0,
  `auc_id` int(5) NOT NULL DEFAULT 0,
  `acd_id` int(5) NOT NULL DEFAULT 0,
  `bidder_id` int(5) NOT NULL DEFAULT 0,
  `bid_price` int(5) NOT NULL DEFAULT 0,
  `bid_time` datetime DEFAULT NULL
) ENGINE=MyISAM DEFAULT CHARSET=latin1 COLLATE=latin1_swedish_ci;

--
-- Dumping data for table `fin_auc_bid_dtl`
--

INSERT INTO `fin_auc_bid_dtl` (`fabd_id`, `abd_id`, `auc_id`, `acd_id`, `bidder_id`, `bid_price`, `bid_time`) VALUES
(1, 22, 2, 409, 15, 314, '2024-02-02 17:25:07'),
(2, 23, 2, 410, 15, 345, '2024-02-02 17:25:17'),
(3, 24, 2, 411, 15, 361, '2024-02-02 17:25:26');

-- --------------------------------------------------------

--
-- Table structure for table `garden_mas`
--

DROP TABLE IF EXISTS `garden_mas`;
CREATE TABLE `garden_mas` (
  `garden_id` int(5) NOT NULL,
  `garden_nm` varchar(50) DEFAULT NULL
) ENGINE=InnoDB DEFAULT CHARSET=utf8mb4 COLLATE=utf8mb4_general_ci;

--
-- Dumping data for table `garden_mas`
--

INSERT INTO `garden_mas` (`garden_id`, `garden_nm`) VALUES
(1, 'AMGOORIE'),
(2, 'LIGRIPOOKRIE'),
(3, 'DIFFLOO'),
(4, 'BORSAPORI'),
(5, 'LUKWAH'),
(6, 'DUFLATING'),
(7, 'SALKATHONI'),
(8, 'LANGHARJAN'),
(9, 'GATOONGA'),
(10, 'HALMARI'),
(11, 'HAJUA'),
(12, 'KHONGEA'),
(13, 'KOOMTAI (B)	'),
(14, 'TELOIJAN(CLONAL)'),
(15, 'MELENG (CLONALSPECIAL)'),
(16, 'DOYAPORE'),
(17, 'DEKORAI'),
(18, 'BUKHIAL'),
(19, 'HUNWAL'),
(20, 'KOOMTAI (B)'),
(21, 'KOOMTAI (B)'),
(22, 'KOOMTAI (B)'),
(23, 'KOOMTAI (B)'),
(24, 'KOOMTAI (B)'),
(25, 'KOOMTAI (B)'),
(26, 'KOOMTAI (B)'),
(27, 'KOOMTAI (B)'),
(28, 'KOOMTAI (B)'),
(29, 'KOOMTAI (B)'),
(30, 'KOOMTAI (B)'),
(31, 'KOOMTAI (B)'),
(32, 'KOOMTAI (B)'),
(33, 'KOOMTAI (B)'),
(34, 'KOOMTAI (B)'),
(35, 'KOOMTAI (B)'),
(36, 'KOOMTAI (B)'),
(37, 'DOYAPORE '),
(38, 'DOYAPORE '),
(39, 'DOYAPORE '),
(40, 'DOYAPORE '),
(41, 'DOYAPORE '),
(42, 'DOYAPORE '),
(43, 'DOYAPORE '),
(44, 'KEYHUNG'),
(45, 'KEYHUNG'),
(46, 'KEYHUNG'),
(47, 'KEYHUNG'),
(48, 'KEYHUNG'),
(49, 'KEYHUNG'),
(50, 'NAMROOP'),
(51, 'NAMROOP'),
(52, 'NAMROOP'),
(53, 'NAMROOP'),
(54, 'NAMROOP'),
(55, 'NAMROOP'),
(56, 'NAMROOP'),
(57, 'NAMROOP'),
(58, 'NAMROOP'),
(59, 'NAMROOP'),
(60, 'NAMROOP'),
(61, 'NAMROOP'),
(62, 'NAMROOP'),
(63, 'NAMROOP'),
(64, 'NAMROOP'),
(65, 'NAMROOP'),
(66, 'KAKAJANHIGHGROWN'),
(67, 'KAKAJANHIGHGROWN'),
(68, 'KAKAJANHIGHGROWN'),
(69, 'KAKAJANHIGHGROWN'),
(70, 'KAKAJANHIGHGROWN'),
(71, 'KAKAJANHIGHGROWN'),
(72, 'KAKAJANHIGHGROWN'),
(73, 'KAKAJANHIGHGROWN'),
(74, 'KAKAJANHIGHGROWN'),
(75, 'KAKAJANHIGHGROWN'),
(76, 'KAKAJANHIGHGROWN'),
(77, 'DOYANG'),
(78, 'DOYANG'),
(79, 'DOYANG'),
(80, 'DOYANG'),
(81, 'DOYANG'),
(82, 'DOYANG'),
(83, 'DOYANG'),
(84, 'DOYANG'),
(85, 'DOYANG'),
(86, 'DOYANG'),
(87, 'DOYANG'),
(88, 'DOYANG'),
(89, 'DESSOIE'),
(90, 'TEEN ALI'),
(91, 'TEEN ALI'),
(92, 'KANU'),
(93, 'KANU'),
(94, 'KANU'),
(95, 'KANU'),
(96, 'KANU'),
(97, 'KANU'),
(98, 'KANU'),
(99, 'KANU'),
(100, 'KANU'),
(101, 'KANU'),
(102, 'KANU'),
(103, 'ADDABARIEHIGROWN'),
(104, 'ADDABARIEHIGROWN'),
(105, 'ADDABARIEHIGROWN'),
(106, 'ADDABARIEHIGROWN'),
(107, 'ADDABARIEHIGROWN'),
(108, 'ADDABARIEHIGROWN'),
(109, 'ADDABARIEHIGROWN'),
(110, 'ADDABARIEHIGROWN'),
(111, 'ADDABARIEHIGROWN'),
(112, 'ADDABARIEHIGROWN'),
(113, 'ADDABARIEHIGROWN'),
(114, 'ADDABARIEHIGROWN'),
(115, 'ADDABARIEHIGROWN'),
(116, 'ADDABARIEHIGROWN'),
(117, 'ADDABARIEHIGROWN'),
(118, 'ADDABARIEHIGROWN'),
(119, 'ADDABARIEHIGROWN'),
(120, 'ADDABARIEHIGROWN'),
(121, 'ADDABARIEHIGROWN'),
(122, 'HALMIRA'),
(123, 'HALMIRA'),
(124, 'HALMIRA'),
(125, 'HALMIRA'),
(126, 'HALMIRA'),
(127, 'HALMIRA'),
(128, 'SOCKIETING'),
(129, 'SOCKIETING'),
(130, 'SOCKIETING'),
(131, 'SOCKIETING'),
(132, 'SOCKIETING'),
(133, 'SOCKIETING'),
(134, 'SOCKIETING'),
(135, 'SOCKIETING'),
(136, 'SOCKIETING'),
(137, 'SOCKIETING'),
(138, 'SOCKIETING'),
(139, 'SOCKIETING'),
(140, 'SOCKIETING'),
(141, 'SOCKIETING'),
(142, 'SOCKIETING'),
(143, 'SOCKIETING'),
(144, 'SOCKIETING'),
(145, 'GONESHBARI(CLONAL)'),
(146, 'GONESHBARI(CLONAL)'),
(147, 'GONESHBARI(CLONAL)'),
(148, 'GONESHBARI(CLONAL)'),
(149, 'GONESHBARI(CLONAL)'),
(150, 'ORANGAJULI'),
(151, 'ORANGAJULI'),
(152, 'ORANGAJULI'),
(153, 'SHAKOMATO'),
(154, 'SHAKOMATO'),
(155, 'SHAKOMATO'),
(156, 'SHAKOMATO'),
(157, 'SHAKOMATO'),
(158, 'SHAKOMATO'),
(159, 'TYROON'),
(160, 'TYROON'),
(161, 'TYROON'),
(162, 'TYROON'),
(163, 'TYROON'),
(164, 'KAKADONGA'),
(165, 'KAKADONGA'),
(166, 'KAKADONGA'),
(167, 'KAKADONGA'),
(168, 'KAKADONGA'),
(169, 'KAKADONGA'),
(170, 'AIDEOBARI PREMIUM'),
(171, 'AIDEOBARI PREMIUM'),
(172, 'AIDEOBARI PREMIUM'),
(173, 'AIDEOBARI PREMIUM'),
(174, 'AIDEOBARI PREMIUM'),
(175, 'AIDEOBARI PREMIUM'),
(176, 'AIDEOBARI PREMIUM'),
(177, 'AIDEOBARI PREMIUM'),
(178, 'AIDEOBARI PREMIUM'),
(179, 'AIDEOBARI PREMIUM'),
(180, 'AIDEOBARI PREMIUM'),
(181, 'AIDEOBARI PREMIUM'),
(182, 'GREENWOOD'),
(183, 'OAKLANDS'),
(184, 'OAKLANDS'),
(185, 'OAKLANDS'),
(186, 'THANAI'),
(187, 'THANAI'),
(188, 'THANAI'),
(189, 'THANAI'),
(190, 'THANAI'),
(191, 'THANAI'),
(192, 'THANAI'),
(193, 'THANAI'),
(194, 'THANAI'),
(195, 'THANAI'),
(196, 'THANAI'),
(197, 'THANAI'),
(198, 'THANAI'),
(199, 'DUFFLAGHUR'),
(200, 'DUFFLAGHUR'),
(201, 'PHULBARI'),
(202, 'NAMDANG'),
(203, 'NAMDANG'),
(204, 'NAMDANG'),
(205, 'MARGHERITA'),
(206, 'MARGHERITA'),
(207, 'MARGHERITA'),
(208, 'ATTAREEKHAT'),
(209, 'ATTAREEKHAT'),
(210, 'ATTAREEKHAT'),
(211, 'ATTAREEKHAT'),
(212, 'ATTAREEKHAT'),
(213, 'ATTAREEKHAT'),
(214, 'ATTAREEKHAT'),
(215, 'BOGAPANI'),
(216, 'BOGAPANI'),
(217, 'BOGAPANI'),
(218, 'BOGAPANI'),
(219, 'BOGAPANI'),
(220, 'BOGAPANI'),
(221, 'BOGAPANI'),
(222, 'BOGAPANI'),
(223, 'BOGAPANI'),
(224, 'BOGAPANI'),
(225, 'BOGAPANI'),
(226, 'BOGAPANI'),
(227, 'BOGAPANI'),
(228, 'BORENGAJULI'),
(229, 'MONABARIE'),
(230, 'MONABARIE'),
(231, 'MONABARIE'),
(232, 'MONABARIE'),
(233, 'PERTABGHUR'),
(234, 'PERTABGHUR'),
(235, 'PERTABGHUR'),
(236, 'PERTABGHUR'),
(237, 'PERTABGHUR'),
(238, 'PERTABGHUR'),
(239, 'PERTABGHUR'),
(240, 'THOWRA'),
(241, 'THOWRA'),
(242, 'THOWRA'),
(243, 'DHOEDAAM'),
(244, 'DHOEDAAM'),
(245, 'DHOEDAAM'),
(246, 'DHOEDAAM'),
(247, 'DHOEDAAM'),
(248, 'DHOEDAAM'),
(249, 'DHOEDAAM'),
(250, 'DHOEDAAM'),
(251, 'BASMATIA'),
(252, 'BASMATIA'),
(253, 'BASMATIA'),
(254, 'BASMATIA'),
(255, 'BASMATIA'),
(256, 'BASMATIA'),
(257, 'BASMATIA'),
(258, 'BASMATIA'),
(259, 'BASMATIA'),
(260, 'BASMATIA'),
(261, 'BASMATIA'),
(262, 'BASMATIA'),
(263, 'BASMATIA'),
(264, 'BASMATIA'),
(265, 'KHOWANG'),
(266, 'KHOWANG'),
(267, 'KHOWANG'),
(268, 'KHOWANG'),
(269, 'KHOWANG'),
(270, 'KHOWANG'),
(271, 'KHOWANG'),
(272, 'KHOWANG'),
(273, 'KHOWANG'),
(274, 'KHOWANG'),
(275, 'KHOWANG'),
(276, 'KHOWANG'),
(277, 'KHOWANG'),
(278, 'KHOWANG'),
(279, 'KHOWANG'),
(280, 'KHOWANG'),
(281, 'KHOWANG'),
(282, 'KHOWANG'),
(283, 'KHOWANG'),
(284, 'SALONAH'),
(285, 'SALONAH'),
(286, 'GATOONGA(CL)'),
(287, 'GATOONGA(CL)'),
(288, 'SALKATHONI(CL)'),
(289, 'SALKATHONI(CL)'),
(290, 'SALKATHONI(CL)'),
(291, 'SANGSUA'),
(292, 'SANGSUA'),
(293, 'MELENG(CLONAL)'),
(294, 'MELENG(CLONAL)'),
(295, 'MARANGI'),
(296, 'MARANGI'),
(297, 'ADDABARIE'),
(298, 'ADDABARIE'),
(299, 'ADDABARIE'),
(300, 'ADDABARIE'),
(301, 'ADDABARIE'),
(302, 'ADDABARIE'),
(303, 'ADDABARIE'),
(304, 'ADDABARIE'),
(305, 'ADDABARIE'),
(306, 'ADDABARIE'),
(307, 'ADDABARIE'),
(308, 'ADDABARIE'),
(309, 'ADDABARIE'),
(310, 'ADDABARIE'),
(311, 'BRAHMAJAN'),
(312, 'BRAHMAJAN'),
(313, 'BRAHMAJAN'),
(314, 'BRAHMAJAN'),
(315, 'BRAHMAJAN'),
(316, 'BRAHMAJAN'),
(317, 'BRAHMAJAN'),
(318, 'BRAHMAJAN'),
(319, 'TELOIJANROYALSPL'),
(320, 'HANUMANBAG'),
(321, 'HANUMANBAG'),
(322, 'HANUMANBAG'),
(323, 'HANUMANBAG'),
(324, 'HANUMANBAG'),
(325, 'HANUMANBAG'),
(326, 'HANUMANBAG'),
(327, 'HANUMANBAG'),
(328, 'HANUMANBAG'),
(329, 'HANUMANBAG'),
(330, 'HANUMANBAG'),
(331, 'HANUMANBAG'),
(332, 'MADOORIE'),
(333, 'MADOORIE'),
(334, 'MADOORIE'),
(335, 'MADOORIE'),
(336, 'MADOORIE'),
(337, 'MADOORIE'),
(338, 'MADOORIE'),
(339, 'DHENDAI'),
(340, 'DHENDAI'),
(341, 'SADHARU'),
(342, 'SADHARU'),
(343, 'SADHARU'),
(344, 'SADHARU'),
(345, 'SADHARU'),
(346, 'SADHARU'),
(347, 'SADHARU'),
(348, 'DUKENHENGRA'),
(349, 'DUKENHENGRA'),
(350, 'DUKENHENGRA'),
(351, 'DUKENHENGRA'),
(352, 'DUKENHENGRA'),
(353, 'AMBIKAPUR'),
(354, 'AMBIKAPUR'),
(355, 'AMBIKAPUR'),
(356, 'AMBIKAPUR'),
(357, 'AMBIKAPUR'),
(358, 'AMBIKAPUR'),
(359, 'AMBIKAPUR'),
(360, 'AMBIKAPUR'),
(361, 'AMBIKAPUR'),
(362, 'AMBIKAPUR'),
(363, 'AMBIKAPUR'),
(364, 'AMBIKAPUR'),
(365, 'AMBIKAPUR'),
(366, 'AMBIKAPUR'),
(367, 'AMBIKAPUR'),
(368, 'AMBIKAPUR'),
(369, 'AMBIKAPUR'),
(370, 'KHONGEACLONAL'),
(371, 'KHONGEACLONAL'),
(372, 'KHONGEACLONAL'),
(373, 'KHONGEACLONAL'),
(374, 'KHONGEACLONAL'),
(375, 'KHONGEACLONAL'),
(376, 'KHONGEACLONAL'),
(377, 'KHONGEACLONAL'),
(378, 'KHONGEACLONAL'),
(379, 'KHONGEACLONAL'),
(380, 'KHONGEACLONAL'),
(381, 'KHONGEACLONAL'),
(382, 'KHONGEACLONAL'),
(383, 'KHONGEACLONAL'),
(384, 'KHONGEACLONAL'),
(385, 'KHONGEACLONAL'),
(386, 'KHONGEACLONAL'),
(387, 'KHONGEACLONAL'),
(388, 'LABACGOLD'),
(389, 'LABACGOLD'),
(390, 'LABACGOLD'),
(391, 'LABACGOLD'),
(392, 'LABACGOLD'),
(393, 'LABACGOLD'),
(394, 'LABACGOLD'),
(395, 'KALLINEGOLD'),
(396, 'KALLINEGOLD'),
(397, 'KALLINEGOLD'),
(398, 'KALLINEGOLD'),
(399, 'BURTOLL GOLD'),
(400, 'BURTOLL GOLD'),
(401, 'BURTOLL GOLD'),
(402, 'BURTOLL GOLD'),
(403, 'BURTOLL GOLD'),
(404, 'BURTOLL GOLD'),
(405, 'BURTOLL GOLD'),
(406, 'BURTOLL GOLD'),
(407, 'BURTOLL GOLD'),
(408, 'BURTOLL GOLD'),
(409, 'BURTOLL GOLD'),
(410, 'BURTOLL GOLD'),
(411, 'BURTOLL GOLD'),
(412, 'BURTOLL GOLD'),
(413, 'BURTOLL GOLD'),
(414, 'KOOMBER'),
(415, 'KOOMBER'),
(416, 'KOOMBER'),
(417, 'KOOMBER'),
(418, 'LALLAMOOKH'),
(419, 'LALLAMOOKH'),
(420, 'LALLAMOOKH'),
(421, 'LALLAMOOKH'),
(422, 'LALLAMOOKH'),
(423, 'LALLAMOOKH'),
(424, 'LALLAMOOKH'),
(425, 'KALLINE SPECIAL'),
(426, 'KALLINE SPECIAL'),
(427, 'KALLINE SPECIAL'),
(428, 'BURTOLLSPECIAL'),
(429, 'BURTOLLSPECIAL'),
(430, 'BURTOLLSPECIAL'),
(431, 'DANGUAJHAR'),
(432, 'DANGUAJHAR'),
(433, 'DANGUAJHAR'),
(434, 'DANGUAJHAR'),
(435, 'DANGUAJHAR'),
(436, 'DANGUAJHAR'),
(437, 'DANGUAJHAR'),
(438, 'DANGUAJHAR'),
(439, 'CHALOUNI'),
(440, 'HOPE'),
(441, 'HOPE'),
(442, 'HOPE'),
(443, 'LEESH RIVER'),
(444, 'LEESH RIVER'),
(445, 'BAMANDANGASINGLEESTATE'),
(446, 'SAMSINGSINGLEESTATE'),
(447, 'SAMSINGSINGLEESTATE'),
(448, 'SAMSINGSINGLEESTATE'),
(449, 'SAMSINGSINGLEESTATE'),
(450, 'SAMSINGSINGLEESTATE'),
(451, 'SAMSINGSINGLEESTATE'),
(452, 'TELEPARA ROYAL'),
(453, 'NAMASTE TEA'),
(454, 'NAMASTE TEA'),
(455, 'NAMASTE TEA'),
(456, 'NAMASTE TEA'),
(457, 'NAMASTE TEA'),
(458, 'NAMASTE TEA'),
(459, 'NAMASTE TEA'),
(460, 'PUSPA SUPREME'),
(461, 'PUSPA SUPREME'),
(462, 'PUSPA SUPREME'),
(463, 'AVANI CLASSIC'),
(464, 'AVANI CLASSIC'),
(465, 'AVANI CLASSIC'),
(466, 'AVANI CLASSIC'),
(467, 'AVANI CLASSIC'),
(468, 'AVANI CLASSIC'),
(469, 'ROYBARI GOLD'),
(470, 'ROYBARI GOLD'),
(471, 'ROYBARI GOLD'),
(472, 'ROYBARI GOLD'),
(473, 'ROYBARI GOLD'),
(474, 'GOALTULI'),
(475, 'GOALTULI'),
(476, 'GOALTULI'),
(477, 'GOALTULI'),
(478, 'GOALTULI'),
(479, 'GOALTULI');

-- --------------------------------------------------------

--
-- Table structure for table `grade_mas`
--

DROP TABLE IF EXISTS `grade_mas`;
CREATE TABLE `grade_mas` (
  `grade_id` int(5) NOT NULL,
  `grade` varchar(10) DEFAULT NULL
) ENGINE=InnoDB DEFAULT CHARSET=utf8mb4 COLLATE=utf8mb4_general_ci;

--
-- Dumping data for table `grade_mas`
--

INSERT INTO `grade_mas` (`grade_id`, `grade`) VALUES
(1, 'BOPSM'),
(2, 'PF'),
(3, 'BOP'),
(4, 'BP'),
(5, 'BOP1'),
(6, 'BP1'),
(7, 'BPS'),
(8, 'BOPL'),
(9, 'PF1'),
(10, 'OF'),
(11, 'OF'),
(12, 'OF'),
(13, 'OF1'),
(14, 'PF1'),
(15, 'PF1'),
(16, 'PF1'),
(17, 'PF1'),
(18, 'PF1'),
(19, 'BOPSM1'),
(20, 'OF'),
(21, 'OF'),
(22, 'OF'),
(23, 'OF1'),
(24, 'PF1'),
(25, 'PF1'),
(26, 'PF1'),
(27, 'OF'),
(28, 'PF1'),
(29, 'BOPSM1'),
(30, 'BOPSM1'),
(31, 'BOPSM1'),
(32, 'PF1'),
(33, 'OF'),
(34, 'OF'),
(35, 'OF1'),
(36, 'OF'),
(37, 'OF'),
(38, 'BPSM'),
(39, 'OF'),
(40, 'OF'),
(41, 'OF'),
(42, 'OF'),
(43, 'OF'),
(44, 'OF'),
(45, 'OF'),
(46, 'OF'),
(47, 'OF'),
(48, 'OF'),
(49, 'OF'),
(50, 'OF'),
(51, 'OF'),
(52, 'BOPSM1'),
(53, 'OF'),
(54, 'OF'),
(55, 'OF');

-- --------------------------------------------------------

--
-- Table structure for table `japanese_mas`
--

DROP TABLE IF EXISTS `japanese_mas`;
CREATE TABLE `japanese_mas` (
  `jap_id` int(5) NOT NULL,
  `auc_id` int(5) NOT NULL,
  `jap_dt` date NOT NULL,
  `jap_start` time NOT NULL,
  `jap_end` time NOT NULL
) ENGINE=InnoDB DEFAULT CHARSET=utf8mb4 COLLATE=utf8mb4_general_ci;

--
-- Dumping data for table `japanese_mas`
--

INSERT INTO `japanese_mas` (`jap_id`, `auc_id`, `jap_dt`, `jap_start`, `jap_end`) VALUES
(1, 1, '2023-06-14', '12:00:00', '13:00:00'),
(2, 1, '2023-06-14', '13:00:00', '14:00:00'),
(3, 1, '2023-06-14', '14:00:00', '15:00:00'),
(4, 1, '2023-06-14', '15:00:00', '16:00:00'),
(5, 1, '2023-06-14', '16:00:00', '17:00:00'),
(6, 1, '2023-06-14', '17:00:00', '18:00:00');

-- --------------------------------------------------------

--
-- Table structure for table `location_mas`
--

DROP TABLE IF EXISTS `location_mas`;
CREATE TABLE `location_mas` (
  `loc_id` int(5) NOT NULL,
  `loc_desc` varchar(50) DEFAULT NULL
) ENGINE=InnoDB DEFAULT CHARSET=utf8mb4 COLLATE=utf8mb4_general_ci;

--
-- Dumping data for table `location_mas`
--

INSERT INTO `location_mas` (`loc_id`, `loc_desc`) VALUES
(1, 'Ex- Garden'),
(2, 'Ex- Siliguri'),
(3, 'Ex-Guwahati'),
(4, 'Ex-Kolkata');

-- --------------------------------------------------------

--
-- Table structure for table `mailer_mas`
--

DROP TABLE IF EXISTS `mailer_mas`;
CREATE TABLE `mailer_mas` (
  `mid` int(5) NOT NULL,
  `mail_nm` varchar(30) DEFAULT NULL,
  `mail_id` varchar(75) DEFAULT NULL
) ENGINE=InnoDB DEFAULT CHARSET=utf8mb4 COLLATE=utf8mb4_general_ci;

--
-- Dumping data for table `mailer_mas`
--

INSERT INTO `mailer_mas` (`mid`, `mail_nm`, `mail_id`) VALUES
(1, 'Surajit Mondal', 'surajit@infotechsystems.in');

-- --------------------------------------------------------

--
-- Table structure for table `menu_mas`
--

DROP TABLE IF EXISTS `menu_mas`;
CREATE TABLE `menu_mas` (
  `menu_id` int(4) NOT NULL,
  `parent_id` int(4) DEFAULT NULL,
  `murl` varchar(50) CHARACTER SET utf8 COLLATE utf8_unicode_ci DEFAULT NULL,
  `srl` int(4) DEFAULT NULL,
  `mbody` varchar(50) CHARACTER SET utf8 COLLATE utf8_unicode_ci DEFAULT NULL,
  `icon_nm` varchar(30) CHARACTER SET utf8 COLLATE utf8_unicode_ci DEFAULT NULL,
  `show_tag` varchar(1) DEFAULT 'T'
) ENGINE=InnoDB DEFAULT CHARSET=utf8mb4 COLLATE=utf8mb4_general_ci;

--
-- Dumping data for table `menu_mas`
--

INSERT INTO `menu_mas` (`menu_id`, `parent_id`, `murl`, `srl`, `mbody`, `icon_nm`, `show_tag`) VALUES
(1, 0, 'excel-upload.php', 2, 'Excel Upload', 'fa-file-excel-o', 'T'),
(2, 0, 'active-offersheet.php', 2, 'Open Offersheet', 'fa-calendar', 'T'),
(3, 0, NULL, 1, 'Master', 'fa-calendar', 'T'),
(4, 0, NULL, 3, 'Reports', 'fa-print', 'T'),
(5, 0, NULL, 4, 'Settings', 'fa-cog', 'T'),
(6, 3, 'user-mas.php', 1, 'User Master', 'fa-user-md', 'T'),
(7, 6, 'user-insert.php', 1, 'Add', 'fa-plus', 'F'),
(8, 6, 'user-edit.php', 2, 'Edit', 'fa-edit', 'F'),
(9, 2, 'acive-offersheet-bid.php', 1, 'Bid', 'fa-tag', 'F'),
(10, 3, 'bidder-master.php', 2, 'Bidder Master', 'fa-university', 'T'),
(11, 10, 'bidder-edit.php', 1, 'Edit', 'fa-edit', 'F'),
(12, 0, 'knockdown-offersheet.php', 2, 'Knockdown Offersheet', 'fa-file-excel-o', 'T');

-- --------------------------------------------------------

--
-- Table structure for table `offer_mas`
--

DROP TABLE IF EXISTS `offer_mas`;
CREATE TABLE `offer_mas` (
  `offer_id` int(5) NOT NULL,
  `offer_nm` varchar(50) DEFAULT NULL,
  `offer_srl_id` int(5) DEFAULT NULL,
  `offer_start_time` datetime DEFAULT NULL,
  `offer_end_time` datetime DEFAULT NULL,
  `knockdown_start` datetime DEFAULT NULL,
  `knockdown_end` datetime DEFAULT NULL,
  `location` varchar(50) DEFAULT NULL,
  `payment_type` varchar(25) DEFAULT NULL,
  `contract_type` varchar(25) DEFAULT NULL
) ENGINE=InnoDB DEFAULT CHARSET=utf8mb4 COLLATE=utf8mb4_general_ci;

--
-- Dumping data for table `offer_mas`
--

INSERT INTO `offer_mas` (`offer_id`, `offer_nm`, `offer_srl_id`, `offer_start_time`, `offer_end_time`, `knockdown_start`, `knockdown_end`, `location`, `payment_type`, `contract_type`) VALUES
(1, NULL, 1, '2024-04-19 19:00:00', '2024-04-20 18:00:00', '2024-04-19 19:00:00', '2024-04-19 19:00:00', 'Ex- Garden', '14 DAYS', 'BSC - 30 DAYS');

-- --------------------------------------------------------

--
-- Table structure for table `offer_srl_mas`
--

DROP TABLE IF EXISTS `offer_srl_mas`;
CREATE TABLE `offer_srl_mas` (
  `offer_id` int(5) NOT NULL,
  `place` varchar(20) DEFAULT NULL,
  `offer_srl` int(5) NOT NULL DEFAULT 1
) ENGINE=InnoDB DEFAULT CHARSET=utf8mb4 COLLATE=utf8mb4_general_ci;

--
-- Dumping data for table `offer_srl_mas`
--

INSERT INTO `offer_srl_mas` (`offer_id`, `place`, `offer_srl`) VALUES
(1, 'DARJEELING', 10),
(2, 'ASSAM', 13),
(3, 'SILIGURI', 4);

-- --------------------------------------------------------

--
-- Table structure for table `orgn_mas`
--

DROP TABLE IF EXISTS `orgn_mas`;
CREATE TABLE `orgn_mas` (
  `orgn_id` int(5) NOT NULL,
  `orgn_code` varchar(10) DEFAULT NULL,
  `orgn_nm` varchar(50) DEFAULT NULL,
  `orgn_addr` text DEFAULT NULL,
  `orgn_cont_no` varchar(10) DEFAULT NULL,
  `email_id` varchar(100) DEFAULT NULL,
  `gst_no` varchar(15) DEFAULT NULL,
  `old_id` int(5) DEFAULT NULL
) ENGINE=InnoDB DEFAULT CHARSET=utf8mb4 COLLATE=utf8mb4_general_ci;

--
-- Dumping data for table `orgn_mas`
--

INSERT INTO `orgn_mas` (`orgn_id`, `orgn_code`, `orgn_nm`, `orgn_addr`, `orgn_cont_no`, `email_id`, `gst_no`, `old_id`) VALUES
(1, 'T001', 'ANDREW YULE & COMPANY LTD', '8 DR R P SARANI KOLKATA - 700 001', NULL, NULL, NULL, 1);

-- --------------------------------------------------------

--
-- Table structure for table `payment_type_mas`
--

DROP TABLE IF EXISTS `payment_type_mas`;
CREATE TABLE `payment_type_mas` (
  `pt_id` int(5) NOT NULL,
  `pt_desc` varchar(25) DEFAULT NULL
) ENGINE=InnoDB DEFAULT CHARSET=utf8mb4 COLLATE=utf8mb4_general_ci;

--
-- Dumping data for table `payment_type_mas`
--

INSERT INTO `payment_type_mas` (`pt_id`, `pt_desc`) VALUES
(1, '14 DAYS'),
(2, '30 DAYS');

-- --------------------------------------------------------

--
-- Table structure for table `reg_otp_mas`
--

DROP TABLE IF EXISTS `reg_otp_mas`;
CREATE TABLE `reg_otp_mas` (
  `otp_id` int(5) NOT NULL,
  `email_id` varchar(100) DEFAULT NULL,
  `otp` varchar(4) DEFAULT NULL,
  `mobile_no` varchar(10) DEFAULT NULL,
  `motp` varchar(4) DEFAULT NULL,
  `otp_time` datetime DEFAULT NULL,
  `status` varchar(1) NOT NULL DEFAULT 'A'
) ENGINE=InnoDB DEFAULT CHARSET=utf8mb4 COLLATE=utf8mb4_general_ci;

--
-- Dumping data for table `reg_otp_mas`
--

INSERT INTO `reg_otp_mas` (`otp_id`, `email_id`, `otp`, `mobile_no`, `motp`, `otp_time`, `status`) VALUES
(2, 'surajit@infotechsystems.in', '9576', NULL, NULL, '2023-06-19 14:39:33', 'D'),
(4, 'amitava.barat@gmail.com', '5069', NULL, NULL, '2023-06-19 14:46:40', 'A'),
(5, 'amitabha@infotechsystems.in', '8605', NULL, NULL, '2023-06-19 14:55:34', 'D'),
(6, 'surajitmondal19@gmail.com', '3054', '9051530165', '0250', '2024-01-09 16:51:28', 'D'),
(7, 'surajitmondal19@gmail.com', '1567', '9051530165', '6856', '2024-01-09 16:58:10', 'D'),
(8, 'surajitmondal19@gmail.com', '6905', '9051530165', '6353', '2024-01-09 17:13:53', 'D'),
(9, 'surajit@infotechsystems.in', '4744', '9051530165', '6114', '2024-01-09 17:15:06', 'D'),
(10, 'jaiswalaakash2020@gmail.com', '6101', '9903194887', '8487', '2024-01-11 11:40:39', 'A'),
(11, 'aakashjaiswal.xcs@gmail.com', '6972', '8240353924', '0058', '2024-01-11 18:31:03', 'A'),
(12, 'surajit@infotechsystems.in', '2127', '9051530165', '6662', '2024-01-29 11:17:24', 'D'),
(13, 'amitabha@infotechsystems.in', '2875', '9433764700', '5868', '2024-01-29 11:34:14', 'D'),
(14, 'amitabha@infotechsystems.in', '4190', '9433764700', '3954', '2024-01-29 11:35:55', 'D'),
(15, 'amitabha@infotechsystems.in', '9592', '9433764700', '2033', '2024-01-29 11:44:44', 'A'),
(16, 'rahulltiwarii0@gmail.com', '9444', '9007363351', '5344', '2024-01-30 12:30:16', 'A'),
(17, 'debajit.nag@andrewyule.com', '6104', '9051844469', '8460', '2024-01-30 13:31:50', 'A'),
(18, 'surajit@infotechsystems.in', '0433', '9051530165', '2958', '2024-01-31 13:39:45', 'D'),
(19, 'surajit@infotechsystems.in', '3088', '9051530165', '5973', '2024-01-31 14:02:01', 'D'),
(20, 'surajit@infotechsystems.in', '2576', '9051530165', '1764', '2024-01-31 14:38:26', 'D'),
(21, 'surajit@infotechsystems.in', '4963', '9051530165', '3148', '2024-01-31 14:38:27', 'D'),
(22, 'surajit@infotechsystems.in', '9744', '9051530165', '6283', '2024-01-31 14:39:19', 'D'),
(23, 'surajit@infotechsystems.in', '7057', '9051530165', '0818', '2024-01-31 14:40:54', 'A'),
(24, 'surajitmondal19@gmail.com', '7173', '7557010990', '5732', '2024-02-01 18:23:46', 'D'),
(25, 'surajitmondal19@gmail.com', '1458', '7557010990', '4039', '2024-02-01 18:26:11', 'D'),
(26, 'surajitmondal19@gmail.com', '6185', '7557010990', '1620', '2024-02-01 18:29:34', 'D'),
(27, 'surajitmondal19@gmail.com', '8581', '7557010990', '8179', '2024-02-05 12:15:23', 'A'),
(28, 'skyjaisw75@gmail.com', '9334', '8240353924', '3489', '2024-02-05 12:27:06', 'A'),
(29, 'contact@infotechsystems.in', '0482', '9830076207', '0921', '2024-03-11 13:13:40', 'A'),
(30, 'shahhimanshu0@gmail.com', '6431', '9831142101', '4084', '2024-03-21 15:44:54', 'D'),
(31, 'gopeshmittal82@gmail.com', '9192', '9332255867', '9759', '2024-03-21 20:05:44', 'A'),
(32, 'shahhimanshu0@gmail.com', '3808', '9831142101', '7500', '2024-03-23 13:32:55', 'D'),
(33, 'shahhimanshu0@gmail.com', '5225', '9831142101', '7822', '2024-03-26 13:48:25', 'A'),
(34, 'manojmanna@sumranagro.com', '0402', '9874456712', '8060', '2024-03-26 16:19:40', 'A'),
(35, 'dwarkadas07@yahoo.com', '0552', '7022312555', '9428', '2024-04-01 12:20:45', 'A'),
(36, 'info@morakhiagroup.com', '9653', '9428372730', '6977', '2024-04-02 17:39:47', 'A'),
(37, 'ayush_mintri@hotmail.com', '9719', '7065729341', '8947', '2024-04-03 09:50:16', 'D'),
(38, 'ayush_mintri@hotmail.com', '7099', '7065729341', '5056', '2024-04-03 15:32:51', 'A'),
(39, 'pratik@pjshah.in', '7395', '9836922240', '8309', '2024-04-04 11:19:19', 'A'),
(40, 'dundeshdhang83@gmail.com', '3953', '9448111189', '9093', '2024-04-04 16:42:14', 'D'),
(41, 'dundeshdhang83@gmail.com', '2178', '9448111189', '0302', '2024-04-04 16:43:30', 'A'),
(42, 'rakeshbhagat@newteaco.com', '9252', '9825039733', '8033', '2024-04-08 12:50:02', 'A'),
(43, 'utkalteaco@gmail.com', '3982', '7602402376', '0781', '2024-04-08 14:37:02', 'A'),
(44, 'Krunalmanek@gmail.com', '1383', '9679990975', '4945', '2024-04-09 16:44:12', 'D'),
(45, 'Krunalmanek@gmail.com', '6554', '9679990975', '3957', '2024-04-09 16:44:49', 'D'),
(46, 'Krunalmanek@gmail.com', '8303', '9679990975', '7794', '2024-04-09 16:45:11', 'D'),
(47, 'Krunalmanek@gmail.com', '3654', '9679990975', '8022', '2024-04-09 16:50:26', 'D'),
(48, 'Krunalmanek@gmail.com', '4928', '9679990975', '2271', '2024-04-09 16:50:53', 'D'),
(49, 'udeshyakmr@gmail.com', '6114', '7351766705', '6949', '2024-04-09 16:58:06', 'D'),
(50, 'Krunalmanek@gmail.com', '1610', '9679990975', '7754', '2024-04-09 16:59:08', 'D'),
(51, 'Krunalmanek@gmail.com', '8697', '9769990975', '4500', '2024-04-09 17:00:14', 'D'),
(52, 'Krunalmanek@gmail.com', '2528', '9679990975', '5621', '2024-04-09 17:01:23', 'D'),
(53, 'Krunalmanek@gmail.com', '8922', '9769990975', '6020', '2024-04-09 17:04:15', 'D'),
(54, 'krunalmanek@gmail.com', '5359', '9769990975', '4832', '2024-04-09 17:07:59', 'A'),
(55, 'udeshyakmr@gmail.com', '1624', '7351766705', '8298', '2024-04-09 18:10:04', 'D'),
(56, 'udeshyakmr@gmail.com', '7425', '7351766705', '9516', '2024-04-09 18:10:12', 'D'),
(57, 'udeshyakmr@gmail.com', '1589', '7351766705', '3942', '2024-04-09 18:10:13', 'D'),
(58, 'udeshyakmr@gmail.com', '8654', '7351766705', '0710', '2024-04-09 18:10:14', 'D'),
(59, 'udeshyakmr@gmail.com', '5061', '7351766705', '1500', '2024-04-09 18:10:14', 'D'),
(60, 'udeshyakmr@gmail.com', '6507', '7351766705', '2055', '2024-04-09 18:10:14', 'D'),
(61, 'udeshyakmr@gmail.com', '5626', '7351766705', '0647', '2024-04-09 18:12:15', 'D'),
(62, 'VIKASHTEA@YAHOO.IN', '1409', '9832190888', '3095', '2024-04-15 16:52:09', 'A'),
(63, 'udeshyakmr@gmail.com', '7765', '7351766705', '1962', '2024-04-15 17:06:45', 'A'),
(64, 'ksubhatirtha@gmail.com', '9801', '7449782411', '8219', '2024-04-15 17:49:28', 'A'),
(65, 'praveen.kothari@andrewyule.com', '7543', '8240112945', '8599', '2024-04-15 17:51:35', 'A'),
(66, 'souvikguin06@gmail.com', '6273', '7687044580', '6467', '2024-04-15 17:54:24', 'A'),
(67, 'rnp@andrewyule.com', '8089', '9003183790', '6638', '2024-04-15 17:56:28', 'A'),
(68, 'shubhankar.chakraborty@andrewyule.com', '6572', '9854168018', '9822', '2024-04-15 18:09:35', 'D'),
(69, 'shantanu.boral@andrewyule.com', '4310', '9831310812', '2163', '2024-04-15 18:14:15', 'A'),
(70, 'shubhankar.chakraborty@andrewyule.com', '8538', '8638740044', '8731', '2024-04-15 18:22:14', 'A'),
(71, 'subhodipdutta003@gmail.com', '8350', '8420383106', '1273', '2024-04-16 15:09:04', 'A'),
(72, 'dd@gmail.com', '9479', '1258645678', '7648', '2024-04-18 17:05:15', 'A'),
(73, 'sdg@gmail.com', '8299', '2111525215', '0620', '2024-04-19 11:00:31', 'A');

-- --------------------------------------------------------

--
-- Table structure for table `soft_mas`
--

DROP TABLE IF EXISTS `soft_mas`;
CREATE TABLE `soft_mas` (
  `soft_id` int(5) NOT NULL,
  `soft_nm` varchar(35) NOT NULL,
  `soft_abbr` varchar(12) NOT NULL,
  `message` text DEFAULT NULL
) ENGINE=InnoDB DEFAULT CHARSET=utf8mb4 COLLATE=utf8mb4_general_ci;

--
-- Dumping data for table `soft_mas`
--

INSERT INTO `soft_mas` (`soft_id`, `soft_nm`, `soft_abbr`, `message`) VALUES
(1, 'Private Sale', 'Private Sale', 'Dear User, Welcome you to Andrew Yule Private Tea Sale Portal. ');

-- --------------------------------------------------------

--
-- Table structure for table `state_mas`
--

DROP TABLE IF EXISTS `state_mas`;
CREATE TABLE `state_mas` (
  `state_id` int(5) NOT NULL,
  `state_nm` varchar(35) CHARACTER SET utf8 COLLATE utf8_unicode_ci DEFAULT NULL,
  `state_code` varchar(2) CHARACTER SET utf8 COLLATE utf8_unicode_ci DEFAULT NULL
) ENGINE=MyISAM DEFAULT CHARSET=latin1 COLLATE=latin1_swedish_ci;

--
-- Dumping data for table `state_mas`
--

INSERT INTO `state_mas` (`state_id`, `state_nm`, `state_code`) VALUES
(1, 'Jammu & Kashmir', '01'),
(2, 'Himachal Pradesh', '02'),
(3, 'Punjab', '03'),
(4, 'Chandigarh', '04'),
(5, 'Uttarakhand', '05'),
(6, 'Haryana', '06'),
(7, 'Delhi', '07'),
(8, 'Rajasthan', '08'),
(9, 'Uttar Pradesh', '09'),
(10, 'Bihar', '10'),
(11, 'Sikkim', '11'),
(12, 'Arunachal Pradesh', '12'),
(13, 'Nagaland', '13'),
(14, 'Manipur', '14'),
(15, 'Mizoram', '15'),
(16, 'Tripura', '16'),
(17, 'Meghalaya', '17'),
(18, 'Assam', '18'),
(19, 'West Bengal', '19'),
(20, 'Jharkhand', '20'),
(21, 'Odisha', '21'),
(22, 'Chhattisgarh', '22'),
(23, 'Madhya Pradesh', '23'),
(24, 'Gujarat', '24'),
(25, 'Daman & Diu', '25'),
(26, 'Dadra & Nagar Haveli', '26'),
(27, 'Maharashtra', '27'),
(28, 'Karnataka', '29'),
(29, 'Goa', '30'),
(30, 'Lakshdweep', '31'),
(31, 'Kerala', '32'),
(32, 'Tamil Nadu', '33'),
(33, 'Pondicherry', '34'),
(34, 'Andaman & Nicobar Islands', '35'),
(35, 'Telengana', '36'),
(36, 'Andhra Pradesh', '37'),
(37, '- Other Territory', '98');

-- --------------------------------------------------------

--
-- Table structure for table `temp_mas`
--

DROP TABLE IF EXISTS `temp_mas`;
CREATE TABLE `temp_mas` (
  `temp_id` int(5) NOT NULL,
  `offer_nm` varchar(50) DEFAULT NULL,
  `offer_no` varchar(50) DEFAULT NULL,
  `offer_start_time` datetime DEFAULT NULL,
  `offer_end_time` datetime DEFAULT NULL,
  `knockdown_start` datetime DEFAULT NULL,
  `knockdown_end` datetime DEFAULT NULL,
  `location` varchar(50) DEFAULT NULL,
  `payment_type` varchar(25) DEFAULT NULL,
  `contract_type` varchar(25) DEFAULT NULL,
  `offer_srl_id` int(5) DEFAULT NULL,
  `lot` int(5) DEFAULT NULL,
  `garden` varchar(50) DEFAULT NULL,
  `grade` varchar(10) DEFAULT NULL,
  `invoice` varchar(20) NOT NULL,
  `gp_date` date NOT NULL,
  `chest` varchar(30) DEFAULT NULL,
  `net` decimal(2,0) DEFAULT NULL,
  `sold_pkgs` varchar(2) DEFAULT NULL,
  `valuation` decimal(10,2) DEFAULT NULL,
  `price` decimal(10,2) DEFAULT NULL,
  `msp` decimal(10,2) DEFAULT NULL,
  `tea_place` varchar(30) DEFAULT NULL,
  `sale_type` varchar(1) DEFAULT 'E',
  `frequently` int(5) DEFAULT NULL,
  `duration` varchar(3) DEFAULT NULL,
  `excel_path` text DEFAULT NULL
) ENGINE=InnoDB DEFAULT CHARSET=utf8mb4 COLLATE=utf8mb4_general_ci;

-- --------------------------------------------------------

--
-- Table structure for table `user_log`
--

DROP TABLE IF EXISTS `user_log`;
CREATE TABLE `user_log` (
  `ulog_id` int(5) NOT NULL,
  `orgn_id` int(5) DEFAULT 1,
  `uid` int(5) DEFAULT NULL,
  `ip_addr` varchar(15) DEFAULT NULL,
  `date_fr` datetime DEFAULT NULL,
  `date_to` datetime DEFAULT NULL
) ENGINE=InnoDB DEFAULT CHARSET=utf8mb4 COLLATE=utf8mb4_general_ci;

--
-- Dumping data for table `user_log`
--

INSERT INTO `user_log` (`ulog_id`, `orgn_id`, `uid`, `ip_addr`, `date_fr`, `date_to`) VALUES
(1, 1, 1, '::1', '2023-06-02 21:24:31', NULL),
(2, 1, 1, '::1', '2023-06-02 21:25:54', NULL),
(3, 1, 1, '::1', '2023-06-05 10:45:20', NULL),
(4, 1, 1, '::1', '2023-06-05 10:45:40', NULL),
(5, 1, 1, '::1', '2023-06-05 10:47:08', NULL),
(6, 1, 1, '::1', '2023-06-05 10:47:19', '2023-06-05 11:00:04'),
(7, 1, 1, '::1', '2023-06-05 14:37:49', '2023-06-05 14:44:50'),
(8, 1, 1, '::1', '2023-06-05 14:45:00', NULL),
(9, 1, 1, '::1', '2023-06-06 10:56:10', NULL),
(10, 1, 1, '::1', '2023-06-07 11:01:00', NULL),
(11, 1, 1, '::1', '2023-06-12 14:57:09', NULL),
(12, 1, 1, '::1', '2023-06-13 08:59:53', '2023-06-13 10:53:06'),
(13, 1, 1, '::1', '2023-06-13 10:53:16', NULL),
(14, 1, 1, '::1', '2023-06-13 12:26:25', '2023-06-13 18:21:27'),
(15, 1, 1, '::1', '2023-06-13 18:21:39', NULL),
(16, 1, 1, '::1', '2023-06-13 22:59:32', '2023-06-13 23:02:25'),
(17, 1, 1, '::1', '2023-06-14 10:13:46', '2023-06-14 16:39:46'),
(18, 1, 2, '::1', '2023-06-14 16:40:41', NULL),
(19, 1, 2, '::1', '2023-06-14 16:41:04', '2023-06-14 16:42:07'),
(20, 1, 1, '::1', '2023-06-14 16:42:20', '2023-06-14 16:42:32'),
(21, 1, 2, '::1', '2023-06-14 16:42:54', '2023-06-14 17:53:40'),
(22, 1, 2, '::1', '2023-06-14 17:54:08', NULL),
(23, 1, 2, '202.78.234.215', '2023-06-14 22:05:05', '2023-06-14 22:08:12'),
(24, 1, 2, '202.78.234.215', '2023-06-14 22:08:56', '2023-06-14 22:09:55'),
(25, 1, 1, '47.11.192.38', '2023-06-14 22:12:13', '2023-06-14 22:17:43'),
(26, 1, 2, '202.78.234.215', '2023-06-14 22:12:32', NULL),
(27, 1, 2, '47.11.7.42', '2023-06-15 10:08:29', '2023-06-15 10:26:43'),
(28, 1, 2, '47.11.25.100', '2023-06-15 10:27:19', NULL),
(29, 1, 2, '157.41.248.88', '2023-06-15 10:56:06', '2023-06-15 10:57:12'),
(30, 1, 2, '157.41.252.2', '2023-06-15 20:18:00', '2023-06-15 20:31:47'),
(31, 1, 2, '202.78.234.215', '2023-06-17 10:24:41', '2023-06-17 10:36:47'),
(32, 1, 2, '202.78.234.227', '2023-06-19 11:52:30', '2023-06-19 11:52:45'),
(33, 1, 1, '202.78.234.227', '2023-06-19 11:52:53', '2023-06-19 11:57:40'),
(34, 1, 5, '202.78.234.227', '2023-06-19 12:04:26', NULL),
(35, 1, 5, '202.78.234.227', '2023-06-19 12:05:37', '2023-06-19 12:05:47'),
(36, 1, 2, '202.78.234.227', '2023-06-19 12:10:55', '2023-06-19 12:12:55'),
(37, 1, 6, '49.37.45.66', '2023-06-19 14:49:00', NULL),
(38, 1, 6, '49.37.45.66', '2023-06-19 14:49:19', '2023-06-19 14:49:28'),
(39, 1, 1, '49.37.45.66', '2023-06-19 15:01:19', '2023-06-19 15:08:29'),
(40, 1, 5, '122.163.59.139', '2023-06-26 10:19:47', NULL),
(41, 1, 5, '122.176.26.116', '2023-07-04 10:57:18', NULL),
(42, 1, 1, '202.78.234.196', '2024-01-09 17:20:05', '2024-01-09 17:23:46'),
(43, 1, 7, '202.78.234.196', '2024-01-10 14:58:13', NULL),
(44, 1, 7, '202.78.234.196', '2024-01-10 14:58:50', '2024-01-10 14:59:07'),
(45, 1, 8, '122.163.105.50', '2024-01-11 11:42:07', NULL),
(46, 1, 8, '122.163.105.50', '2024-01-11 11:42:36', '2024-01-11 11:43:05'),
(47, 1, 1, '122.163.105.50', '2024-01-11 11:43:18', NULL),
(48, 1, 9, '103.50.83.208', '2024-01-29 11:21:29', '2024-01-29 11:26:42'),
(49, 1, 10, '49.37.44.229', '2024-01-29 11:55:55', '2024-01-29 11:57:05'),
(50, 1, 9, '103.50.83.208', '2024-01-29 11:56:36', '2024-01-29 12:17:00'),
(51, 1, 5, '49.37.44.229', '2024-01-29 11:57:16', '2024-01-29 12:07:29'),
(52, 1, 10, '49.37.44.229', '2024-01-29 12:03:52', '2024-01-29 12:19:18'),
(53, 1, 5, '49.37.44.229', '2024-01-29 12:07:35', '2024-01-29 12:11:47'),
(54, 1, 1, '103.50.83.208', '2024-01-29 12:17:09', '2024-01-29 12:19:47'),
(55, 1, 5, '122.176.26.116', '2024-01-30 12:36:42', '2024-01-30 13:27:04'),
(56, 1, 10, '122.176.26.116', '2024-01-30 12:54:59', NULL),
(57, 1, 8, '223.229.146.11', '2024-01-30 12:57:18', NULL),
(58, 1, 5, '122.176.26.116', '2024-01-30 13:35:15', '2024-01-30 14:23:15'),
(59, 1, 10, '122.176.26.116', '2024-01-30 13:51:46', '2024-01-30 13:54:02'),
(60, 1, 12, '122.176.26.116', '2024-01-30 13:54:40', '2024-01-30 14:30:56'),
(61, 1, 5, '122.176.26.116', '2024-01-30 14:25:21', '2024-01-30 14:30:40'),
(62, 1, 1, '202.78.234.185', '2024-01-31 22:39:36', NULL),
(63, 1, 1, '202.78.234.185', '2024-02-01 12:31:52', '2024-02-01 12:43:39'),
(64, 1, 18, '202.78.234.185', '2024-02-01 12:43:55', '2024-02-01 12:53:15'),
(65, 1, 10, '49.37.40.37', '2024-02-01 12:44:36', '2024-02-01 12:53:09'),
(66, 1, 18, '202.78.234.185', '2024-02-01 14:35:52', '2024-02-01 15:03:18'),
(67, 1, 10, '49.37.40.37', '2024-02-01 14:44:12', NULL),
(68, 1, 10, '49.37.40.37', '2024-02-01 14:46:35', '2024-02-01 14:49:26'),
(69, 1, 10, '49.37.40.37', '2024-02-01 14:49:44', '2024-02-01 15:01:44'),
(70, 1, 18, '202.78.234.185', '2024-02-01 18:17:36', '2024-02-01 18:22:35'),
(71, 1, 8, '223.229.146.11', '2024-02-01 19:14:18', '2024-02-01 19:18:01'),
(72, 1, 8, '223.229.146.11', '2024-02-01 19:18:04', '2024-02-01 19:35:05'),
(73, 1, 5, '223.229.146.11', '2024-02-01 19:35:20', NULL),
(74, 1, 18, '202.78.234.185', '2024-02-01 20:26:55', '2024-02-01 20:27:26'),
(75, 1, 5, '223.229.146.11', '2024-02-02 14:39:25', '2024-02-02 14:47:13'),
(76, 1, 8, '223.229.146.11', '2024-02-02 14:47:17', NULL),
(77, 1, 5, '223.229.146.11', '2024-02-02 14:56:05', NULL),
(78, 1, 1, '202.78.234.185', '2024-02-02 17:21:35', '2024-02-02 17:24:20'),
(79, 1, 18, '202.78.234.185', '2024-02-02 17:24:47', '2024-02-02 17:25:34'),
(80, 1, 1, '202.78.234.185', '2024-02-02 17:26:18', NULL),
(81, 1, 5, '223.229.146.11', '2024-02-02 17:52:36', NULL),
(82, 1, 1, '202.78.234.185', '2024-02-03 11:24:27', NULL),
(83, 1, 1, '202.78.234.185', '2024-02-03 11:24:28', '2024-02-03 11:27:21'),
(84, 1, 18, '202.78.234.185', '2024-02-03 11:27:44', '2024-02-03 11:34:24'),
(85, 1, 10, '49.37.42.139', '2024-02-03 11:30:25', '2024-02-03 11:33:01'),
(86, 1, 5, '49.37.42.139', '2024-02-03 11:33:10', '2024-02-03 11:33:40'),
(87, 1, 8, '122.176.26.116', '2024-02-05 11:58:03', NULL),
(88, 1, 1, '47.11.202.205', '2024-02-05 12:01:30', NULL),
(89, 1, 1, '47.11.202.205', '2024-02-05 12:01:31', '2024-02-05 12:14:30'),
(90, 1, 8, '152.58.181.216', '2024-02-05 12:19:40', '2024-02-05 13:07:22'),
(91, 1, 11, '110.224.108.80', '2024-02-05 12:19:51', NULL),
(92, 1, 8, '122.176.26.101', '2024-02-05 12:35:10', '2024-02-05 13:09:23'),
(93, 1, 12, '171.60.205.140', '2024-02-05 13:08:11', NULL),
(94, 1, 8, '122.176.26.101', '2024-02-05 13:10:11', NULL),
(95, 1, 12, '122.176.26.116', '2024-02-07 11:37:16', NULL),
(96, 1, 5, '223.235.125.222', '2024-02-09 11:56:35', NULL),
(97, 1, 8, '152.58.178.1', '2024-02-09 12:04:29', NULL),
(98, 1, 5, '122.176.26.101', '2024-02-09 12:06:00', '2024-02-09 12:22:37'),
(99, 1, 8, '122.176.26.101', '2024-02-09 12:22:59', '2024-02-09 12:39:18'),
(100, 1, 12, '223.191.48.166', '2024-02-09 13:39:49', NULL),
(101, 1, 12, '223.191.48.166', '2024-02-09 13:42:47', NULL),
(102, 1, 12, '122.176.26.116', '2024-02-09 13:45:12', NULL),
(103, 1, 5, '171.79.91.94', '2024-02-13 16:31:13', '2024-02-13 16:35:48'),
(104, 1, 8, '171.79.91.94', '2024-02-13 16:35:56', NULL),
(105, 1, 8, '223.226.79.106', '2024-02-27 13:08:52', '2024-02-27 13:09:10'),
(106, 1, 5, '49.37.47.6', '2024-03-05 14:16:53', '2024-03-05 14:18:07'),
(107, 1, 5, '122.176.26.101', '2024-03-05 14:20:17', '2024-03-05 14:22:23'),
(108, 1, 5, '122.176.26.101', '2024-03-11 10:10:13', NULL),
(109, 1, 5, '110.225.31.195', '2024-03-11 10:10:45', '2024-03-11 10:11:08'),
(110, 1, 19, '49.37.45.40', '2024-03-11 13:23:10', '2024-03-11 13:42:50'),
(111, 1, 5, '49.37.45.40', '2024-03-11 13:24:07', '2024-03-11 13:35:33'),
(112, 1, 6, '49.37.45.40', '2024-03-11 13:35:47', '2024-03-11 13:37:46'),
(113, 1, 5, '110.225.31.195', '2024-03-11 14:46:56', NULL),
(114, 1, 5, '110.225.31.195', '2024-03-12 10:52:40', NULL),
(115, 1, 5, '122.176.26.101', '2024-03-15 17:07:54', NULL),
(116, 1, 5, '110.225.31.195', '2024-03-18 12:13:23', NULL),
(117, 1, 5, '110.225.31.195', '2024-03-21 11:03:21', NULL),
(118, 1, 5, '110.225.31.195', '2024-03-21 15:34:02', NULL),
(119, 1, 5, '110.225.31.195', '2024-03-21 17:02:13', '2024-03-21 17:02:41'),
(120, 1, 5, '110.225.31.195', '2024-03-22 09:39:04', '2024-03-22 09:39:41'),
(121, 1, 5, '110.225.31.195', '2024-03-22 11:04:42', NULL),
(122, 1, 5, '110.225.31.195', '2024-03-22 17:15:15', '2024-03-22 17:16:16'),
(123, 1, 5, '110.225.31.195', '2024-03-26 09:33:19', NULL),
(124, 1, 20, '157.119.107.210', '2024-03-26 16:27:18', '2024-03-26 16:30:09'),
(125, 1, 20, '157.119.107.210', '2024-03-26 16:32:08', '2024-03-26 16:33:20'),
(126, 1, 5, '110.225.31.195', '2024-04-01 10:14:18', NULL),
(127, 1, 5, '110.225.31.195', '2024-04-01 12:15:40', NULL),
(128, 1, 5, '110.225.31.195', '2024-04-01 14:46:50', NULL),
(129, 1, 5, '110.225.31.195', '2024-04-01 17:12:57', NULL),
(130, 1, 5, '122.176.26.101', '2024-04-02 09:29:16', NULL),
(131, 1, 5, '110.225.31.195', '2024-04-02 12:45:26', NULL),
(132, 1, 22, '103.86.19.153', '2024-04-02 18:25:15', NULL),
(133, 1, 5, '110.225.31.195', '2024-04-03 10:11:01', NULL),
(134, 1, 5, '110.225.31.195', '2024-04-03 16:09:01', NULL),
(135, 1, 5, '110.225.31.195', '2024-04-04 09:26:56', NULL),
(136, 1, 5, '122.176.26.101', '2024-04-04 11:26:34', NULL),
(137, 1, 5, '110.225.31.195', '2024-04-04 16:47:36', NULL),
(138, 1, 24, '157.45.85.138', '2024-04-04 16:51:09', '2024-04-04 16:52:54'),
(139, 1, 5, '110.225.31.195', '2024-04-08 09:33:05', NULL),
(140, 1, 25, '122.173.75.114', '2024-04-08 12:55:44', NULL),
(141, 1, 5, '110.225.31.195', '2024-04-08 13:34:43', NULL),
(142, 1, 5, '110.225.31.195', '2024-04-08 14:32:22', NULL),
(143, 1, 5, '110.225.31.195', '2024-04-08 16:00:51', NULL),
(144, 1, 5, '110.225.31.195', '2024-04-08 16:50:40', NULL),
(145, 1, 5, '110.225.31.195', '2024-04-09 09:37:31', NULL),
(146, 1, 5, '110.225.31.195', '2024-04-09 13:35:47', NULL),
(147, 1, 5, '110.225.31.195', '2024-04-09 15:30:19', NULL),
(148, 1, 5, '110.225.31.195', '2024-04-09 16:20:36', '2024-04-09 16:57:35'),
(149, 1, 5, '110.225.31.195', '2024-04-09 18:06:30', '2024-04-09 18:08:39'),
(150, 1, 5, '110.225.31.195', '2024-04-10 09:30:01', NULL),
(151, 1, 5, '106.213.4.241', '2024-04-15 16:59:01', '2024-04-15 17:06:18'),
(152, 1, 26, '103.89.170.173', '2024-04-15 17:04:16', NULL),
(153, 1, 29, '106.213.4.241', '2024-04-15 17:54:32', '2024-04-15 17:55:17'),
(154, 1, 5, '106.213.4.241', '2024-04-15 17:59:49', NULL),
(155, 1, 31, '106.213.4.241', '2024-04-15 18:01:02', NULL),
(156, 1, 31, '106.213.4.241', '2024-04-15 18:05:33', NULL),
(157, 1, 32, '106.213.4.241', '2024-04-15 18:20:17', NULL),
(158, 1, 8, '106.213.4.241', '2024-04-16 11:01:58', '2024-04-16 11:02:18'),
(159, 1, 5, '106.213.4.241', '2024-04-16 11:02:30', NULL),
(160, 1, 29, '106.213.4.241', '2024-04-16 14:59:39', NULL),
(161, 1, 5, '106.213.4.241', '2024-04-16 15:07:22', '2024-04-16 15:10:43'),
(162, 1, 27, '106.213.4.241', '2024-04-16 15:11:12', '2024-04-16 15:11:26'),
(163, 1, 5, '106.213.4.241', '2024-04-16 15:13:06', '2024-04-16 15:45:33'),
(164, 1, 34, '106.213.4.241', '2024-04-16 15:13:41', NULL),
(165, 1, 11, '106.213.4.241', '2024-04-16 15:14:00', NULL),
(166, 1, 5, '106.213.4.241', '2024-04-16 15:20:38', NULL),
(167, 1, 27, '106.213.4.241', '2024-04-16 15:45:48', '2024-04-16 15:46:16'),
(168, 1, 11, '106.213.4.241', '2024-04-16 15:46:03', '2024-04-16 16:14:51'),
(169, 1, 5, '106.213.4.241', '2024-04-16 16:13:06', '2024-04-16 16:14:25'),
(170, 1, 27, '106.213.4.241', '2024-04-16 16:14:36', '2024-04-16 16:14:44'),
(171, 1, 11, '106.213.4.241', '2024-04-16 16:14:54', NULL),
(172, 1, 31, '106.213.4.241', '2024-04-16 16:20:59', NULL),
(173, 1, 34, '106.213.4.241', '2024-04-16 16:21:25', NULL),
(174, 1, 27, '106.213.4.241', '2024-04-16 16:31:12', '2024-04-16 16:49:06'),
(175, 1, 5, '106.213.4.241', '2024-04-16 16:49:13', '2024-04-16 16:51:10'),
(176, 1, 27, '106.213.4.241', '2024-04-16 16:51:27', NULL),
(177, 1, 34, '106.213.4.241', '2024-04-16 17:10:50', '2024-04-16 17:38:53'),
(178, 1, 27, '106.213.4.241', '2024-04-16 17:44:37', NULL),
(179, 1, 35, '::1', '2024-04-19 11:24:57', '2024-04-19 11:34:09'),
(180, 1, 1, '::1', '2024-04-19 11:34:26', '2024-04-19 13:04:54'),
(181, 1, 35, '::1', '2024-04-19 13:05:13', '2024-04-19 15:42:00'),
(182, 1, 1, '::1', '2024-04-19 15:42:09', '2024-04-19 18:09:09'),
(183, 1, 35, '::1', '2024-04-19 18:09:44', NULL);

-- --------------------------------------------------------

--
-- Table structure for table `user_mas`
--

DROP TABLE IF EXISTS `user_mas`;
CREATE TABLE `user_mas` (
  `uid` int(5) NOT NULL,
  `user_id` varchar(100) DEFAULT NULL,
  `user_name` varchar(50) DEFAULT NULL,
  `password` text DEFAULT NULL,
  `cell_no` varchar(10) DEFAULT NULL,
  `status` varchar(1) DEFAULT 'A',
  `user_type` varchar(1) DEFAULT 'B',
  `page_assign` text DEFAULT NULL,
  `token` text DEFAULT NULL,
  `otp_req` varchar(1) DEFAULT 'N',
  `otp` varchar(4) DEFAULT NULL,
  `mail_req` varchar(1) DEFAULT 'N',
  `mail_otp` varchar(4) DEFAULT NULL,
  `orgn_id` int(5) DEFAULT 1,
  `bidder_id` int(5) DEFAULT NULL
) ENGINE=InnoDB DEFAULT CHARSET=utf8mb4 COLLATE=utf8mb4_general_ci;

--
-- Dumping data for table `user_mas`
--

INSERT INTO `user_mas` (`uid`, `user_id`, `user_name`, `password`, `cell_no`, `status`, `user_type`, `page_assign`, `token`, `otp_req`, `otp`, `mail_req`, `mail_otp`, `orgn_id`, `bidder_id`) VALUES
(1, 'info', 'Developer Team', '$2y$10$MTfD2UT9yfgZFzJzslt4Z.2N.5AZyG9awOglvYM9OezHONWU/eH/q', NULL, 'A', 'A', NULL, NULL, 'N', NULL, 'N', NULL, 1, 0),
(3, 'suraji', 'SU', '$2y$10$dS.lp7ikUPBdDPs6SbSTzOHALhQgas8ZwJMv9JB9TrnRlK2k5RP2e', '9051530165', 'A', 'B', '2,9', NULL, 'N', NULL, 'N', NULL, NULL, 0),
(5, 'admin', 'System Administrator', '$2y$10$MTfD2UT9yfgZFzJzslt4Z.2N.5AZyG9awOglvYM9OezHONWU/eH/q', NULL, 'A', 'A', NULL, NULL, 'N', NULL, 'N', NULL, 1, NULL),
(6, 'amitava.barat@gmail.com', 'AMITABHA BARAT', '$2y$10$lJJcgJkYi9L8qLEPL9Eyjuxy3UoMbRDrkj7pcWUaq3GCOwBjA6VIu', '9830076207', 'A', 'B', '2,9', NULL, 'N', NULL, 'N', NULL, 1, 3),
(8, 'jaiswalaakash2020@gmail.com', 'DUMMY', '$2y$10$O3sXam68Q6TkDn0aZ9qccOrWl4gE6QZggok5o8vTcnmZtxzGIpTTG', '9903194887', 'A', 'B', '2,9', NULL, 'N', NULL, 'N', NULL, 1, 5),
(10, 'amitabha@infotechsystems.in', 'AMITABHA', '$2y$10$gO.leWrArVC5ctK76PYw1.K5E/ydid8amhzloVAwCo7MJdU1i07wy', '9433764700', 'A', 'B', '2,9', NULL, 'N', NULL, 'N', NULL, 1, 7),
(11, 'rahulltiwarii0@gmail.com', 'DEMO CO', '$2y$10$qvIpZSK7r.FunINm5McSEepvTPuamf/3CX6/P/Q182yr86b/g8AEa', '9007363351', 'A', 'B', '2,9', 'a787aee11a999e81d7295a48bb9fbd9c', 'N', NULL, 'N', NULL, 1, 8),
(12, 'debajit.nag@andrewyule.com', 'ABCD', '$2y$10$9hhafZe2OvvWjh6fT5E3GeH1II6pV3mR8SSOGiJg5ymEq/2n4Iokq', '9051844469', 'A', 'B', '2,9', 'c09b95aae58892592c3267c5f80afd1c', 'N', NULL, 'N', NULL, 1, 9),
(18, 'surajit@infotechsystems.in', 'SURAJIT MONDAL', '$2y$10$Yxv5pTf9l7VjO6h7ruHECOqBbpGOf59zj89BllPETfv/zw7fOm8t6', '9051530165', 'A', 'B', '2,9', NULL, 'N', NULL, 'N', NULL, 1, 15),
(19, 'contact@infotechsystems.in', 'SURAJIT MONDAL', '$2y$10$ASe.Zv6WW/JKO24S1dJiyeGA1cWq9VIUJ6HB.H0V1NelCKpWeg/0W', '9830076207', 'A', 'B', '2,9', NULL, 'N', NULL, 'N', NULL, 1, 16),
(20, 'manojmanna@sumranagro.com', 'MANOJ MANNA', '$2y$10$0P3fhWzsTs0vSlckFW0zf.FZOx/spLgaypZoLtRl/LvSbcBvW.fC6', '9874456712', 'A', 'B', '2,9', NULL, 'N', NULL, 'N', NULL, 1, 17),
(21, 'dwarkadas07@yahoo.com', 'MOHIT JUTHANI', '$2y$10$oj/I2XxptFTu6Gc8WuyvE.YhiFpa8.E2zsExZZQxzkJbAkaxWXVpW', '7022312555', 'A', 'B', '2,9', NULL, 'N', NULL, 'N', NULL, 1, 18),
(22, 'info@morakhiagroup.com', 'GAURAV SHAH', '$2y$10$44/NyZnOKLgjz/NQjVpx.eymtffF0mYoKq0IaE6sWKEVZdMwiA7xW', '9428372730', 'A', 'B', '2,9', '4084be2c87a42ba01de80bd8e7690d29', 'N', NULL, 'N', NULL, 1, 19),
(23, 'pratik@pjshah.in', 'NEHAL SHAH', '$2y$10$WgjVVLe7aGn37vX/aJnGFOr2sexrqlKhIc1REdu4dH5Sog8ojHF86', '9836922240', 'A', 'B', '2,9', NULL, 'N', NULL, 'N', NULL, 1, 20),
(24, 'dundeshdhang83@gmail.com', 'DUNDESH DHANG', '$2y$10$eqq09qISTHNvLr.B32BH..Kk5ayzrY1u4WKFPOTAWIjj4dI1byVb.', '9448111189', 'A', 'B', '2,9', NULL, 'N', NULL, 'N', NULL, 1, 21),
(25, 'rakeshbhagat@newteaco.com', 'RAKESH BHAGAT', '$2y$10$nJaicT/hREDqlkTqnAWSz.tkHZOLFId6qavTixM0L0wghVQOhxBfK', '9825039733', 'A', 'B', '2,9', 'f988747db96f2cb43b77443e7d33ca3b', 'N', NULL, 'N', NULL, 1, 22),
(26, 'VIKASHTEA@YAHOO.IN', 'VIKAS SINGAL', '$2y$10$aFht01XWmq4vzCbZ9j4kpeP.51vIH58Vlo0wU1SRcKWO06AQ8ErtC', '9832190888', 'A', 'B', '2,9', 'b5f7b4806b353da7bff528291167cbc6', 'N', NULL, 'N', NULL, 1, 23),
(27, 'udeshyakmr@gmail.com', 'DUMMY_UDESHYA', '$2y$10$xoti3EEOwulo1XnjzJ.sy.m3Y93/IlTCxT2s6IiKpONpGhXtdyHoW', '7351766705', 'A', 'B', '2,9', '66b65940ef3649d175dc18666c17151c', 'N', NULL, 'N', NULL, 1, 24),
(28, 'ksubhatirtha@gmail.com', 'SUBHATIRTHA KAR', '$2y$10$G.bxESjY5xGnBzxuWnSnyeYLPPvreWRGcppB3WpMeHqC7o9AmGUUm', '7449782411', 'A', 'B', '2,9', NULL, 'N', NULL, 'N', NULL, 1, 25),
(29, 'praveen.kothari@andrewyule.com', 'PRAVEEN', '$2y$10$rwwKRVxopJyPanOkoXUmceT/P3aarWqdSTC4bbO2jhcu5iwPjrwRy', '8240112945', 'A', 'B', '2,9', '1552bc42f61e130b729153a7834b6452', 'N', NULL, 'N', NULL, 1, 26),
(30, 'souvikguin06@gmail.com', 'SOUVIK', '$2y$10$aRdT7gr2KcToKU3ieaJfbO6CWZ./pupub7OwJkMnCucWyGcJDwXJ2', '7687044580', 'A', 'B', '2,9', NULL, 'N', NULL, 'N', NULL, 1, 27),
(31, 'rnp@andrewyule.com', 'TEATEA', '$2y$10$LpDF14j.lzUQCv25D0uWQOsJAoKUPOs5Qe//xvQ1Eeu2ukhqb/8u.', '9003183790', 'A', 'B', '2,9', '83d7da1f36424bc0a76b3a750a40b62a', 'N', NULL, 'N', NULL, 1, 28),
(32, 'shantanu.boral@andrewyule.com', 'SHANTANU BORAL', '$2y$10$UGHjN8zGLTE5q8KcO2DV7.V1/15lK8qoWdrQMdtY4FTGtODHl2VlO', '9831310812', 'A', 'B', '2,9', '1c0d61c626c5facd1ed4d9a1ce28cff9', 'N', NULL, 'N', NULL, 1, 29),
(33, 'shubhankar.chakraborty@andrewyule.com', 'SHUBHANKAR CHAKRABORTY', '$2y$10$f5DbLYH6g12cY5q9y6a.rOHRHYUPLsqyMx1JHtXQ8moyJJUp5tH3C', '8638740044', 'A', 'B', '2,9', NULL, 'N', NULL, 'N', NULL, 1, 30),
(34, 'subhodipdutta003@gmail.com', 'SUBHODIP DUTTA', '$2y$10$Dqum5Gi/lgebdovQ4NyXB.mTDqXHQQwh1sa4.b6LAgINZbttEBX6W', '8420383106', 'A', 'B', '2,9', NULL, 'N', NULL, 'N', NULL, 1, 31),
(35, 'sdg@gmail.com', 'SURAJIT', '$2y$10$nfTcGdsWQ2Ahw7d5zUpiue4UQlLhh8wIcXw6/L0wYEZ.zeWjZZjfe', '2111525215', 'A', 'B', '2,9', '1a743889d5f0177f2ae7644e47d21fc7', 'N', NULL, 'N', NULL, 1, NULL);

-- --------------------------------------------------------

--
-- Table structure for table `user_type_mas`
--

DROP TABLE IF EXISTS `user_type_mas`;
CREATE TABLE `user_type_mas` (
  `user_type_id` int(5) NOT NULL,
  `user_type` varchar(1) DEFAULT 'B',
  `user_type_desc` varchar(15) DEFAULT NULL,
  `assigned_page` text DEFAULT NULL
) ENGINE=InnoDB DEFAULT CHARSET=utf8mb4 COLLATE=utf8mb4_general_ci;

--
-- Dumping data for table `user_type_mas`
--

INSERT INTO `user_type_mas` (`user_type_id`, `user_type`, `user_type_desc`, `assigned_page`) VALUES
(1, 'B', 'Bidder', '2,9');

--
-- Indexes for dumped tables
--

--
-- Indexes for table `auction_dtl`
--
ALTER TABLE `auction_dtl`
  ADD PRIMARY KEY (`acd_id`),
  ADD KEY `auc_id` (`auc_id`),
  ADD KEY `bidder_id` (`bidder_id`),
  ADD KEY `jap_id` (`jap_id`);

--
-- Indexes for table `auction_mas`
--
ALTER TABLE `auction_mas`
  ADD PRIMARY KEY (`auc_id`),
  ADD KEY `offer_id` (`offer_nm`),
  ADD KEY `knockdown_start` (`knockdown_start`),
  ADD KEY `knockdown_end` (`knockdown_end`);

--
-- Indexes for table `auc_bid_dtl`
--
ALTER TABLE `auc_bid_dtl`
  ADD PRIMARY KEY (`abd_id`),
  ADD KEY `auc_id` (`auc_id`),
  ADD KEY `acd_id` (`acd_id`),
  ADD KEY `bidder_id` (`bidder_id`);

--
-- Indexes for table `autobid_mas`
--
ALTER TABLE `autobid_mas`
  ADD PRIMARY KEY (`auto_id`),
  ADD KEY `bidder_id` (`bidder_id`),
  ADD KEY `auc_id` (`auc_id`),
  ADD KEY `acd_id` (`acd_id`);

--
-- Indexes for table `bidder_mas`
--
ALTER TABLE `bidder_mas`
  ADD PRIMARY KEY (`bidder_id`),
  ADD KEY `bidder_type` (`bidder_type`),
  ADD KEY `uid` (`uid`);

--
-- Indexes for table `contract_type_mas`
--
ALTER TABLE `contract_type_mas`
  ADD PRIMARY KEY (`ct_id`);

--
-- Indexes for table `file_send_mas`
--
ALTER TABLE `file_send_mas`
  ADD PRIMARY KEY (`send_id`),
  ADD KEY `auc_id` (`auc_id`),
  ADD KEY `status` (`status`);

--
-- Indexes for table `final_auction_dtl`
--
ALTER TABLE `final_auction_dtl`
  ADD PRIMARY KEY (`fad_id`),
  ADD KEY `auc_id` (`auc_id`),
  ADD KEY `acd_id` (`acd_id`),
  ADD KEY `bidder_id` (`bidder_id`);

--
-- Indexes for table `fin_auc_bid_dtl`
--
ALTER TABLE `fin_auc_bid_dtl`
  ADD PRIMARY KEY (`fabd_id`),
  ADD KEY `abd_id` (`abd_id`),
  ADD KEY `auc_id` (`auc_id`),
  ADD KEY `acd_id` (`acd_id`),
  ADD KEY `bidder_id` (`bidder_id`);

--
-- Indexes for table `garden_mas`
--
ALTER TABLE `garden_mas`
  ADD PRIMARY KEY (`garden_id`);

--
-- Indexes for table `grade_mas`
--
ALTER TABLE `grade_mas`
  ADD PRIMARY KEY (`grade_id`);

--
-- Indexes for table `japanese_mas`
--
ALTER TABLE `japanese_mas`
  ADD PRIMARY KEY (`jap_id`),
  ADD KEY `auc_id` (`auc_id`),
  ADD KEY `jap_end` (`jap_end`),
  ADD KEY `jap_start` (`jap_start`),
  ADD KEY `jap_dt` (`jap_dt`);

--
-- Indexes for table `location_mas`
--
ALTER TABLE `location_mas`
  ADD PRIMARY KEY (`loc_id`);

--
-- Indexes for table `mailer_mas`
--
ALTER TABLE `mailer_mas`
  ADD PRIMARY KEY (`mid`);

--
-- Indexes for table `menu_mas`
--
ALTER TABLE `menu_mas`
  ADD PRIMARY KEY (`menu_id`);

--
-- Indexes for table `offer_mas`
--
ALTER TABLE `offer_mas`
  ADD PRIMARY KEY (`offer_id`);

--
-- Indexes for table `offer_srl_mas`
--
ALTER TABLE `offer_srl_mas`
  ADD PRIMARY KEY (`offer_id`);

--
-- Indexes for table `orgn_mas`
--
ALTER TABLE `orgn_mas`
  ADD PRIMARY KEY (`orgn_id`);

--
-- Indexes for table `payment_type_mas`
--
ALTER TABLE `payment_type_mas`
  ADD PRIMARY KEY (`pt_id`);

--
-- Indexes for table `reg_otp_mas`
--
ALTER TABLE `reg_otp_mas`
  ADD PRIMARY KEY (`otp_id`),
  ADD KEY `email_id` (`email_id`),
  ADD KEY `otp` (`otp`),
  ADD KEY `mobile_no` (`mobile_no`),
  ADD KEY `motp` (`motp`);

--
-- Indexes for table `soft_mas`
--
ALTER TABLE `soft_mas`
  ADD PRIMARY KEY (`soft_id`);

--
-- Indexes for table `state_mas`
--
ALTER TABLE `state_mas`
  ADD PRIMARY KEY (`state_id`);

--
-- Indexes for table `temp_mas`
--
ALTER TABLE `temp_mas`
  ADD PRIMARY KEY (`temp_id`);

--
-- Indexes for table `user_log`
--
ALTER TABLE `user_log`
  ADD PRIMARY KEY (`ulog_id`),
  ADD KEY `uid` (`uid`),
  ADD KEY `date_fr` (`date_fr`);

--
-- Indexes for table `user_mas`
--
ALTER TABLE `user_mas`
  ADD PRIMARY KEY (`uid`),
  ADD KEY `user_id` (`user_id`),
  ADD KEY `orgn_id` (`orgn_id`),
  ADD KEY `bidder_id` (`bidder_id`);

--
-- Indexes for table `user_type_mas`
--
ALTER TABLE `user_type_mas`
  ADD PRIMARY KEY (`user_type_id`);

--
-- AUTO_INCREMENT for dumped tables
--

--
-- AUTO_INCREMENT for table `auction_dtl`
--
ALTER TABLE `auction_dtl`
  MODIFY `acd_id` int(5) NOT NULL AUTO_INCREMENT, AUTO_INCREMENT=1421;

--
-- AUTO_INCREMENT for table `auction_mas`
--
ALTER TABLE `auction_mas`
  MODIFY `auc_id` int(5) NOT NULL AUTO_INCREMENT, AUTO_INCREMENT=11;

--
-- AUTO_INCREMENT for table `auc_bid_dtl`
--
ALTER TABLE `auc_bid_dtl`
  MODIFY `abd_id` int(5) NOT NULL AUTO_INCREMENT, AUTO_INCREMENT=230;

--
-- AUTO_INCREMENT for table `autobid_mas`
--
ALTER TABLE `autobid_mas`
  MODIFY `auto_id` int(5) NOT NULL AUTO_INCREMENT, AUTO_INCREMENT=3;

--
-- AUTO_INCREMENT for table `bidder_mas`
--
ALTER TABLE `bidder_mas`
  MODIFY `bidder_id` int(5) NOT NULL AUTO_INCREMENT, AUTO_INCREMENT=35;

--
-- AUTO_INCREMENT for table `contract_type_mas`
--
ALTER TABLE `contract_type_mas`
  MODIFY `ct_id` int(5) NOT NULL AUTO_INCREMENT, AUTO_INCREMENT=4;

--
-- AUTO_INCREMENT for table `file_send_mas`
--
ALTER TABLE `file_send_mas`
  MODIFY `send_id` int(5) NOT NULL AUTO_INCREMENT, AUTO_INCREMENT=17;

--
-- AUTO_INCREMENT for table `final_auction_dtl`
--
ALTER TABLE `final_auction_dtl`
  MODIFY `fad_id` int(5) NOT NULL AUTO_INCREMENT, AUTO_INCREMENT=4;

--
-- AUTO_INCREMENT for table `fin_auc_bid_dtl`
--
ALTER TABLE `fin_auc_bid_dtl`
  MODIFY `fabd_id` int(5) NOT NULL AUTO_INCREMENT, AUTO_INCREMENT=4;

--
-- AUTO_INCREMENT for table `garden_mas`
--
ALTER TABLE `garden_mas`
  MODIFY `garden_id` int(5) NOT NULL AUTO_INCREMENT, AUTO_INCREMENT=480;

--
-- AUTO_INCREMENT for table `grade_mas`
--
ALTER TABLE `grade_mas`
  MODIFY `grade_id` int(5) NOT NULL AUTO_INCREMENT, AUTO_INCREMENT=56;

--
-- AUTO_INCREMENT for table `japanese_mas`
--
ALTER TABLE `japanese_mas`
  MODIFY `jap_id` int(5) NOT NULL AUTO_INCREMENT, AUTO_INCREMENT=7;

--
-- AUTO_INCREMENT for table `location_mas`
--
ALTER TABLE `location_mas`
  MODIFY `loc_id` int(5) NOT NULL AUTO_INCREMENT, AUTO_INCREMENT=5;

--
-- AUTO_INCREMENT for table `mailer_mas`
--
ALTER TABLE `mailer_mas`
  MODIFY `mid` int(5) NOT NULL AUTO_INCREMENT, AUTO_INCREMENT=2;

--
-- AUTO_INCREMENT for table `menu_mas`
--
ALTER TABLE `menu_mas`
  MODIFY `menu_id` int(4) NOT NULL AUTO_INCREMENT, AUTO_INCREMENT=13;

--
-- AUTO_INCREMENT for table `offer_mas`
--
ALTER TABLE `offer_mas`
  MODIFY `offer_id` int(5) NOT NULL AUTO_INCREMENT, AUTO_INCREMENT=2;

--
-- AUTO_INCREMENT for table `offer_srl_mas`
--
ALTER TABLE `offer_srl_mas`
  MODIFY `offer_id` int(5) NOT NULL AUTO_INCREMENT, AUTO_INCREMENT=4;

--
-- AUTO_INCREMENT for table `orgn_mas`
--
ALTER TABLE `orgn_mas`
  MODIFY `orgn_id` int(5) NOT NULL AUTO_INCREMENT, AUTO_INCREMENT=2;

--
-- AUTO_INCREMENT for table `payment_type_mas`
--
ALTER TABLE `payment_type_mas`
  MODIFY `pt_id` int(5) NOT NULL AUTO_INCREMENT, AUTO_INCREMENT=3;

--
-- AUTO_INCREMENT for table `reg_otp_mas`
--
ALTER TABLE `reg_otp_mas`
  MODIFY `otp_id` int(5) NOT NULL AUTO_INCREMENT, AUTO_INCREMENT=74;

--
-- AUTO_INCREMENT for table `soft_mas`
--
ALTER TABLE `soft_mas`
  MODIFY `soft_id` int(5) NOT NULL AUTO_INCREMENT, AUTO_INCREMENT=2;

--
-- AUTO_INCREMENT for table `state_mas`
--
ALTER TABLE `state_mas`
  MODIFY `state_id` int(5) NOT NULL AUTO_INCREMENT, AUTO_INCREMENT=38;

--
-- AUTO_INCREMENT for table `temp_mas`
--
ALTER TABLE `temp_mas`
  MODIFY `temp_id` int(5) NOT NULL AUTO_INCREMENT;

--
-- AUTO_INCREMENT for table `user_log`
--
ALTER TABLE `user_log`
  MODIFY `ulog_id` int(5) NOT NULL AUTO_INCREMENT, AUTO_INCREMENT=184;

--
-- AUTO_INCREMENT for table `user_mas`
--
ALTER TABLE `user_mas`
  MODIFY `uid` int(5) NOT NULL AUTO_INCREMENT, AUTO_INCREMENT=36;

--
-- AUTO_INCREMENT for table `user_type_mas`
--
ALTER TABLE `user_type_mas`
  MODIFY `user_type_id` int(5) NOT NULL AUTO_INCREMENT, AUTO_INCREMENT=2;
COMMIT;

/*!40101 SET CHARACTER_SET_CLIENT=@OLD_CHARACTER_SET_CLIENT */;
/*!40101 SET CHARACTER_SET_RESULTS=@OLD_CHARACTER_SET_RESULTS */;
/*!40101 SET COLLATION_CONNECTION=@OLD_COLLATION_CONNECTION */;
